user_proposed_budget,location,season,duration_days,group_size,trip_type,distance_km,hotel_quality,rating_1_5,review_polarity,weather_score,time_flexibility,has_paid_activities,paid_activities_count,avg_activity_cost,has_paid_visits,paid_visits_count,avg_visit_cost,ambiguity_level,budget_usd,accept_recommendation
17463.17920638406,7,4,13,15,3,478.8300501500231,5,3.312037280884873,0.15599452033620265,0.4348501673009197,0.7929409166199481,1,3,18.166541402924956,1,4,15.851850671045552,0.4666666666666667,9230.19314570471,-1.0
30306.459137688416,5,1,12,12,1,210.17602710892305,3,3.799721943430511,0.04666566321361543,0.9842533113048755,0.28621707234424343,0,0,0.0,1,4,27.125781169385196,0.26666666666666666,8958.762034205702,1.0
3951.3363050899447,3,1,3,7,5,297.77458858324866,2,4.897771074506666,0.9656320330745594,0.8850384088698766,0.34369101533869656,0,0,0.0,1,7,22.745969824379163,0.4666666666666667,1152.9370960472897,1.0
14146.914056616564,8,3,3,14,1,192.32898988000932,4,3.623422152178822,0.5200680211778108,0.7280261676059678,0.24788356442042164,1,2,25.171534002864096,1,4,16.016250797233628,0.4,3357.821220502289,1.0
9534.93717063185,8,2,7,8,5,263.7725093292151,2,4.0793842647781595,0.5867511656638482,0.9791531843584828,0.5856273981493477,1,5,28.792928899663902,0,0,0.0,0.3333333333333333,2178.4407186841895,1.0
9654.436147295444,8,1,12,8,3,159.36332224884285,3,4.580351081062411,0.6059599747810114,0.9557805271080094,0.6208616204015556,1,1,26.954720516486475,1,7,14.247381636882809,0.5333333333333333,3563.2299876584807,1.0
2630.7660332329347,3,4,8,3,1,260.6097811145844,3,4.521570097233795,0.5612771975694962,0.8625803079727365,0.49503647709151266,1,2,28.61572733813326,0,0,0.0,0.13333333333333333,1335.9557004195947,-1.0
2436.813086840094,7,1,4,4,5,187.11072603188123,5,4.079682182603346,0.2030612247347694,0.9657121423347886,0.5790923731908288,1,4,26.340137643133833,1,1,11.357965604350893,0.3333333333333333,801.4601022062776,1.0
19427.862372257296,4,2,14,11,2,117.14837508537035,1,3.6360069499437278,0.11005192452767676,0.536761097525165,0.4416862309010051,1,1,35.522879021997724,0,0,0.0,0.06666666666666667,6003.841382860974,1.0
6216.279605888098,5,1,3,10,4,184.2690372362758,3,3.6464058640415105,0.5187906217433661,0.8218113753371068,0.39090368190343516,1,4,40.40213823082316,1,3,24.82390686242247,0.4666666666666667,2383.727380970063,-1.0
1264.7503977444055,1,3,1,2,2,276.0703573250272,5,3.690142496053366,0.6343513447013638,0.80842327093286,0.5247476666537091,1,4,34.7441761648954,1,1,27.331949320764913,0.3333333333333333,449.0004042636217,1.0
9079.030059018363,4,2,6,11,1,132.89464918098622,3,3.3730370207997087,0.040775141554763916,0.754535765912945,0.642051489473826,0,0,0.0,1,3,21.719556448404028,0.2,4257.728131691543,-1.0
5277.007145249274,9,1,8,7,2,510.74055824903036,3,3.682132702100517,0.11347352124058907,0.9548161709671377,0.8018714827047848,1,4,20.951191268166486,1,4,14.620770053252757,0.5333333333333333,2111.252324237631,1.0
27874.34784018286,5,1,11,9,1,242.0652660369635,3,4.7126485837561845,0.4045081271221901,0.9326620592565759,0.7807427590140102,1,4,52.12026997450579,1,3,25.594281191319617,0.4666666666666667,6544.60107412852,1.0
4672.663200156306,9,1,2,14,2,317.0875644724246,3,4.3039225190052015,0.22426930946055978,0.8273075328085215,0.2897992699974401,1,4,22.79603108931646,1,3,15.360361356363946,0.4666666666666667,1406.523043194922,1.0
12238.701980230388,11,3,6,14,5,317.7081841277003,3,3.8687887310208575,0.3500784076946757,0.7870620172183389,0.6351392477304797,1,4,31.470232844647246,1,3,19.201889131813083,0.4666666666666667,6119.713568392021,-1.0
4623.730613492667,5,2,3,9,5,560.5752094232489,1,4.105529933670979,0.5722924691708383,0.9881989502296274,0.1602770048049026,1,1,41.661667356987664,0,0,0.0,0.06666666666666667,1404.0495584319515,1.0
6222.906733299568,6,2,3,8,2,388.2539746845434,2,3.5083272981394775,0.29529058841893874,0.5935304585431603,0.7789358359397396,0,0,0.0,1,7,21.210252032705966,0.4666666666666667,1583.6019931452379,1.0
9858.822214301346,3,2,9,13,4,331.23831937351576,1,4.255788829897272,0.19427395351204224,0.4425645501999566,0.4174270617711108,0,0,0.0,1,7,20.137767974317473,0.4666666666666667,4635.4440216562125,-1.0
37163.02688404047,7,3,6,19,1,135.2728892002593,5,4.677867004138727,0.8604046183116753,0.5501508163095185,0.13106778754353857,1,3,19.123839155800415,1,5,12.253705364538671,0.5333333333333333,8597.70712918145,1.0
5377.822341367463,7,4,6,13,4,276.2446477811732,3,4.2748598029964135,0.7260913337226615,0.9855112476775207,0.5130402786409562,1,1,21.56716501948916,1,2,11.212111350677397,0.2,2752.3756219914185,-1.0
14204.054208640222,5,2,7,9,4,274.92411942784844,2,4.830427455252961,0.44235222973110444,0.543872415494442,0.1750986320650334,0,0,0.0,1,1,31.879695768886744,0.06666666666666667,3788.2526569047327,1.0
5672.061650202247,5,2,13,3,4,361.32046577174196,3,4.515692220928738,0.014393488629755868,0.46964358430414976,0.13680211361740222,0,0,0.0,1,4,23.469383749826207,0.26666666666666666,2933.9575609156204,-1.0
8020.717517248153,10,4,5,7,4,145.26102845050835,5,3.797009468794747,0.6158500980522165,0.7810561905205863,0.13624320781763563,1,2,33.909108311841244,1,5,18.615195682465103,0.4666666666666667,2330.2864137675538,1.0
1162.2594489287628,7,2,1,12,2,365.35187291956333,1,3.9165057809830333,0.5456167893159349,0.9648788852659151,0.4088821102406194,1,2,19.83971613167255,1,4,11.332524024048059,0.4,600.3657428556592,-1.0
13060.12497918309,3,2,3,17,2,225.43659666156873,2,4.363227337945579,0.34062456946424,0.5564167169415419,0.49682996343472496,1,2,37.142491002305,1,4,20.49687892691745,0.4,3017.3777135904616,1.0
14988.915912277798,4,2,5,9,3,594.7778281003704,4,3.7440361715855666,0.7764129607419968,0.6044821241518107,0.8446058604828518,1,1,41.30361680839448,1,3,19.44887771795969,0.26666666666666666,3599.2690344923813,1.0
29230.523729042787,4,4,9,13,3,104.99168793902486,4,3.0216753029605967,0.9053819764192637,0.45477200607168017,0.35545091007233187,1,4,39.66360037285621,1,5,19.3432725409066,0.6,8576.651265165612,1.0
2845.2783532785024,4,3,5,4,5,485.3684740492167,1,3.226929204034896,0.9309291056872926,0.9845489251206461,0.8967449936242633,0,0,0.0,1,5,21.74035456587171,0.3333333333333333,1302.181596378051,-1.0
29214.184328249874,9,2,10,12,1,105.61747186753463,5,3.445152835142061,0.39665160195425186,0.935138145266066,0.2172838573536204,1,3,24.865537599937173,1,6,16.257302898129,0.6,6830.425692185528,1.0
3246.8130918214524,9,1,4,4,4,95.92539418426782,5,3.755975180244509,0.7050843642966599,0.5492344926581728,0.36420202321527884,1,5,19.375231364317465,1,2,15.84216764372086,0.4666666666666667,849.2105618076081,1.0
1135.5317424923305,9,3,1,3,5,180.62855921085847,1,3.7497411590474083,0.28571208628186073,0.9211594769136762,0.2788766708155621,1,4,28.685912388987916,1,7,16.710109695820517,0.7333333333333333,352.6707702747388,1.0
1847.7471101090096,11,4,5,4,3,432.47611770865615,1,4.046195688340298,0.6293986381352625,0.8174492133907703,0.46363285181421865,1,3,33.535986766288865,0,0,0.0,0.2,711.2116005732449,-1.0
11603.225214423597,8,2,12,8,2,153.46663784806873,2,3.7765367679797444,0.22939474570494967,0.5595627549785434,0.38827607616421467,1,3,27.723953357005204,1,1,14.865272674253523,0.26666666666666666,3403.6931683926805,1.0
14964.042627588084,3,1,6,18,3,449.145729613598,1,3.8364860725812377,0.9327284833540133,0.9196383337002451,0.13617493608495154,0,0,0.0,1,1,21.026046319938395,0.06666666666666667,3421.9788440801753,1.0
20036.64349234095,11,1,10,17,5,84.93150627450075,1,3.8296390046753306,0.27340707193070624,0.4338252979905563,0.7917779010040426,1,5,34.639675932189746,1,5,18.90758494769998,0.6666666666666666,5275.7933641011705,1.0
12420.48920838499,3,1,5,14,1,121.03767833332225,3,3.5494635940518178,0.20722764900805646,0.9269324004875154,0.705599305737783,0,0,0.0,1,7,22.646871194065103,0.4666666666666667,3879.977705697788,1.0
82645.79766410023,6,3,11,18,4,499.0121543671843,4,4.121875943070773,0.876653602658345,0.6420897197274382,0.2072121827605126,0,0,0.0,1,5,24.407795016711265,0.3333333333333333,21090.038208564634,1.0
3989.389070281146,7,2,12,2,2,374.4547277700482,3,3.1820041821026606,0.7263970326502283,0.7284677841394669,0.4607283579328836,1,2,25.734755944120977,1,4,13.266802473294112,0.4,994.3467353516336,1.0
2443.1818165705427,1,4,4,5,2,391.4431264321502,2,3.657503220575016,0.6334008543167258,0.5440873712669159,0.16069066248693115,0,0,0.0,0,0,0.0,0.0,1074.9680656807834,-1.0
6869.1545315878175,6,4,8,4,4,240.11700582812477,3,4.7486352097088345,0.5152360548642109,0.9838662095620626,0.5815483164327682,1,5,33.42912373109845,1,5,18.789345403062292,0.6666666666666666,2098.885686129216,1.0
16864.840634613036,5,1,12,14,2,120.81161906480415,2,4.380789657258731,0.039312139841098936,0.8796462393454256,0.6023203115927263,0,0,0.0,1,7,25.6482601164652,0.4666666666666667,8892.428012938664,-1.0
20801.642317783935,4,1,8,17,3,151.48656064600755,2,4.5199108178751715,0.531265753973534,0.8323096368348789,0.14987309000899318,0,0,0.0,0,0,0.0,0.0,5743.680833097906,1.0
13199.451715398078,7,2,11,15,4,108.94460623687684,2,3.708293341586251,0.3971638325040825,0.46292149991948855,0.6899241648750553,0,0,0.0,1,1,11.929526894697817,0.06666666666666667,4861.151309795179,-1.0
8604.660317035634,9,1,13,4,2,484.04418123403605,5,3.9591642035085,0.5841994847141693,0.8420934852369477,0.54619381276035,1,4,20.49483476964359,1,6,16.75926240244699,0.6666666666666666,2515.218304774795,1.0
34712.737323321795,11,4,11,13,5,563.530503067931,5,3.2035649452408075,0.15285913918433203,0.5475746370307049,0.22854509860764455,0,0,0.0,1,7,14.257417479336262,0.4666666666666667,8650.866259960716,1.0
7579.763428663261,3,3,8,5,4,598.4905441226169,2,4.15199683561132,0.9173956130855316,0.4031800038385633,0.880053730356114,1,3,39.85397476924295,1,3,21.799508033514844,0.4,2920.2948379591085,-1.0
9975.23827266455,5,2,10,4,3,159.72881003607586,4,3.4848194648301605,0.11483682473920354,0.7663720254649795,0.33090444259220464,1,3,52.72193278029059,1,3,22.136884058097944,0.4,3642.93419915245,-1.0
7932.367160943401,10,1,7,10,4,160.95175428162972,2,3.1757362224853134,0.13882477344202038,0.40162653964859785,0.19335685131334507,1,3,27.151783811048105,1,6,19.04528433467499,0.6,2717.0608920028762,-1.0
15929.138099809035,5,4,11,9,2,149.6781863911131,3,4.852898847179422,0.7215965507512772,0.42885678637845265,0.725211585401132,1,5,39.58849924501388,0,0,0.0,0.3333333333333333,6913.83901907744,-1.0
26065.69490110102,5,3,11,14,2,549.3263717543838,1,4.7544010816262166,0.3924451074226354,0.8899596636829463,0.4513079268561747,1,3,47.1852075302325,1,7,27.001557449289376,0.6666666666666666,10530.845074358383,-1.0
5391.51684169845,1,3,7,2,5,548.5596610305008,3,4.085698621226818,0.4315281431364426,0.5996894715474905,0.6844393094474411,1,4,46.652064399103416,1,4,27.464636639332202,0.5333333333333333,1616.9666606030414,1.0
1775.4626137230505,6,1,1,5,3,459.17046091497235,4,4.139779369742633,0.7624586857406905,0.9260593820570496,0.373665398972726,1,4,37.86898268008241,1,7,25.868307766472313,0.7333333333333333,782.9036696344025,-1.0
5328.64471096503,4,4,13,2,3,402.6311980869135,3,4.131016694645948,0.7161790747329522,0.7594176188663959,0.7614390622472627,1,2,45.425564420049355,0,0,0.0,0.13333333333333333,1582.4684506397618,1.0
1610.0152702164355,2,1,1,15,4,376.12959789235185,4,4.130266367178418,0.6966508238768923,0.9534996287063774,0.6657909074507189,0,0,0.0,1,2,12.755058518253163,0.13333333333333333,772.2454741571482,-1.0
8025.684341429489,8,1,6,11,1,112.28092521241538,5,3.3310410207345793,0.18632087949412068,0.9024944734014952,0.36571713012395113,1,3,26.625683309662445,1,1,16.918507653346165,0.26666666666666666,3332.840800599243,-1.0
6897.096620759377,9,1,10,9,3,268.99278147501883,1,4.727036281225914,0.9229602317984849,0.6794200733912878,0.4846695824712589,1,3,19.582272200920418,1,6,12.578991718800541,0.6,2192.4173014093926,1.0
1743.9545976643428,6,1,8,1,1,479.2726391503482,3,4.26452857583906,0.013094456588333636,0.7981224232100264,0.24242877349580116,1,1,39.41495485518987,1,7,27.713936265919823,0.5333333333333333,552.6658943326742,1.0
67834.67118700645,1,4,13,19,3,489.88011214084815,5,4.249951974102105,0.3777259474401693,0.9019388879753998,0.5699628833872595,1,3,40.9627619492425,1,4,24.856155597848364,0.4666666666666667,21586.417305583283,1.0
1417.4721649661992,3,3,4,1,5,91.52685009213907,3,3.746618632559506,0.27074467314355377,0.7863997259434095,0.4269873368784771,0,0,0.0,0,0,0.0,0.0,383.6968690695569,1.0
2864.499697025832,8,1,9,3,3,328.0293335083186,1,4.599832170746379,0.1785446620543336,0.7916476647111248,0.29054622483738124,0,0,0.0,1,6,16.04890981486298,0.4,730.1320745197951,1.0
8593.825307710418,4,4,5,14,2,57.15105793090482,1,3.4157725102920544,0.026532203873819715,0.5088612610538784,0.5664332487757537,1,2,44.86054543801555,1,3,20.894275758574405,0.3333333333333333,3018.7404229022577,-1.0
7704.3381872393575,7,3,12,5,5,275.1764087051822,1,3.8722530582706334,0.29446575954191767,0.969071984177294,0.7108846353278087,0,0,0.0,1,3,15.614492644454234,0.2,1972.6210216705836,1.0
9515.224486609379,1,2,3,17,1,347.8988180634768,5,3.805100087193961,0.2180231074940865,0.7870325006615977,0.4373631476426255,0,0,0.0,1,2,22.764539447625037,0.13333333333333333,4914.014248256235,-1.0
6647.301350130867,2,4,5,10,4,323.9499144310532,2,4.108356005031586,0.6514203883518642,0.8978450822243209,0.2651370174084826,0,0,0.0,0,0,0.0,0.0,1598.6595115853884,1.0
8131.710427782359,6,3,8,2,4,398.20393484659616,5,3.350742557246899,0.9144119459249598,0.6512623149352439,0.40651082259959803,1,2,33.38825398866185,1,3,19.330629326225836,0.3333333333333333,2121.5641533552653,1.0
37772.176764428055,5,3,8,11,4,445.47524785133504,3,4.898613594115531,0.3966493730520543,0.9724521619237798,0.20800102193696557,1,2,36.52366196433045,1,3,30.65693102212118,0.3333333333333333,9389.178987023235,1.0
5525.022830152967,11,1,11,2,1,474.00171206020207,5,3.6887674640884667,0.3515401611342188,0.6476761303640514,0.6639404397511625,1,1,25.96732359493974,1,5,13.887646325257661,0.4,1276.3987645901773,1.0
56133.75444194441,6,2,12,19,5,100.37014032964879,3,4.924197571528236,0.7900135587918561,0.8143361394673844,0.5170405339308556,0,0,0.0,1,3,25.266561090934616,0.2,14310.584208225855,1.0
7977.688785962894,7,1,6,16,1,546.8500969498137,4,3.4424188836392045,0.987668007996647,0.9664356038119679,0.13154144909480472,1,1,19.6049768773757,1,2,12.476560211645518,0.2,3636.608165468146,-1.0
4737.145516797788,7,1,3,16,2,281.9694628517819,5,3.9484284333149278,0.8620426509893134,0.9067296391210422,0.3552803785946045,1,1,23.826954543311846,1,4,11.439274003209775,0.3333333333333333,2273.187461901634,-1.0
25805.62716288453,5,3,8,12,1,346.12081970943314,1,4.47571153381305,0.5201681098787319,0.6560902339929187,0.8013323022899596,1,3,51.60860154119005,0,0,0.0,0.2,6302.897578927004,1.0
1800.8553352163774,2,4,3,7,4,78.97610978747572,1,3.8038618272184843,0.47987562030390885,0.7765032779310221,0.798941691349071,1,2,21.49247560003133,1,4,16.87740293234135,0.4,722.7362971330532,-1.0
57468.00809993326,3,1,14,18,4,443.55432337883303,5,3.0841863792727238,0.01787393473341381,0.992633433841619,0.4422185069886899,1,4,31.340154530850747,1,5,19.149349613496998,0.6,17036.86307615181,1.0
23863.63528866302,7,4,14,11,5,594.0517003973474,4,3.129972818965788,0.40158023642548746,0.9026954411699473,0.2844553566440152,1,2,18.40354495698062,1,1,11.794613289267803,0.2,6191.025541099005,1.0
18488.266036132216,6,1,5,15,1,335.0432016720157,4,4.989815645292871,0.1738952492194873,0.6377452113415952,0.7065907805632731,1,3,43.399563013245015,1,5,23.460960172429356,0.5333333333333333,5463.098770137075,1.0
26640.19221757433,5,2,11,9,3,200.1276561709732,5,4.777496159737955,0.9556514982297534,0.9172765703592703,0.7476128597799024,1,5,49.18314881112844,1,4,25.5986587854546,0.6,10469.388694811785,1.0
69138.18096167469,5,4,10,18,5,171.10076107239624,5,4.788959861936135,0.9914753351450482,0.43691021574354105,0.806325015309969,1,3,50.79192071640345,1,2,27.444532994772267,0.3333333333333333,16993.438887559387,1.0
43433.006753972,1,2,8,19,4,517.819951001833,3,3.320800210660144,0.3340088787452379,0.5432140187806105,0.8440722804077909,0,0,0.0,1,4,21.625442341269547,0.26666666666666666,10568.170434873049,1.0
3952.7793541169385,10,1,3,10,2,500.97080457445503,5,4.4870165125832155,0.1607598960483082,0.8907802144714373,0.7657073423661935,1,2,26.437057302911803,1,1,17.754339061350212,0.2,1811.600583035349,-1.0
11676.613048393921,2,4,8,13,3,120.64679495125525,3,4.522055805004056,0.5412665786761103,0.9777952023153967,0.3734977328309489,1,5,21.603553756095113,1,4,12.748372615022376,0.6,4408.884144258833,-1.0
24366.60781580374,1,4,6,17,2,310.4656386392987,2,3.1493888355157083,0.8524146591986477,0.9940890236503882,0.6408418057494035,1,3,35.566222105596374,1,7,20.693956008243287,0.6666666666666666,6152.853421759441,1.0
5131.168472065949,3,3,10,2,2,598.4184750867412,1,3.204387239387438,0.854209774461566,0.7162144577271172,0.7607366126399173,1,2,39.17526974156529,1,3,19.27037439346158,0.3333333333333333,1197.143621803192,1.0
24575.165728877375,8,4,13,15,5,401.18927121524706,3,3.5484304046973403,0.9839776479598282,0.6456004037890258,0.8152793629433076,1,5,22.608968894426322,1,4,15.799550271963215,0.6,7983.455381605865,1.0
31174.161151143922,11,4,12,14,1,527.742742375586,5,3.307316076322225,0.45369363460528267,0.7182126362369536,0.11428951398265551,1,4,23.495021922648913,1,3,15.157710052549891,0.4666666666666667,10206.027984508739,-1.0
11672.973197328225,7,1,14,12,4,286.6682421947045,1,3.32165093815638,0.6515194668022647,0.595555278371245,0.572211151108498,1,5,19.32631169554526,1,6,12.906166519061813,0.7333333333333333,3766.148437964681,1.0
18506.37714056271,6,4,11,13,1,523.0673184540625,1,3.0792376506967143,0.48050694725782894,0.46295810705090495,0.293636012690022,1,4,41.65225479425631,1,2,21.514216147737375,0.4,5792.95811545657,-1.0
2669.9886592620505,1,1,13,1,5,93.2181734352614,2,4.954932772629571,0.20085908986229417,0.8159163644936085,0.7571525824078932,0,0,0.0,1,3,21.28096347868791,0.2,643.6068513406209,1.0
7711.366771466109,9,2,9,7,1,439.983285698004,2,4.250609320427896,0.7834227259416147,0.7673547915286948,0.4875187580592325,1,4,25.021306388684927,1,7,15.279241303158665,0.7333333333333333,2397.414446714618,1.0
25947.948402086167,10,2,11,18,4,185.90677870558054,5,3.9585578571525746,0.6157420219422428,0.5974104626887973,0.4761460741573321,1,5,32.24756868779884,1,3,14.992734950266644,0.5333333333333333,13357.535354455758,-1.0
8672.68643594759,3,2,5,9,3,407.6791274908153,2,3.8065227222476636,0.22056112492232327,0.6510398732005916,0.26286262427379414,1,1,40.523812016218216,1,5,24.127562973533585,0.4,2496.105348093585,1.0
20807.779956998067,4,4,8,18,1,332.6977272947987,1,3.877230838379181,0.7252576604151365,0.6920013648548218,0.7987385904653285,1,2,46.116823207337426,1,5,20.44335059231948,0.4666666666666667,6014.025131668116,1.0
1045.7987237875539,8,1,1,3,2,443.7037305751487,2,3.4750866498477553,0.9713950940416396,0.5085861716256939,0.7835080746956633,1,4,24.711893327177453,1,7,14.544853012702117,0.7333333333333333,309.0206116799193,1.0
3594.619739603676,6,1,11,2,3,411.2051654977107,1,4.5469462513732015,0.13087366071834983,0.9818926270471269,0.4630316331069114,1,3,37.63816461610184,1,5,21.611703275496055,0.5333333333333333,903.4463440605335,1.0
6196.821016325802,1,1,4,8,3,571.7208451682885,1,3.3340838158018995,0.16761921628831766,0.4220028561601258,0.6891216120525124,1,5,46.44777796245515,1,4,28.694429403202307,0.6,1879.8106392819168,1.0
19881.83634580924,11,1,4,18,2,117.6339446912947,5,4.873211384589923,0.03934354066850965,0.4732659484060161,0.4617592226267483,1,5,24.313236678753082,1,4,14.900286484854677,0.6,4543.0615841795525,1.0
4247.216038916859,8,3,11,2,1,401.5159657985252,1,4.160224459390936,0.25422457989749325,0.7130380279817279,0.37412279049673225,1,5,22.025169268082646,1,4,16.481914119413492,0.6,979.9356855840377,1.0
15610.542085786159,1,3,8,6,5,579.8407580512195,2,4.3232647007422935,0.9786312874005304,0.6245780602838756,0.1140127926896498,1,2,47.90233839150336,1,4,21.16965925873074,0.4,4008.1643392998963,1.0
5507.596854793268,4,1,1,19,5,416.83433434499904,1,3.2131860606159814,0.657845304603036,0.9996482354623999,0.13856963108844483,1,1,46.13537424495015,1,5,23.73877549474883,0.4,1468.3432218402372,1.0
13890.356405083494,4,2,13,6,4,417.1763620599716,2,4.524570269553232,0.7978136488586345,0.6613499888877599,0.7542673729400173,0,0,0.0,1,1,21.531970823475287,0.06666666666666667,3993.6322669786246,1.0
14532.520820221976,10,3,5,19,4,351.6748469083122,1,3.475088261748655,0.3732517916293401,0.536361776357891,0.15855673901475492,1,2,31.896689022186195,1,5,19.859253242795806,0.4666666666666667,4544.130574483767,-1.0
12267.70517264631,6,4,5,12,5,269.35252949329526,5,3.4921393175959965,0.47669547504115917,0.6366191942910101,0.5395313907443627,1,4,45.552570477755985,0,0,0.0,0.26666666666666666,5147.230160737963,-1.0
10879.54816543984,7,4,5,15,1,410.0811947872415,3,3.1205347805791215,0.9344360268055143,0.6109736123437807,0.18113666275937323,1,5,20.542688658203666,1,7,13.660129572943886,0.8,3243.8027226467425,-1.0
27445.298571054012,10,4,14,18,2,199.94320040344357,4,4.64634803119132,0.5224810405161183,0.47393359250329964,0.7875326346244713,1,1,29.676890507537564,1,4,16.815820307311487,0.3333333333333333,13011.331590564341,-1.0
31216.210351002203,6,1,12,13,2,111.76738942617055,5,4.203223640292663,0.8191888594267902,0.9305238780090447,0.28246381755914596,1,2,33.519108868297394,1,2,26.81829441526986,0.26666666666666666,11226.341352701933,-1.0
4441.553182195828,10,3,5,4,2,452.576937172099,4,3.8474765072975257,0.6675498992914705,0.45732118830080093,0.5990874597412584,1,2,24.887453903416148,1,4,19.855531734545977,0.4,1823.1597622032994,-1.0
20947.57467014435,1,2,5,15,3,383.90171984882943,3,3.463894192231951,0.39090599590551467,0.7566858011117039,0.49741348708733557,1,3,43.363102265428395,1,2,24.326307130890157,0.3333333333333333,5664.038080135484,1.0
22934.489222060205,1,3,7,14,3,381.7706756173547,2,4.811049584659347,0.7726227274493825,0.55893726834204,0.6162318700205736,1,1,38.79352274814908,1,1,26.219316980749237,0.13333333333333333,7632.432025342625,1.0
8219.661867019775,2,4,5,12,3,402.09252310549135,2,4.360263862206903,0.23082918915401207,0.6741151869282211,0.25225989025525425,0,0,0.0,1,6,15.768929147284386,0.4,2202.930779136842,1.0
17948.72368128266,4,4,6,12,2,576.6939064779591,5,4.269920091182066,0.7548378199408478,0.5022867629043506,0.4275822824041632,1,4,36.18239212760481,1,4,22.886795430227387,0.5333333333333333,6289.045580293121,-1.0
2341.8497068397114,7,4,3,8,5,455.4491237539837,4,3.487313432127733,0.6715584436130373,0.455757486627634,0.3056378131456639,1,1,23.45221224270865,1,4,14.61216479897347,0.3333333333333333,1182.081242254661,-1.0
10047.200209841702,1,3,2,13,2,259.50023903104295,2,4.873915646062126,0.5538022407123763,0.5833145863948141,0.4175852136594268,1,4,47.97633446463461,0,0,0.0,0.26666666666666666,2595.2265885034863,1.0
5328.444053510115,6,4,5,10,4,561.827368054154,2,4.079465237519885,0.6279500527726358,0.8045822838454291,0.525984954047541,1,3,43.00187417171011,1,1,21.477842226514586,0.26666666666666666,2735.772828902349,-1.0
8559.895681417758,11,2,3,18,4,365.17278591196714,2,4.644961127268722,0.13252467274184843,0.9172086893635736,0.8382057524107155,1,5,26.78954530756467,1,6,14.886628622715627,0.7333333333333333,3039.5341143921232,1.0
1781.0982499476186,8,1,2,4,1,177.90324710095905,5,4.099059071790034,0.96582216115322,0.6594987269980792,0.3494529064682077,1,2,23.404196706038732,1,5,12.439198680803734,0.4666666666666667,522.5561839006541,1.0
2316.2432817780505,7,3,3,5,3,155.48035057552332,1,3.1163275910109514,0.9948663171697671,0.43466833659782,0.6560281830868425,1,3,19.51587341157524,0,0,0.0,0.2,599.6910900803754,1.0
2103.197584491562,3,3,12,1,4,398.25429430740525,1,3.4652910771253618,0.22080262978563914,0.5042515573973767,0.6245789380493251,1,2,30.10331361654626,1,6,22.49854609120616,0.5333333333333333,755.8185336607964,-1.0
17534.935369871226,11,4,6,14,5,262.893318184597,5,3.0220625288572944,0.4161539981797615,0.6888064909811942,0.11535382145844536,1,2,30.990775408265065,0,0,0.0,0.13333333333333333,5082.959108312719,1.0
6786.6159875655385,5,2,2,13,5,159.37095277641276,5,4.919153288642066,0.48785404392636245,0.46584171920650214,0.5383675911789544,1,4,40.74636141168411,0,0,0.0,0.26666666666666666,3070.1120735788913,-1.0
28988.325447558444,2,4,12,18,3,256.73855683017314,4,4.719130463293892,0.3923937215284745,0.9737333143893689,0.20651600334247755,0,0,0.0,1,1,16.572554748290703,0.06666666666666667,9686.151472682212,1.0
2692.0787044607955,1,2,2,8,5,503.82270776078707,2,3.772697819696631,0.45012443241975963,0.5361788166192185,0.8115127329030755,1,5,35.90154558387141,1,1,24.47731692421525,0.4,1338.987129696435,-1.0
6972.24986884844,8,1,7,11,1,89.64638479927035,3,3.024216950469775,0.9565013982994801,0.8425050156754041,0.38260112680165137,1,3,30.524832086170544,1,3,13.471896740222332,0.4,2993.9810314451174,-1.0
36080.256635736834,5,1,14,8,2,61.51972856700205,4,4.797801648012471,0.7824849245639379,0.5367054505258659,0.880792679679034,1,3,38.1456497423302,1,6,22.324942590291712,0.6,8373.692889703223,1.0
2026.2405003612644,7,2,2,10,5,118.87846373805492,3,4.959940658717701,0.6018815896363221,0.7494535949243479,0.6984585435436257,1,4,19.389766459669026,0,0,0.0,0.26666666666666666,934.080219917384,-1.0
14072.704345957452,2,3,9,8,3,352.5505672519858,2,4.225879164989051,0.9430758377447076,0.544415627099503,0.19720110104073446,0,0,0.0,1,5,14.092789073545697,0.3333333333333333,3566.153071680144,1.0
6217.350499080728,7,3,1,12,1,349.2091185505134,5,4.510083857492557,0.46053949727414,0.9051991317340369,0.6827925417292906,1,4,18.465696563790743,1,6,16.100626294084055,0.6666666666666666,1462.1429580938081,1.0
28484.33505814223,2,2,13,15,4,499.78193142131977,3,3.3013522154197545,0.3423836360335465,0.6480498695771568,0.7065480088612299,1,3,23.60760134162825,1,5,12.90817053120326,0.5333333333333333,8516.83194915687,1.0
5265.205129447361,9,4,5,15,2,356.92327883193184,1,4.48342412302586,0.8814507796750214,0.5667412583493208,0.25516309381421987,1,2,21.23132372431363,1,6,15.119764784180488,0.5333333333333333,2227.4115359193493,-1.0
15103.6417458508,9,4,13,9,4,338.2875438993892,2,4.521981520056188,0.03531135494023907,0.8474402696387393,0.2619844481321899,1,1,25.800639041826667,1,7,13.325836128087001,0.5333333333333333,3684.5700195472446,1.0
9788.109099878622,5,2,4,15,5,403.8508489514814,2,4.772391560930149,0.5930443341867842,0.6349154189066977,0.430097472678899,1,5,36.48568950674354,0,0,0.0,0.3333333333333333,4170.6108328824685,-1.0
9056.587698361533,4,1,7,7,4,330.56034187435387,3,3.129707188965937,0.5799837874281313,0.7368907527757143,0.5485280755329368,1,2,40.06326803202796,1,4,26.124966455826204,0.4,2879.124892721944,1.0
32173.85930729907,3,2,8,13,4,481.69333741130714,5,4.577229929344813,0.5172690564416094,0.6641193987732943,0.21796202136502718,1,1,29.508371687047486,1,3,23.74712989879462,0.26666666666666666,8418.502636158786,1.0
9736.615183003316,9,4,6,13,1,281.68642931173963,4,3.992332768226439,0.17825246690464158,0.8115467626299182,0.8929011454570429,1,1,28.42015989273562,1,4,13.653150952764303,0.3333333333333333,3562.6518818568798,1.0
27109.079053499197,11,1,14,13,1,561.2893075816263,3,4.8813584902306815,0.25929675886577375,0.657794087643361,0.7981842003876815,1,5,28.67807630911526,1,5,18.76816442996607,0.6666666666666666,7788.73420490655,1.0
1097.0523284118992,7,3,2,3,1,479.1171848865563,4,4.5310257979822195,0.15890816766935356,0.7661350896865848,0.20828326582214843,1,1,26.58214099832781,0,0,0.0,0.06666666666666667,539.415995162351,-1.0
4596.482879217207,6,4,7,3,4,482.91963143088225,2,3.543899452257262,0.7593982624179637,0.669843905470324,0.721368445564145,0,0,0.0,1,3,19.074620626489853,0.2,1101.1590802078172,1.0
9691.82516278967,9,1,4,18,1,474.5217493998917,2,4.46489746367618,0.5483205837264242,0.47679292512015187,0.8057084914256482,1,2,23.300069732364936,1,1,14.417499134028871,0.2,2223.676966522403,1.0
5095.697883442461,5,3,7,5,1,305.1628676785849,1,4.894071975477446,0.9673561777882752,0.5098092665408364,0.11762812823800335,1,2,37.56042165383847,1,1,27.224569284774123,0.2,2338.315358563462,-1.0
8376.717279796683,2,4,10,11,1,485.4349936493434,1,4.087076434685292,0.08172534574677826,0.6749803849171938,0.48775702970403756,0,0,0.0,1,1,16.454725542453314,0.06666666666666667,2741.983279973268,1.0
8542.427059619255,3,1,7,12,4,245.785355587169,3,3.103913155108537,0.7862781993840331,0.5208182692815846,0.306896667910431,0,0,0.0,1,6,23.346514328560552,0.4,4414.182021447606,-1.0
9330.441919409739,8,1,6,14,3,570.6508748097839,2,4.501459013998694,0.5579807387826399,0.7315081688696352,0.17532152810055834,1,4,26.085482522442774,1,6,14.623145153145444,0.6666666666666666,3081.1068632047763,-1.0
42743.76996049509,11,2,11,19,5,580.4621596454464,4,4.046659262389483,0.28713795808457554,0.8757126514203036,0.562074692704926,1,1,27.696262586548468,1,2,14.966949911550897,0.2,11730.979888741258,1.0
6426.714106864088,2,3,3,13,3,543.4524875305403,3,4.967042945430444,0.14071152804875842,0.521209401041494,0.24737987139042092,1,4,28.979736114174855,1,6,16.123511074586187,0.6666666666666666,3059.859952780333,-1.0
15083.712213581039,9,4,11,14,1,279.76853860130484,5,4.335839997607254,0.6346712732539415,0.49957293717747103,0.8055422066437152,1,3,25.882347248653172,0,0,0.0,0.2,7680.106936978093,-1.0
17698.565475021074,4,2,10,5,3,153.07656925367021,5,3.5929795625666303,0.9182079996227752,0.4664490671913749,0.7076659280917055,1,2,43.48901476293658,1,5,20.847099497336377,0.4666666666666667,4475.524881877498,1.0
541.7916254715194,10,4,5,1,5,281.06530031624874,2,3.6958828231643333,0.45035097890541265,0.849295802177984,0.6209180679053393,1,1,32.84576268950876,1,7,15.63291719207029,0.5333333333333333,275.2430969208133,-1.0
3744.0675254877356,2,2,3,8,4,424.918215320891,1,4.310564819383316,0.9917426171678388,0.44360252296600977,0.16166240956116856,1,2,25.817845837961173,1,7,12.752493028285508,0.6,981.8827519723179,1.0
9899.31886045764,5,2,4,14,4,529.1624652446786,1,4.576894686506598,0.6649849034759953,0.5561721145396018,0.8257560245646639,1,3,37.95869729958558,1,6,24.023933555104644,0.6,3471.4207200422816,1.0
43036.805284979004,3,3,14,14,3,282.4016355715695,1,3.8428880831584946,0.027175016090844162,0.9797460464240789,0.20196316753829519,1,3,39.927125147379364,1,4,17.1066001893022,0.4666666666666667,9970.804569680118,1.0
42538.31701875946,9,3,12,19,4,111.91921472656536,5,4.08139695328982,0.09653447019544081,0.5451362969553034,0.10992322902185184,1,1,27.20854959823958,0,0,0.0,0.06666666666666667,17289.147022444926,-1.0
4650.453679750697,9,4,11,4,4,518.7451309151497,1,3.6608160077515475,0.3404058433495647,0.9934170150101044,0.6009409372745106,1,1,22.014044698455997,1,3,17.312906180735062,0.26666666666666666,1149.2947725087465,1.0
5764.518392712562,5,1,4,5,3,318.6060459406163,5,3.1877145696467126,0.9096268194365924,0.801520157762847,0.7634294394534045,1,1,36.415032715240436,1,4,31.40294904178844,0.3333333333333333,1883.6007039835565,1.0
16976.5026484386,9,3,10,8,5,397.2191542005938,4,4.577604527810719,0.6396055611776819,0.8058558174030354,0.20535475077763082,1,4,23.96352582616264,1,2,13.129119434021021,0.4,5508.809546956177,-1.0
6256.236071451176,9,1,8,6,1,51.606567941749105,5,3.944986710013027,0.045648745502383736,0.48401445853199065,0.32145144623304467,1,5,23.82196294151377,1,6,15.089678948315871,0.7333333333333333,2408.725905606345,-1.0
7237.46004463079,8,1,13,6,1,54.21521795707393,3,4.687849225223448,0.28490802153096084,0.6777111730095104,0.45083079082994837,1,2,23.565888148603907,1,1,17.365059665908266,0.2,2776.060899691258,-1.0
18344.973441980743,1,4,5,19,3,329.0765662947949,1,3.0593364461294796,0.6754202075470892,0.4269121408141412,0.4604776151865072,1,5,39.98243026452781,1,4,28.87518243361024,0.6,5123.183225202304,1.0
7711.376370773035,1,1,10,7,4,501.6590554026246,1,4.272802740366814,0.051135381442100725,0.5545643322002332,0.14761976027821735,1,2,37.68020591671925,1,1,24.607187702230306,0.2,2734.5174258023458,-1.0
40432.467824949454,3,3,12,8,4,545.1766974408492,4,3.160360028163807,0.3547712918359842,0.965035426971355,0.6348581173783312,1,2,40.80307987436535,1,6,22.34613212795556,0.5333333333333333,9646.339203614927,1.0
6046.028227072334,9,3,12,3,4,400.83240096499867,5,4.804906614571683,0.06644384435577488,0.7203804835286582,0.21370969903476614,0,0,0.0,1,3,14.153779957398829,0.2,2875.4068306085783,-1.0
8057.029197598874,10,1,5,17,1,451.0454181521964,1,3.134769109571045,0.3873925856686593,0.9111047421243685,0.423118291336099,0,0,0.0,1,6,19.34359364286758,0.4,2672.335050323452,1.0
1129.6542768659751,2,4,3,3,4,368.59649460128975,1,3.8619704410265925,0.31886681832113883,0.7493192479564683,0.3969379387501021,1,4,24.588113256247553,1,2,13.358857814392843,0.4,379.7241560102049,-1.0
2057.380261399364,4,1,8,1,1,570.6544386964505,3,3.050895519811502,0.6458223862864843,0.782141390472846,0.37248333326503336,0,0,0.0,1,1,19.431640588825793,0.06666666666666667,511.17685331734634,1.0
3743.9993707389017,8,2,4,12,1,107.89255185835681,1,3.2811059351567216,0.4855896996593978,0.4165220319216793,0.5043640943283599,1,4,21.570596028024344,1,3,14.722119850543955,0.4666666666666667,1632.608048941734,-1.0
22228.581243931145,2,2,11,15,5,209.08462458495998,5,4.670960472764655,0.3703969862753065,0.6248821406690779,0.4792051427865247,1,2,29.04477614821082,1,5,16.071596920921312,0.4666666666666667,9783.739183066726,-1.0
1956.6832583045484,1,1,6,4,5,134.77977374816788,1,4.064515062297952,0.16833695591913023,0.5481444560005514,0.7708393719222626,1,2,37.724297380549515,0,0,0.0,0.13333333333333333,961.3866586762999,-1.0
23252.975512230805,5,4,11,7,4,241.00237146677915,4,4.165968852329205,0.999713804155914,0.49031289499804814,0.7534055440956225,1,5,53.833799937162595,1,6,27.7207117109488,0.7333333333333333,6732.061929875687,1.0
23236.05766092768,5,3,5,8,4,518.9067800458545,5,4.086049167915326,0.2277497361032096,0.9784173082993083,0.8275636887497936,1,5,44.20684432224497,0,0,0.0,0.3333333333333333,6164.118008272143,1.0
8289.332807053437,7,4,5,17,4,306.7301424771534,2,4.888084187650795,0.14879596940511564,0.6776053630392361,0.8847899025301481,1,2,22.399682666992934,1,6,14.898358766532606,0.5333333333333333,2894.237170456575,1.0
37784.95111581601,11,4,9,19,2,449.144054770972,5,4.961478687166859,0.40758420857381694,0.8965113532637818,0.7116222357237741,1,5,28.626952990839538,1,4,13.893392269789937,0.6,10785.531888425714,1.0
55596.73064629748,1,4,8,19,3,296.5754804531822,5,4.943066084781178,0.22074548845278175,0.8404178575535838,0.7100771157553403,1,3,47.954823226758585,1,6,26.49296036632769,0.6,14054.163301066881,1.0
6233.780112370735,9,4,3,15,3,598.801470625088,2,4.656938598898234,0.29461939634619316,0.40858916660023603,0.6902956148492241,1,1,19.930819305992888,0,0,0.0,0.06666666666666667,1466.2648458711792,1.0
771.1553557436368,9,3,1,4,3,387.4822628306021,1,4.4462989729292595,0.2803344607915209,0.8124438184817426,0.11959875861412189,1,3,25.35474035161399,1,2,11.59470898684117,0.3333333333333333,359.6183027277119,-1.0
4382.4930415851895,6,4,2,8,1,325.3433474387298,2,3.484462435649134,0.4782598841952235,0.4871179077307962,0.6680880451373653,1,4,44.132708330788816,1,7,27.088370336757993,0.7333333333333333,1505.5670362043988,-1.0
9790.15127214101,11,2,13,7,5,513.2269104891714,1,4.2809520843516875,0.9789811151748089,0.7620958576260273,0.38625126729083914,1,1,31.43947687679786,1,2,17.93480955082069,0.2,2825.884685368281,1.0
8957.747716290118,4,4,2,14,2,442.6739478786244,4,3.606388118922092,0.289970118943609,0.7379733585722889,0.19596295441911193,1,2,37.01273703215149,0,0,0.0,0.13333333333333333,2178.1120388493814,1.0
7644.493131104304,8,2,11,9,4,271.3456505885179,1,3.000269386008971,0.5111291392372298,0.4281111451165619,0.32093564625671955,1,2,25.348408662400526,1,4,16.897881801660677,0.4,2844.991038199471,-1.0
1436.0985622556045,11,1,1,11,3,360.74139672138944,2,3.6266958351702865,0.7889324717760072,0.9351232868864409,0.44705393566122364,1,4,30.923328327608544,0,0,0.0,0.26666666666666666,719.2809749774282,-1.0
20679.266269054708,1,4,11,10,5,442.17532784887527,5,3.365614473313801,0.27843940825043456,0.47776039071726517,0.6408865851315289,1,1,35.153448262974294,1,4,30.049398218468742,0.3333333333333333,9599.883739163115,-1.0
7739.755869017449,6,4,7,9,3,301.73478283761165,2,4.2688482905731675,0.7707806182638798,0.4017287509993688,0.7871653483365036,0,0,0.0,1,4,26.35891805939858,0.26666666666666666,3192.6722198055886,-1.0
2942.8913921974968,9,2,11,1,4,422.79726017052434,5,3.0718773498431067,0.39473435384482813,0.9584843783898939,0.20057941519378097,1,4,19.768688289462524,1,6,12.71093371825436,0.6666666666666666,711.9883933788502,1.0
70007.74583369418,11,3,13,17,2,349.09315032643053,5,4.376088887672028,0.24188888355414595,0.9466412216604302,0.770612287636564,1,2,23.482256077263074,1,6,17.55385101726988,0.5333333333333333,20652.886285839017,1.0
3138.306473831773,8,1,11,4,2,335.4677540712518,1,3.623727715833766,0.7739913781527625,0.863752889125669,0.5170368381233111,1,3,26.462102959383614,0,0,0.0,0.2,1099.5773861864518,1.0
4823.09319116761,9,2,5,6,5,237.9920380207004,2,3.446526771010393,0.6418599588553554,0.742389774328561,0.5544740098702938,1,5,28.650210578991896,1,1,14.720833126520983,0.4,1211.5271238655494,1.0
10607.653357201652,7,1,8,8,5,268.9029111249765,4,4.7989104250922034,0.7101354317980658,0.9624270628985925,0.5826334445719544,1,4,22.241370651622415,0,0,0.0,0.26666666666666666,2464.815195887725,1.0
20325.5811841723,9,3,5,18,3,579.5225926392633,4,4.553856020654451,0.20498120952681642,0.8353763201646496,0.5957876571464714,1,1,26.792282199567257,1,3,17.233236874515192,0.26666666666666666,6314.825566086683,1.0
48386.66142688862,4,3,12,11,3,495.4231030483224,4,3.674680282034047,0.7249811699240525,0.7232878054237715,0.14850314085317456,1,2,33.095716131625714,0,0,0.0,0.13333333333333333,13904.521065305802,1.0
847.4118701313002,11,4,6,1,2,216.054185042626,2,3.4837865882257786,0.5006035711547075,0.8077721996410647,0.16099137437885158,1,2,29.440468566854136,0,0,0.0,0.13333333333333333,278.23525055961187,-1.0
11678.331310982523,3,2,6,8,4,543.7210699728762,4,4.687299328103648,0.9811925291641158,0.8758857243980437,0.7830279373637337,1,1,31.038823575165456,1,3,25.271094281174378,0.26666666666666666,3512.0263356209243,1.0
12963.307142236254,11,1,9,18,3,146.85250923182707,2,4.9623556735245895,0.19010764978372763,0.8755570697730299,0.8263190350236955,1,3,27.687424799614277,1,2,19.1239053404122,0.3333333333333333,5642.5695666419115,-1.0
4473.2970402117635,8,2,4,15,1,302.0290577160586,1,3.3253994876171316,0.5650853124527563,0.8629761465871646,0.4991165316287536,0,0,0.0,0,0,0.0,0.0,1603.496675827946,1.0
31165.67320255429,10,3,11,10,4,147.8384682269629,3,3.5076421563133895,0.245807439306153,0.6416586390773511,0.8157142380621076,0,0,0.0,1,6,16.630700647763877,0.4,7407.667454686632,1.0
13687.470747955382,3,1,9,7,1,399.49400511273745,4,4.508529946694045,0.9184264321454086,0.9705571567015291,0.5616980688306566,1,2,42.278119870182856,1,5,19.9936212518399,0.4666666666666667,3861.3792291506047,1.0
12518.922905106876,2,1,10,13,4,105.9920256222453,2,4.679632324291062,0.7517721730390933,0.5372166456402189,0.8650560747100221,0,0,0.0,1,1,18.18980500725743,0.06666666666666667,3730.6573912140875,1.0
1972.558912119103,11,4,3,3,4,467.32693956652884,3,3.2876287006296274,0.43010287652980006,0.9422545430650853,0.7766796403679742,1,4,32.63437700235233,1,2,15.291022969562247,0.4,583.658031707491,1.0
7544.150399255233,9,4,3,16,4,399.8233578289826,3,3.1380151852256324,0.9407845205031079,0.7041522627771009,0.4275296574536147,1,5,26.26658779184556,1,2,16.32659231643729,0.4666666666666667,2365.3365684657742,1.0
17374.917183659916,1,3,5,13,5,265.503179805925,5,4.531093501031721,1.1634755366141114e-05,0.6499394970893753,0.5180081448684708,0,0,0.0,1,7,22.075995758208503,0.4666666666666667,9071.034881286358,-1.0
14214.374783100478,4,3,3,15,4,581.7650248896069,3,4.326094383606845,0.7418963269587151,0.9090552274543149,0.43810335761088737,1,5,41.808791661712505,1,6,19.65447628514577,0.7333333333333333,5189.335753472256,-1.0
15944.537696833646,6,4,7,16,5,348.35905190446084,1,3.7613793623217315,0.4144697155393433,0.8522978203415312,0.11653709511352357,1,1,34.969031471567035,1,6,20.948861687828256,0.4666666666666667,4681.424540782149,1.0
9556.57845568874,4,3,9,5,1,332.61995531372224,1,3.3441784585905188,0.9724199990401033,0.6692881874479636,0.22722000299220904,0,0,0.0,0,0,0.0,0.0,2441.09998936041,1.0
20709.550092203208,7,2,7,17,2,493.88899712668666,5,3.284340893407791,0.21339334797568954,0.7990877165430432,0.2258610240014626,0,0,0.0,1,7,13.137214035891487,0.4666666666666667,6324.954690406416,1.0
63977.65287595998,1,3,10,15,4,482.4131087435819,4,3.7687100770482695,0.02519341395922936,0.9033983966308065,0.10913438676325891,1,2,40.701828208526,1,3,25.056519885194476,0.3333333333333333,17434.470774540867,1.0
25851.213671569818,1,1,8,19,5,327.6375790674905,3,3.9645287225043844,0.11849235876840059,0.9769080033898508,0.6715286109012786,1,3,48.076589722992864,1,7,23.14002873772925,0.6666666666666666,9863.431752148826,1.0
2818.346536597783,8,2,3,5,3,517.8741433326654,3,4.255986765208196,0.24751007314041196,0.4976890298061183,0.2495315524867693,0,0,0.0,1,5,14.506167987276802,0.3333333333333333,815.5747401307519,1.0
27140.933914361118,1,1,9,14,5,87.59426017047724,3,3.711709518518423,0.08391953582142941,0.6000775561576063,0.6420327564028272,0,0,0.0,1,7,29.49821757381758,0.4666666666666667,7738.69776566841,1.0
26873.56164354602,6,3,7,14,3,481.89784633380833,5,3.2027457951063183,0.27785277608971226,0.5657914650795122,0.4456151420756048,1,2,37.762886456877965,1,2,27.471669989302107,0.26666666666666666,12352.67979906842,-1.0
2836.779151215204,9,1,2,9,1,240.58829237399502,4,3.148084435824696,0.6054826692144046,0.7100739634768949,0.6921290950091705,1,2,25.910454712232475,0,0,0.0,0.13333333333333333,836.7323956583261,1.0
7505.656951463406,11,1,6,9,4,379.4745229327099,4,3.1841905064658045,0.5533790161267074,0.7849791452964128,0.6630338487924061,1,3,30.933572682993336,1,6,16.041656087020254,0.6,2916.8996431241058,-1.0
549.49859079105,2,1,4,1,3,108.2481924220667,2,4.224516301523689,0.21308500868480817,0.9634342575803123,0.10534570337911023,1,4,27.7545514552661,1,4,16.198654391351678,0.5333333333333333,192.01514764949115,-1.0
3032.2176000268378,7,1,9,4,3,576.6695582960996,4,4.451451820728207,0.6172490208487257,0.8436449378987871,0.27173429117802944,1,2,18.05627405524822,1,3,15.590243543334624,0.3333333333333333,1442.23787175995,-1.0
6266.073332145493,9,4,4,9,3,54.979788869204036,4,4.226583369774758,0.6376882468959355,0.5452132479885263,0.6712421787025014,0,0,0.0,0,0,0.0,0.0,1527.8542555527436,1.0
5714.338288165912,4,3,1,14,5,92.42984269677002,2,3.1250525914856917,0.45894051659682034,0.8396400848716992,0.5853853797739491,1,2,36.561989228465436,1,2,25.940392480282725,0.26666666666666666,1441.5879880821692,1.0
32294.486419933946,11,3,13,14,3,389.23098431889764,1,3.5067143401193226,0.9876595923412518,0.5748974445542337,0.7165940247244413,1,5,29.87498237681526,1,1,19.872151568524227,0.4,7695.6715784986,1.0
1081.078123634381,5,1,2,2,5,530.5476061002238,3,4.410921660566973,0.4276013337033373,0.6655273088888474,0.6194578596615054,1,4,43.50418571876881,1,3,28.038638934600844,0.4666666666666667,451.05649185754885,-1.0
5748.48620809452,6,4,7,11,4,165.5161422339549,1,4.528881456151009,0.40967105337599263,0.7931042287146028,0.3081892783881835,0,0,0.0,0,0,0.0,0.0,2780.2165917477078,-1.0
21546.551616896322,10,4,5,18,3,497.769127075139,4,3.8924024419550873,0.8058445326178331,0.4047786428472707,0.8396488443014439,1,2,29.309778672354067,1,7,14.402944756373902,0.6,5269.339479736389,1.0
3513.2419111044446,7,2,7,5,4,397.71912876467195,1,4.011268306843918,0.9411208125336735,0.9257916598853869,0.18205437006687186,1,3,25.433634331389264,1,1,15.421719819215701,0.26666666666666666,977.0157473456464,1.0
18541.97148722881,1,4,7,16,3,277.98383564923574,1,3.3207308122394865,0.6736454174749077,0.5075519534435685,0.6551596724081254,1,5,36.15393013078408,0,0,0.0,0.3333333333333333,5009.686607417799,1.0
357.24293457761945,6,4,2,1,1,277.8105090645067,2,4.763324964665426,0.12149539108776541,0.7807835538924284,0.5657150460622388,0,0,0.0,1,3,20.764151479164806,0.2,175.5075214695313,-1.0
14976.220309803783,6,3,3,15,4,364.5517121178304,3,4.113756886344191,0.4157751035233219,0.6573666000580866,0.5327240030704646,1,2,33.47164494815616,1,3,23.55076220021777,0.3333333333333333,4483.855799113489,1.0
23459.44740745421,1,1,13,7,2,331.7566164839168,5,3.783718746376052,0.8956747776187787,0.5225898300393822,0.5062440511670233,1,1,43.60169829612854,1,3,24.787701633119763,0.26666666666666666,7102.661700216195,1.0
43164.380156619176,5,3,10,16,1,452.22408583681295,1,4.071313198695157,0.8361177032072488,0.8928330177404166,0.7746609342303066,1,3,41.09681134145453,1,5,23.556902375822887,0.5333333333333333,10672.273865874013,1.0
21497.616056218936,3,3,5,14,1,491.94571270443186,3,3.5617639303724875,0.20795635928938994,0.42519125734575297,0.48340807193163005,0,0,0.0,1,7,17.518226820241324,0.4666666666666667,6100.758180074681,1.0
31240.444590891868,2,2,13,13,4,598.4502946466228,3,3.0856751102382267,0.4463868902631948,0.44200210727983946,0.6833877943309143,1,4,25.32036290738275,1,2,14.487589136676936,0.4,7382.294670220611,1.0
52324.14426712768,11,2,14,17,1,52.92241161759027,4,3.1907432045461173,0.1036785807342765,0.429194598197028,0.5648120747000877,1,2,32.15811501508851,1,7,18.570180462128086,0.6,13764.350959734125,1.0
8546.346364595287,3,1,3,12,5,262.64109494860884,4,3.389950399800578,0.8904095172193285,0.8499866790712425,0.8265827909602583,1,3,34.37645633105345,1,2,21.860491975350158,0.3333333333333333,2453.290343951973,1.0
20904.488936569764,10,4,10,13,3,199.01848407400098,3,3.370745558165023,0.599771314970498,0.9169082243361362,0.7949117118587405,1,3,25.29130391084718,0,0,0.0,0.2,5736.193941142676,1.0
13607.554811457752,3,2,7,18,1,199.5703216801468,1,3.5281239693874378,0.9390684794502916,0.7818245689200247,0.35960944014027374,1,4,34.79962153167904,1,3,22.000332564331835,0.4666666666666667,5321.936651687566,-1.0
3471.075592808174,7,1,4,6,4,475.5144106926162,4,3.7366944275887026,0.4323462264033473,0.41868945567603466,0.30766115942003935,0,0,0.0,1,3,15.235666183195361,0.2,998.0950340682729,1.0
20689.80430619372,2,4,6,14,3,332.8105720051366,5,3.872839197459186,0.6667719097838972,0.4565964557746262,0.6984037890971228,1,5,21.241316351805985,0,0,0.0,0.3333333333333333,4694.5362725843825,1.0
13187.96633421101,11,1,11,10,3,598.6955635711861,3,4.142324597244722,0.3040302724479996,0.5908626681420832,0.8689275325681322,1,5,32.17867100353899,1,7,14.427819265784567,0.8,4926.885583948024,1.0
37037.73524075967,6,2,14,18,1,469.266443475528,3,3.0106923217087287,0.938413743858144,0.6488890716333684,0.4218679641898663,1,4,46.09441070124021,1,3,24.747774673124216,0.4666666666666667,16543.141392685473,-1.0
7628.812337499357,9,4,3,11,2,238.04790295801968,5,4.266145306999026,0.46928522732579037,0.6658356173982527,0.4953181365103062,1,2,26.154373170040103,1,3,17.045668498577545,0.3333333333333333,1912.5887465118014,1.0
20790.703482615907,11,3,6,18,3,142.04636773022955,5,3.1087814970446224,0.6442567236508115,0.9845485924868537,0.15584052369170315,1,1,30.470198313061612,1,7,15.28746113620734,0.5333333333333333,10412.519160975222,-1.0
3436.841001858932,2,3,1,14,2,60.529677398260176,1,4.219394850305232,0.6996395696221217,0.9028929849931855,0.7422487478596004,1,3,27.116389689034996,1,5,13.277668949262024,0.5333333333333333,1031.1646273222213,1.0
11317.898260323438,6,2,4,11,4,245.20856348235552,4,3.0634875307459772,0.4233351441531975,0.4507392268583427,0.5854775644321113,1,3,34.081030709951044,1,7,24.8155447008847,0.6666666666666666,3990.639252290649,-1.0
3475.735486815212,7,4,9,3,3,66.51430293116604,2,4.382423618773081,0.6030395550532833,0.771394938819153,0.8526186397516008,1,4,21.105816028445414,1,4,15.196000937911213,0.5333333333333333,860.6672698291788,1.0
4666.726014391976,3,2,11,2,2,278.91993236494216,2,3.458731554075345,0.4691072110475787,0.5611373004721856,0.18078248545420889,0,0,0.0,0,0,0.0,0.0,1074.749195613483,1.0
9592.903978039063,9,4,8,8,4,203.10266491446112,3,3.6525078360822936,0.2993833737053483,0.5395035953246987,0.20374318257938828,1,1,22.67299834744001,1,4,12.776196816467209,0.3333333333333333,2441.7255963361054,1.0
2836.7145523738423,2,4,6,2,3,359.8746004661198,5,3.956992232511924,0.7805560268872138,0.5821743628863042,0.3493518628120332,0,0,0.0,0,0,0.0,0.0,692.5535143523028,1.0
24107.673149285147,1,3,10,10,5,280.2340012050814,1,3.3814519751817893,0.347062368499395,0.7283425122523859,0.8934183047833996,1,2,38.6349661768068,1,7,25.672314781228494,0.6,6313.877668294572,1.0
34977.085724291006,8,4,10,18,5,457.90279850982324,4,3.966361726627337,0.8382304210818006,0.6168422674403118,0.7878357398493165,1,4,24.82619967815694,1,5,17.816352790928306,0.6,8852.721944144561,1.0
38762.455453449875,6,3,13,14,4,583.6294394281822,1,4.483205238903571,0.279415884176072,0.47899215327595507,0.783762760074558,0,0,0.0,1,3,20.186041197045206,0.2,9761.896210727573,1.0
15108.95630945374,6,4,13,6,1,482.10370694102,3,4.8777899200825505,0.8939852050469608,0.6024881954049389,0.683571015865331,1,5,33.524498644417775,1,1,20.831600953514005,0.4,4720.683436264477,1.0
8480.081772857295,4,3,6,4,5,392.91280678561304,2,4.58518962641827,0.627328935090678,0.8501594583633054,0.22163885393959346,1,5,32.2707285032196,1,2,27.26661707540559,0.4666666666666667,1985.7083026720256,1.0
34626.71534884773,8,4,11,15,3,374.4713355409948,5,3.9325988258796376,0.7605756424552823,0.4926953224029555,0.4898122832800407,1,1,27.784798108295387,1,2,14.783024285325949,0.2,8710.17303618361,1.0
20941.11414490932,11,1,14,16,1,330.81941660275794,4,4.340065075615134,0.4683301859338135,0.8641316451189323,0.19872065216447715,1,1,32.979095276397835,1,7,14.985848071092928,0.5333333333333333,10722.928768541808,-1.0
13675.912702180456,2,4,9,15,4,448.52905776619593,1,4.216639000015544,0.28104975016688916,0.5040976302130132,0.403801218335454,1,3,28.264506554344646,0,0,0.0,0.2,3563.8635023671886,1.0
7786.393796964567,10,1,5,8,2,224.9272649030053,5,4.6537171219455065,0.5247356376614322,0.8651464311009696,0.28754048000921173,1,1,26.95917108986349,1,3,18.2901253916877,0.26666666666666666,2293.369102090426,1.0
27619.657898025205,6,3,8,6,4,516.4600792585966,5,4.769710235392009,0.7390669759393725,0.5664788078349724,0.3252928336845054,1,4,41.276938228904264,1,4,24.253620497558845,0.5333333333333333,6298.560995315133,1.0
4637.085440717174,10,4,3,14,3,517.2438185183457,2,3.6867734043552884,0.8345717902556277,0.9612907081164974,0.24858645760414852,1,4,25.413496030604495,0,0,0.0,0.26666666666666666,1858.720242137445,-1.0
7723.916990376061,8,4,8,14,5,295.6929899921862,2,3.3787868357696924,0.005026552609803114,0.43605784622690213,0.8238130733440944,1,2,22.3709287080982,1,3,16.997411149470736,0.3333333333333333,3804.6492262848974,-1.0
20057.414802126637,3,4,9,12,2,444.4163126597064,2,4.791125696263677,0.9091752640535857,0.5883268459090164,0.6528446501914094,1,1,38.56618642362383,1,5,20.598700912620792,0.4,5034.501889035273,1.0
1569.1572714468737,6,1,14,1,4,208.36993847179588,2,3.599884139554045,0.596081955238306,0.6603063537131466,0.231524423263103,0,0,0.0,1,1,18.913675019056942,0.06666666666666667,643.3266398107822,-1.0
19455.221855216314,7,4,11,18,5,501.53955951452747,3,3.821714183680993,0.5605798090010486,0.9655955061799782,0.16618723169893662,1,5,18.86919179590194,0,0,0.0,0.3333333333333333,6945.603772991543,-1.0
3444.714087491598,11,1,6,5,1,542.6338797596547,2,4.477733354266065,0.03244344604718696,0.7952305832362133,0.5258335007611635,0,0,0.0,0,0,0.0,0.0,1037.1598577472578,1.0
17410.614558852983,6,4,10,9,2,287.17862838535683,2,3.1006990539387065,0.05276525785960262,0.8152067535679928,0.46634319554722237,1,1,34.72260376339669,1,6,26.79721395309245,0.4666666666666667,4620.832517224256,1.0
7826.845089618762,6,2,3,13,1,230.4987155386866,2,3.312071622679954,0.834590952595272,0.6150007940030042,0.8303139557892604,1,5,39.71037094254274,1,5,22.74102972768399,0.6666666666666666,2948.7634226967,-1.0
3290.797367469228,3,4,6,5,2,426.12654850943875,1,4.203364328036592,0.937108944919677,0.5870812821734612,0.29981772995721584,1,2,41.97730885575877,1,6,24.115839611577666,0.5333333333333333,1340.7550030150549,-1.0
5935.418105818806,7,3,3,11,4,431.3343345540887,3,3.7093324099701657,0.5506633794408515,0.6419246536799513,0.7669152083801379,1,5,21.92100275737476,1,2,11.360015807062206,0.4666666666666667,2131.7129000885047,1.0
14330.049529522294,6,2,14,5,4,355.98040399139364,4,4.814497888712811,0.15628370954977622,0.5320532061228319,0.5146209411581171,1,3,34.39157799356255,1,3,20.921274476030995,0.4,5349.256210996977,-1.0
19642.056408985743,2,4,7,12,3,258.78922044841863,5,4.259641308869416,0.4032106331838228,0.8514387293822727,0.5250352146807455,1,5,24.64209433915303,1,6,13.232942640755114,0.7333333333333333,4924.076383350384,1.0
30816.875616634185,6,4,10,14,4,258.47226696066923,2,4.688424650572286,0.4840205725094041,0.7084572655307558,0.3467746251915872,1,3,39.44732238018037,1,3,27.542675404197755,0.4,7127.4595846636985,1.0
28672.42041417367,4,1,9,19,5,521.4554113827737,3,4.893512489384482,0.400212275849672,0.8699787897736286,0.31274276050569505,1,3,46.201431260126206,0,0,0.0,0.2,9405.974372010205,1.0
13159.457561124973,2,1,11,9,1,149.65080347754554,3,4.774238634447396,0.4198486976863176,0.6981373111000293,0.8335536385607327,1,2,22.306646502693585,1,1,17.24501883699279,0.2,3542.1867310956527,1.0
15627.724947280572,10,2,7,9,1,413.9452754541761,4,3.6712465459558237,0.07680744106928128,0.540996566520815,0.7641207863983345,1,1,25.79477676414795,1,4,14.120622330802677,0.3333333333333333,3698.1440172915354,1.0
3473.69888651057,11,3,1,19,2,521.8753000032814,3,4.166504784625113,0.011302536589022472,0.8724231748895638,0.3451462581626973,0,0,0.0,1,5,17.79852441608309,0.3333333333333333,1822.7283589285003,-1.0
29431.59059156554,10,3,11,15,4,284.3666808737269,3,4.611297610726684,0.22431855885352625,0.5356474426063376,0.7538442497705894,1,4,28.321495696307853,1,4,15.864235912205189,0.5333333333333333,11341.828937678121,-1.0
15746.856465910156,10,3,13,5,5,233.92064844381176,4,4.387611113934824,0.5527623680335831,0.5297503169119173,0.2668706941928406,1,4,29.446886404082573,1,7,16.37573075795171,0.7333333333333333,5394.037256257989,-1.0
2830.293348886713,2,1,6,4,5,235.6428562361004,2,3.386870685912965,0.6415044812562517,0.5558968827641797,0.8088688870508131,1,4,21.804964609848447,0,0,0.0,0.26666666666666666,803.3246813094421,1.0
45097.38446948316,4,3,9,9,4,108.07535028715199,5,3.3126339414177215,0.7379509473975921,0.6162847030849323,0.637016660183306,1,2,31.28808946131309,1,7,27.635763800041495,0.6,10360.67585252381,1.0
21465.562325394287,3,1,5,19,5,472.4029894222653,3,3.822380951738982,0.427486454090268,0.5981708005012507,0.5513854533476289,1,5,34.32643865644252,1,3,21.668776082556363,0.5333333333333333,5569.131922472033,1.0
9964.523406761611,10,3,2,12,1,539.4523569995744,4,3.3900179608772314,0.6520930618816506,0.8685516138316542,0.7331708327116152,1,4,24.307845724765205,0,0,0.0,0.26666666666666666,2286.772344159299,1.0
7398.5256562170725,11,3,13,3,4,133.47647541810613,3,4.188483654617194,0.603150120122947,0.8095194757226329,0.5602873385032788,1,4,32.00346431981697,1,4,20.412225288019847,0.5333333333333333,2734.093276068264,-1.0
5788.01462368244,8,1,6,10,5,407.7338868531254,5,4.2119939345420505,0.8494464062257355,0.42699809274125466,0.687321007233317,1,2,26.655136210263603,1,1,15.198989551448436,0.2,3007.5737708242946,-1.0
4694.018062947224,9,2,4,7,4,477.6005069503121,3,4.096290405456044,0.17464718589632955,0.5775592176619697,0.6310595798821801,1,5,27.029801819853155,1,4,14.818836538654077,0.6,1489.8324877864793,1.0
9841.193940004852,10,2,14,5,2,120.1171240771354,2,4.834536133155361,0.40659053735947226,0.48596887522158466,0.6717750668016288,1,5,33.52565372182346,1,1,19.680292384572297,0.4,2862.0567211773864,1.0
45557.77802350046,6,3,7,13,3,94.91700172305295,5,4.323669170227996,0.633711599765529,0.7560768296228343,0.11299475456756297,1,1,41.07568175905477,1,7,19.662934719924205,0.5333333333333333,11563.31368346355,1.0
16632.577743405753,1,1,6,15,4,407.38342572036476,5,4.788530236512828,0.6449029052923559,0.5729509463004211,0.3390262968434013,1,5,45.284771450704255,1,3,21.52137635050668,0.5333333333333333,7837.832831767733,-1.0
1878.658661709301,8,1,11,3,5,332.9537302569418,1,3.768085276782201,0.6662678614790385,0.9933013188334987,0.28058217907130195,1,1,23.786080222537734,0,0,0.0,0.06666666666666667,804.2959557365417,-1.0
36892.769116942785,6,4,11,16,3,540.2250134981643,3,4.624947642088343,0.32694102433667527,0.5834463744683747,0.4221629767956482,1,5,41.53186322514879,1,4,19.681936024334842,0.6,11020.000228929668,1.0
5175.631473820687,4,1,4,9,4,284.26573965681666,3,4.460498379059143,0.6191727353658367,0.5119839638786096,0.12055171589552655,1,4,38.40926327789826,1,3,20.310032621356346,0.4666666666666667,2345.751249233987,-1.0
4949.657944336701,10,2,3,11,5,347.75593149909105,4,4.3038017311249215,0.8324171834102527,0.985283816988413,0.4793314370175892,0,0,0.0,0,0,0.0,0.0,1878.373957380808,-1.0
5761.605515199562,11,2,2,11,3,429.12072665647963,4,3.615541810586298,0.6136379029893838,0.9387611760662421,0.7479395362423195,1,3,33.61201859887913,1,4,18.738474499716723,0.4666666666666667,1750.0293001118657,1.0
3034.023353358219,11,3,5,5,5,223.6752331872228,1,4.950359951951016,0.8332043565966744,0.581810504189218,0.873238013241666,1,1,30.93448285352811,1,4,20.354437073585945,0.3333333333333333,1202.9200343032194,-1.0
27728.668644466445,7,2,12,11,1,257.81156754995266,5,3.6786105346191347,0.5059316543195584,0.49715380397932823,0.6264817744451936,1,4,21.58409696109851,0,0,0.0,0.26666666666666666,6737.04633973867,1.0
23520.93942518294,3,2,10,15,5,293.11838151211794,4,3.7938959458685857,0.4553831354806076,0.6489762616478083,0.6843939819858396,0,0,0.0,0,0,0.0,0.0,10030.653711351131,-1.0
17629.90996789456,9,3,13,18,3,235.94642515144375,1,3.3250759749374157,0.6756213095982433,0.4228517803595916,0.5959748518993314,1,4,24.586767511178632,1,1,12.12936835544731,0.3333333333333333,8074.062160554104,-1.0
12272.797445301745,8,3,4,18,4,93.60415654715547,3,4.185541881740369,0.1483603372895168,0.5032516194715759,0.8030153998343316,1,3,24.997035133102973,1,1,15.55857674621939,0.26666666666666666,4555.280809710228,-1.0
5731.799854962625,7,1,4,11,2,396.55121977391485,4,4.566939120098535,0.27706924971339963,0.9645281017355226,0.1994766731446963,1,2,19.57421218058584,1,6,13.3216739629389,0.5333333333333333,1939.6342034075437,-1.0
22515.45501889358,5,2,9,10,1,132.02745426685559,4,4.901065641908818,0.022066148682290843,0.9895127633536233,0.16890571125094428,1,1,46.15651005100745,1,2,28.525338170415175,0.2,7900.163399434006,-1.0
6351.528396082948,6,2,3,7,3,302.63229244029856,5,4.811077675857803,0.8353725302842461,0.5181327230654101,0.45292044178450597,0,0,0.0,1,2,25.891315817752112,0.13333333333333333,1931.8409153584043,1.0
19671.76713335673,6,2,9,16,4,278.3187167440966,3,4.251301578854553,0.5716076494829438,0.510903038768215,0.14766967788251498,1,2,35.192782523413854,1,3,24.658965943674865,0.3333333333333333,9403.930787026551,-1.0
14118.214464852843,11,3,3,19,2,161.261672037012,3,3.1023004112407953,0.3977934409290982,0.7070244682688205,0.48663542797306014,1,2,24.798941424843072,1,5,14.050427466083244,0.4666666666666667,4298.708121698703,1.0
11968.679881269256,3,4,9,14,5,112.44735327945767,2,3.37055370066708,0.5412701109416781,0.7873433088564568,0.13646812635893504,1,1,29.347126829340507,0,0,0.0,0.06666666666666667,5415.937508540728,-1.0
21213.037293863264,10,2,14,9,4,246.97684409102945,3,4.381452630226526,0.728786222256576,0.4281837946588839,0.8424414001830786,0,0,0.0,1,3,13.900463885859404,0.2,5926.266172057168,1.0
24864.9955686347,3,4,11,15,1,278.49365032564924,4,4.1592381944562735,0.02221848202558041,0.993123992227424,0.13314247105551022,1,5,31.603931374132973,0,0,0.0,0.3333333333333333,10620.802711043978,-1.0
20178.46018006775,2,2,10,13,2,232.59255928798652,4,3.145469895557337,0.28060081323791597,0.6099627121424285,0.7259406497702303,1,5,27.61230227469589,1,5,13.715181919689538,0.6666666666666666,6966.935077132227,1.0
44419.4564867893,3,3,7,19,2,495.7575194685063,4,3.8400220085913257,0.57835976311654,0.8995670639956787,0.7433324519871073,1,1,41.7801633626588,1,7,20.47884446078368,0.5333333333333333,13573.79154379433,1.0
17286.853054733547,7,4,6,16,4,421.5008249350341,4,4.988163309291151,0.011078552594309676,0.8381040719864059,0.5574314527487844,1,5,26.896080903172223,1,7,12.422481110824876,0.8,4632.288955342324,1.0
28100.074431641468,11,3,14,13,3,242.41991129946996,1,4.311806626196799,0.19881406093740295,0.5890063043100547,0.27968195205990787,0,0,0.0,1,3,16.332432013442638,0.2,7287.106924537781,1.0
13397.792692352017,4,3,6,9,5,362.0650192858404,5,4.470050372379647,0.6101079220362347,0.6929066051864885,0.20654570053401874,1,5,31.764455475117305,1,2,21.16024724028566,0.4666666666666667,7028.202118155775,-1.0
9743.744531004166,6,3,9,6,5,225.27928219478798,2,4.882948475012131,0.1744092671114995,0.6829896944503573,0.17313759345371055,1,1,36.39933453369771,0,0,0.0,0.06666666666666667,3852.646560853213,-1.0
18175.334877853053,1,4,9,13,1,523.9156865845055,3,4.176187275210894,0.31607768384326407,0.7761810607172299,0.7467159058432183,1,3,37.66433489455656,1,1,22.729378285790737,0.26666666666666666,7602.883789129093,-1.0
3932.219259620805,7,2,2,13,5,284.57486098302365,1,3.163149851222732,0.08778823705815997,0.5030976762145951,0.5144619984322758,1,4,18.11281728628658,1,7,10.863661472744539,0.7333333333333333,1115.0693761676653,1.0
2966.283347259923,9,1,9,4,1,61.075816922109404,3,4.114809928628374,0.7070152942725908,0.797540750643271,0.7461742559851837,1,5,28.24125372589221,1,2,12.764016749127077,0.4666666666666667,1333.1738368653168,-1.0
39719.827185571674,3,4,14,9,5,50.511179278478586,5,3.2762505862804945,0.8591117576469165,0.7000349555146521,0.6399145624433238,1,1,38.99418401036465,1,4,18.73149916846494,0.3333333333333333,9129.03510031505,1.0
5371.467320667223,7,1,7,14,2,480.0400021482894,1,3.3037723446732605,0.32855814988579846,0.43267962842010255,0.24596643252199205,1,2,23.151689352680396,1,6,12.768434832864829,0.5333333333333333,2375.6914072826567,-1.0
5612.862237915558,11,2,4,5,3,269.0543019989799,4,3.538323141983258,0.19863161386186912,0.870032331997503,0.827402155549594,1,1,26.861207122910244,1,6,15.139361726583283,0.4666666666666667,1305.3606531325952,1.0
9507.702303415183,7,2,3,17,1,546.7864578023218,3,3.497079641854852,0.3169426217672814,0.8852957940950104,0.8003909203167172,1,5,25.815236862014373,1,4,11.580221201827477,0.6,2619.480589069978,1.0
36725.02614882905,7,2,13,17,3,330.81372480067694,3,3.612094332457543,0.06368476750251673,0.5062762865189524,0.10411170206844825,1,5,24.119020885679163,1,3,15.168879452027424,0.5333333333333333,8594.088535473322,1.0
16591.542469823253,6,3,7,9,5,437.772498494476,4,4.24995949675207,0.6383505774204318,0.584287388862527,0.7877436680642663,1,4,33.82368813389349,1,2,23.57133237584149,0.4,7010.194762240347,-1.0
27566.504787430757,4,1,9,17,3,486.18466560386076,3,4.418777643648772,0.10540137739646227,0.9033123171424413,0.6368103844263279,1,1,35.51456550439534,0,0,0.0,0.06666666666666667,8031.586411347254,1.0
5074.731421707406,6,2,2,15,3,423.5394125757595,4,3.46614562378167,0.6951874662100657,0.7777770069631555,0.7907876866952923,0,0,0.0,1,5,19.782995879062476,0.3333333333333333,2647.222050486231,-1.0
957.6038763401389,1,1,1,2,4,340.1600069496809,5,4.041087674609717,0.44066488342429355,0.9279487760362087,0.5044166333787923,1,3,37.56797920224299,0,0,0.0,0.2,268.9046080727914,1.0
6096.183177601844,8,2,13,3,5,501.1393254196893,2,4.3470931562627815,0.13736174596867423,0.5661219816952073,0.13685045094558196,1,2,28.219226486864823,1,1,15.013577022265547,0.2,1447.975555177179,1.0
5677.85736794986,3,1,5,8,1,280.28232883022633,1,3.210810571912334,0.5538234406337256,0.7077876098925444,0.32511438573773044,1,5,29.95713092335199,0,0,0.0,0.3333333333333333,1528.5436817098243,1.0
759.8955380635142,1,3,1,1,4,331.8160514026586,2,3.1460071857992546,0.7440285803476767,0.8266005771698868,0.287599582139275,1,4,49.99657506651308,1,7,27.552796053409885,0.7333333333333333,294.3327322658178,-1.0
32327.199885390375,1,1,8,18,5,456.5002820961242,3,4.351173547134877,0.5088940700698802,0.9168674116127945,0.7928285400366052,0,0,0.0,1,2,20.414162160104514,0.13333333333333333,8233.437454936337,1.0
3075.6966480331016,2,2,7,8,2,346.1172386078267,1,4.715061215503847,0.0973668937912211,0.8238231980859976,0.3764636686966505,0,0,0.0,1,3,13.081548381086106,0.2,1588.642650228815,-1.0
8511.17675418297,4,4,11,6,1,573.2682740885084,1,3.4671347221372217,0.0681866197654627,0.5122745622463011,0.544439655908496,1,3,36.424390967821836,1,3,26.867083676408132,0.4,2717.271128404654,1.0
488.2126463595733,9,2,2,1,2,213.70765266255424,1,3.6292578178703976,0.6740175348839673,0.9065889184914294,0.8326460666805379,1,3,22.408916016627426,0,0,0.0,0.2,128.22620633847453,1.0
3926.165283815375,1,4,5,6,5,144.53208167475833,1,3.493922333983785,0.8596453453526065,0.5012860034707385,0.7831543057134823,0,0,0.0,1,1,28.415969634829768,0.06666666666666667,1243.9479653970873,1.0
15607.010400257861,1,1,11,7,4,383.259407477836,4,3.577937049842117,0.3770539310016988,0.6359924022311132,0.5356442597237404,0,0,0.0,1,2,21.982777894073642,0.13333333333333333,5173.114563620559,1.0
1970.1445569483799,6,2,9,1,5,270.823685810682,3,3.7547263535933015,0.41351653028995916,0.4238868636674523,0.31919047957597746,1,4,45.769769849569826,1,4,20.151428852488944,0.5333333333333333,684.4608796228893,-1.0
3336.5020760659136,9,1,13,2,2,109.77539665608064,5,3.6851821656222636,0.6276688771588087,0.515209650844022,0.21681681543757003,1,3,27.222094569061575,1,3,11.958534330827383,0.4,1220.521879568401,-1.0
8108.51322639066,4,4,6,7,2,131.67872990402446,2,4.377621007179974,0.5519363610604665,0.5451029172492119,0.4407980155747425,1,2,39.52423100366334,1,1,23.360236044189165,0.2,2131.8762584571973,1.0
63148.82340738985,1,4,14,18,2,149.0872562529406,4,4.0345869643045065,0.4131073977271442,0.5196072936827099,0.4298931898197449,0,0,0.0,1,3,20.594922706722514,0.2,18428.31426229976,1.0
4758.808073666406,11,1,6,9,5,350.0196872721596,1,3.1795190011203145,0.9108262646863152,0.40362822591038705,0.4870881750914492,0,0,0.0,1,1,14.644667315702529,0.06666666666666667,1430.1744379625154,1.0
35456.02867722601,8,2,11,18,5,354.696290526722,5,4.753227654031783,0.7288698044883412,0.5808778356752804,0.5794983942975891,1,1,21.730930549172765,0,0,0.0,0.06666666666666667,11237.82789529617,1.0
22343.459011644714,8,4,11,12,1,222.72409380513787,3,3.93007266844182,0.22697853947152102,0.8463431123812912,0.8353664248429802,1,2,23.239779024165905,1,5,13.503593906502502,0.4666666666666667,5318.10369439061,1.0
1390.9020160672871,3,1,12,1,4,496.4936950929875,3,3.86738866264076,0.8484717744062646,0.6179532110054862,0.735148106761481,1,4,39.631253985112316,1,6,20.73431499742938,0.6666666666666666,716.7903813279906,-1.0
20872.90255569707,6,4,10,8,5,305.31217192366967,4,3.372839609707949,0.7493694366449569,0.7274175812878155,0.2632515108372805,1,2,31.239482798372283,1,3,27.440178580389,0.3333333333333333,5653.372734428854,1.0
26500.327678077127,11,2,14,12,1,543.8753689017606,4,4.071269001175149,0.618290798754788,0.8084034239354423,0.6333852238860718,1,4,23.74072853751212,0,0,0.0,0.26666666666666666,9491.309893114694,1.0
19889.476951186825,7,1,14,16,4,455.992548795264,4,4.456232874672333,0.600251410099583,0.8387503536084251,0.7157972982856697,1,3,21.05307664419676,1,6,13.471289991318834,0.6,8501.198560665525,-1.0
7847.469802977473,2,4,4,19,3,237.00241233294068,3,4.702811495782948,0.08426436615585109,0.613655851099853,0.6443075310100177,1,3,22.250784463892636,1,5,13.064452835551803,0.5333333333333333,3496.811365447961,-1.0
8287.290251531354,6,1,10,8,5,510.0919899184969,2,4.333854894917361,0.43539632339975143,0.9718720686364827,0.6753961604606655,1,4,32.254364612183494,1,2,25.209780418039564,0.4,3774.355477025783,-1.0
9050.49276457854,3,1,12,7,4,146.02441818595253,2,3.7594748096432973,0.6171942271169667,0.9818913187802708,0.6821049101597509,1,1,38.4449719867452,0,0,0.0,0.06666666666666667,3330.4095650823597,1.0
16941.2582366732,11,3,9,12,1,274.33928467900404,2,3.668885054236208,0.5193126926423032,0.518533543407087,0.7441395178883015,0,0,0.0,0,0,0.0,0.0,5667.223639209286,1.0
9388.08052818244,6,2,5,12,2,88.3456842085512,4,4.845290279207144,0.5023718199720955,0.5967303964109552,0.6897059311653113,0,0,0.0,1,4,26.3761592192068,0.26666666666666666,4710.164240038672,-1.0
14188.570173928903,6,1,3,18,3,96.97166658949692,5,4.036020862752196,0.6141862443190114,0.5419658696245044,0.486798468085443,1,4,32.46159659411148,1,2,20.298126825040228,0.4,4486.679107155612,1.0
31940.085854165583,4,2,10,11,2,271.2688727603046,5,4.4381512410216235,0.5475178840599945,0.9662668668210215,0.3007122532272838,0,0,0.0,1,4,22.648132736687337,0.26666666666666666,9546.936098003665,1.0
26274.5566742327,6,2,14,8,5,536.644370866858,5,3.198989337745929,0.7665959447120516,0.9797645786489115,0.8760595653333655,1,5,41.62760569067397,1,3,24.83145740199647,0.5333333333333333,10024.971151393853,1.0
37002.4309588745,10,3,11,16,1,102.60238281304376,2,3.1124485897019447,0.4856342984133404,0.9476804802447171,0.5882904062545257,1,5,26.787896945236696,1,3,14.581409451986028,0.5333333333333333,9777.460361587078,1.0
35107.79621331013,2,3,12,18,5,523.3673019838868,4,3.1594301463745698,0.6831142857230466,0.9595400252235765,0.5605322023979358,0,0,0.0,1,4,17.274778877682337,0.26666666666666666,15299.540552330925,-1.0
48404.582061725894,5,3,10,13,1,122.20838460265333,2,4.6899417072802025,0.47632235220690433,0.8018526707309488,0.4218984405779741,1,4,49.56504710043308,1,3,29.084616467549523,0.4666666666666667,11337.544138633431,1.0
7973.451109914973,7,1,5,16,5,131.3770837601732,3,4.694538819925448,0.20600567855203988,0.9712573909917542,0.3734926150385208,1,5,20.839668592434123,0,0,0.0,0.3333333333333333,2794.7848491048826,1.0
20416.725808238494,1,4,9,12,5,552.2763274535987,4,4.659131662856737,0.1336956543994362,0.9612366938006792,0.7011386540250422,1,2,39.461946463527426,1,4,26.332987903606107,0.4,8394.371994742813,-1.0
18787.964906477573,9,4,5,19,2,67.84809223487164,5,3.798252200889932,0.2422571575847674,0.5220927967331875,0.863643073934,1,4,28.67355303535159,1,4,15.194251117113488,0.5333333333333333,5362.230200287903,1.0
4620.470145163239,5,2,11,3,1,229.42127883951233,1,4.186112379934715,0.48922725474991924,0.48000668038982225,0.2940354212663766,1,4,40.10563413044062,1,1,23.390514666454138,0.3333333333333333,1659.5984766079198,-1.0
5565.649672068141,11,3,8,3,2,420.7208270837262,2,4.1956160268030285,0.6647392049108463,0.651600808251573,0.660878069891416,1,2,33.91536971019429,0,0,0.0,0.13333333333333333,1427.296880347813,1.0
4743.658488220781,8,4,3,11,2,521.2594423477469,1,4.434523751731513,0.5820701311242236,0.8786828088046434,0.7914930131647786,1,4,25.435702092203936,1,1,12.843228518074058,0.3333333333333333,1167.0497728429903,1.0
2805.408806208506,7,4,1,12,5,279.44035343663614,4,3.4079892072187747,0.8264646094921829,0.7346132147112716,0.14368824257077525,1,5,21.593022297640886,1,5,15.416546616439012,0.6666666666666666,1055.3172486147544,-1.0
10268.87850396227,2,2,14,4,4,443.4595594482604,3,3.9432527303905234,0.22748160369353998,0.49971099976584954,0.3661835812083033,1,5,20.623639112024673,1,1,13.434711162201907,0.4,2483.00057238461,1.0
14754.530805264048,10,2,6,19,5,103.18200788316193,4,4.922829080847278,0.6359107657097384,0.859521055397519,0.16337052000669666,0,0,0.0,0,0,0.0,0.0,6236.695556806851,-1.0
13046.483973402326,4,1,8,6,3,64.9086587849282,4,4.123870507039326,0.11193457813478924,0.7657035346029899,0.5547455634644026,1,4,38.176977135685014,1,6,26.900064434537992,0.6666666666666666,3372.3360428914834,1.0
16419.357958839493,11,1,12,16,4,299.05364290637976,1,4.91774374638082,0.14281430447286736,0.7478977456286351,0.3260402140149111,1,1,34.66459939330723,0,0,0.0,0.06666666666666667,4904.338085830982,1.0
8844.11355655951,9,4,3,13,5,192.3358246004882,4,3.2307256026114075,0.8696813233436628,0.6833358554537226,0.6703058954757892,1,5,24.764859202582997,1,1,15.173115857416324,0.4,2079.57226022377,1.0
5100.481110451112,8,3,6,10,2,568.3042917076281,1,3.0283932689434474,0.25763199876352916,0.6699662045613157,0.6543271288198141,1,2,23.50446730669097,1,1,17.77154336045971,0.2,2389.670827923198,-1.0
11743.202399675727,4,2,9,5,4,514.7567304356767,5,3.454522107119325,0.5437870703917469,0.8169820798728855,0.5121336227092711,1,4,32.88030486324131,1,3,20.07159949286854,0.4666666666666667,4107.479945148457,1.0
5680.815638466643,9,3,12,3,3,238.13818906165545,4,4.410980049346233,0.18750445711898034,0.8503590740464758,0.2887972847273901,0,0,0.0,0,0,0.0,0.0,2418.6043307289656,-1.0
48748.35175302346,6,2,14,18,3,126.6976299128381,5,3.4882951210138144,0.4501098586850296,0.9554964246661104,0.6279947601082537,1,4,37.882855270053085,1,3,25.13656794653876,0.4666666666666667,22122.71252566907,-1.0
4882.89964339556,3,3,2,5,4,429.5677147251044,4,3.6459793663537368,0.8890121901109594,0.49638016757113046,0.23841909580093149,1,4,31.510617218826,0,0,0.0,0.26666666666666666,1232.8014054309183,1.0
11177.736425804527,9,1,7,12,2,226.40347027136417,2,3.0135930971722233,0.763856500200214,0.7084491524597112,0.7234921362680958,1,4,28.7383164949644,1,6,11.575169943561773,0.6666666666666666,2772.348765424923,1.0
2211.799323074215,11,3,7,2,2,377.8784572524433,2,3.556535321637539,0.3954182702423781,0.812313997881206,0.751834934018927,1,3,33.95984872030024,1,3,14.3754084675244,0.4,924.7752914948287,-1.0
4952.621442121049,1,3,13,2,4,99.26131337397086,1,3.542284506761176,0.7603282214041377,0.8334468306781267,0.10591352115543443,1,5,39.921341510547826,1,3,24.227589239443933,0.5333333333333333,1645.4564456995697,-1.0
5090.4898194779225,5,4,6,3,4,287.72708272747957,5,4.716645877757716,0.8448640854105085,0.6158053367338406,0.6497874747685464,1,3,47.39254207021419,1,5,25.99238904138398,0.5333333333333333,1871.4790065924835,-1.0
32602.41149012748,11,3,10,15,3,496.3948579446694,3,4.632184705828523,0.9839063638971636,0.9458462120276103,0.7814322709284334,0,0,0.0,0,0,0.0,0.0,9808.66544236778,1.0
3388.7469956415052,8,2,1,8,5,51.14208468004466,5,4.036559441377422,0.7222160986736462,0.5044940154372378,0.5375049390299463,1,3,21.07598537652965,1,7,14.157757251673619,0.6666666666666666,800.6079750922853,1.0
8777.792743502903,4,1,2,18,1,354.68871797104435,1,3.910151271040769,0.16355379453018737,0.5824743096808217,0.5968850599281624,1,4,32.58190086324367,1,5,23.11485816022459,0.6,2299.515262930816,1.0
7295.513941322294,1,2,2,15,5,68.90727209344887,5,4.732367417738059,0.4991864509333305,0.5779225537721572,0.312090600332119,1,4,46.66853352566882,0,0,0.0,0.26666666666666666,3388.740331468195,-1.0
3865.6287021657986,3,2,12,2,5,306.9935478041264,3,4.821329990767777,0.43567206612229037,0.47745171708547707,0.6938390053871555,1,2,37.03760077518388,1,7,18.103958461889402,0.6,1518.7194891573777,-1.0
1920.4774600730973,6,1,7,2,5,509.23558212562926,2,4.013999240286695,0.5721719617837697,0.9594088849802265,0.7865654327816238,0,0,0.0,1,6,20.93245033513235,0.4,740.522462243658,1.0
2655.7034611044874,4,3,1,6,2,91.22802390850718,1,4.672757154820799,0.9744393106384753,0.9853611514939914,0.15222140605317114,1,2,44.37813532849099,1,3,24.507907923862064,0.3333333333333333,608.2892789823234,1.0
5660.862446975659,9,3,6,3,3,103.3600200303992,4,4.185392133285756,0.8250353191428,0.9149982590685549,0.4708976594747599,1,2,21.916557258499356,1,5,11.941301234023227,0.4666666666666667,1304.0841810529446,1.0
24696.609263919163,1,3,10,5,2,425.3814515639101,5,4.399068515231048,0.30693107298123257,0.43425660274476624,0.3744413860157205,1,1,33.59315716553302,0,0,0.0,0.06666666666666667,6686.22607579438,1.0
6531.975984172753,8,4,7,11,5,528.143765545791,3,4.642518840745691,0.24465505460471304,0.6527805289800188,0.7710714694122163,1,1,26.207436321681673,0,0,0.0,0.06666666666666667,3042.749826721446,-1.0
4328.1801890346,3,2,5,8,2,383.1645517865139,2,3.684790246591719,0.5464763610253764,0.4548119456341335,0.705317239481919,1,4,30.915999140273804,0,0,0.0,0.26666666666666666,2128.285922741394,-1.0
19955.015494677373,7,1,8,16,4,110.22003490495419,5,3.6534777811372674,0.34961439880772216,0.7578078984980656,0.3193703112993176,0,0,0.0,1,3,15.311580789325896,0.2,5402.937370245109,1.0
16921.092348172173,5,2,7,10,4,206.08886867285204,2,3.259714026835762,0.6761957463565392,0.9151600641894989,0.8701860670889112,1,4,42.13599995108805,1,6,27.82190188716551,0.6666666666666666,4907.398007476456,1.0
42529.35407062627,2,2,10,18,2,80.91764800293316,5,3.9944583900399913,0.9503070137361812,0.5799630938788382,0.11533431001998223,1,5,20.893684757408224,1,7,17.193947047641835,0.8,11069.812960673169,1.0
16290.44023205906,8,2,12,13,2,315.9660221371271,2,4.517953663708061,0.500619532333931,0.9470710674290629,0.21729164572787385,1,1,24.154537822692017,1,2,14.238012291803159,0.2,5396.17141616653,1.0
8551.068334616373,3,1,10,11,2,591.1620170783212,1,3.7090964176572148,0.5645940812903215,0.5513936465582472,0.8322319523034192,1,2,31.035171804534315,1,2,24.64245662731147,0.26666666666666666,3693.3694251624884,-1.0
1853.3288836255024,4,4,2,4,4,336.4871804853736,4,3.376605049834213,0.3037350462250994,0.455810445557605,0.21509437307466384,0,0,0.0,1,1,19.48677929854462,0.06666666666666667,626.7228333250035,-1.0
9120.650177130547,8,3,13,5,5,349.7402529550099,4,4.847462791753552,0.8214712527761908,0.6124387374130564,0.6246566138619143,1,5,22.793345441084934,0,0,0.0,0.3333333333333333,4714.663090455633,-1.0
11128.388784373654,6,2,5,17,4,363.22349218521674,1,3.849566683048373,0.3417488423259273,0.5100541860987736,0.10547259851869084,1,1,46.0161385401725,1,7,26.698256881250778,0.5333333333333333,4308.2151904176935,-1.0
15121.4960481612,9,3,11,5,2,260.5583671226394,4,3.978477722855549,0.21774870483402198,0.4469810022877345,0.5587454602845289,0,0,0.0,1,3,12.56971115075447,0.2,3693.255653698741,1.0
719.4537586268231,9,1,1,4,4,531.6268201723583,1,3.0074048136648335,0.1625612059314151,0.6097136807016388,0.35257690381639095,1,5,22.151467915016507,1,1,16.316279597921024,0.4,289.8359916166736,-1.0
5996.878508269957,3,3,2,10,5,368.7782000769707,2,3.5392600175343656,0.8196770027804591,0.9996101802833202,0.26914500639912897,1,1,41.896745440230326,1,4,23.48141314980717,0.3333333333333333,1724.2114568041807,1.0
38682.896720441255,5,3,13,9,2,140.05092683354403,3,3.2003099950135336,0.2717175988981797,0.889573473649124,0.4026524857322076,0,0,0.0,1,6,26.09754436191639,0.4,12138.873686209508,1.0
10924.540188341825,3,1,7,12,3,501.46695509472084,1,3.0370624671886666,0.14362137806881625,0.7947696914689756,0.6819816623971973,1,2,32.5783717431263,1,2,22.96060717354107,0.26666666666666666,2925.4435190648887,1.0
4689.786995251537,11,3,9,2,5,325.0186535632844,3,4.992448986089277,0.47453356262244073,0.8896340542685941,0.44565382805329423,1,2,33.41881571098373,1,4,18.062701495615485,0.4,1348.5517345190976,1.0
4913.1870234834,10,2,5,4,4,59.16935282979821,5,3.4729498244773893,0.21150674928176805,0.8416212402556393,0.35601289046991347,1,1,34.20558605586672,0,0,0.0,0.06666666666666667,1328.6858150385162,1.0
20440.13234694851,3,1,11,15,3,54.74045142547915,2,3.870585448375268,0.5251538941116284,0.5197772845959505,0.70043533100299,1,1,34.51110736691836,1,7,25.280523472524656,0.5333333333333333,7159.627549084097,-1.0
7716.503949986616,8,1,10,5,1,278.5952801160354,5,3.0583397845814866,0.5412382144338301,0.43174445996239863,0.6609153759733227,0,0,0.0,1,5,18.46838016877653,0.3333333333333333,2489.1446715625225,1.0
2768.0519499314564,1,1,6,2,1,527.927507761493,2,3.9022601395956826,0.718699265972796,0.751741299268457,0.49389363896099914,0,0,0.0,1,5,22.544467990538763,0.3333333333333333,694.4529355647325,1.0
14237.630333190828,6,2,10,7,4,397.3494082718882,3,3.258761233933402,0.37582121900794097,0.45948766736657437,0.5983632353467054,1,5,35.486111774851686,0,0,0.0,0.3333333333333333,4637.48712464121,-1.0
4679.134636561871,9,1,2,19,2,280.4079936361053,3,3.168426022354197,0.9845758963761131,0.7998443828169514,0.328323254770738,1,3,23.406526633495677,1,4,15.30497638906648,0.4666666666666667,1865.2781506622737,-1.0
3814.6861396829804,4,1,1,18,4,93.24469104436693,2,3.0493399090809743,0.40689843139062787,0.5324194448712011,0.5266466899669927,1,2,34.094122341371474,1,6,18.879557419944344,0.5333333333333333,1582.1154033344442,-1.0
26013.07640128338,9,3,10,17,3,236.17878368401009,2,4.360501376660748,0.8254398957486287,0.48796498021600193,0.2277330794937206,1,1,19.569425462173243,0,0,0.0,0.06666666666666667,7463.495317702498,1.0
1049.025126004332,2,1,6,1,5,514.3022427032449,3,3.8129254359041447,0.7718360352301099,0.6903263587385555,0.8180258612176673,1,2,30.172840911419797,1,4,13.66860989882959,0.4,322.1912463598541,1.0
4236.62272548772,7,2,5,9,5,573.7430430992781,3,4.134886416046459,0.3770077119587446,0.9789571609010955,0.3188336232015495,1,3,26.615875619573718,0,0,0.0,0.2,1882.5116097649468,-1.0
3542.96215662395,2,4,9,3,2,416.27094134425533,5,3.6833491476369082,0.9533163722009605,0.9419144144336714,0.6709650069413657,1,4,27.582913341878466,1,2,15.322005629086911,0.4,1563.2266738718447,-1.0
1970.973593894929,1,1,3,5,5,167.1694259137953,1,3.167581945096523,0.6430609935400297,0.8575204226653208,0.5679447151829774,1,1,46.81349616124415,1,5,29.39775091274407,0.4,817.6730238681758,-1.0
1626.3984840316034,8,2,1,8,2,418.09618771401176,2,3.521350315481187,0.296895674268043,0.40037650997707375,0.870475304718242,1,4,21.87474370550407,1,2,16.17184421417535,0.4,583.5053837465846,-1.0
9482.08588609708,2,3,4,17,5,179.62539401673672,1,4.526300115491122,0.8022491792351141,0.6310636737939522,0.43430719729408773,0,0,0.0,1,3,13.321867924291587,0.2,2594.3654783567144,1.0
35749.93515913574,7,1,14,15,1,93.41142027112679,5,4.872326083101993,0.51351786674177,0.9701675341668442,0.5285511763648238,1,3,25.145843521074717,1,2,13.433845030326701,0.3333333333333333,8884.403466587346,1.0
1541.322924673665,7,4,2,9,1,563.9971350920231,1,4.835545304988879,0.9083472102430096,0.7627444661549453,0.522209652269158,1,2,20.128865393171786,1,3,14.988069490590064,0.3333333333333333,664.4332430927367,-1.0
20376.434115429434,1,4,7,16,3,349.2597431667077,4,3.5969861961499268,0.6723618579321944,0.59725607653267,0.3224897340430427,0,0,0.0,1,3,27.645558568966532,0.2,8458.144867769313,-1.0
2790.8007201497157,5,1,6,3,4,476.72578586153276,1,4.445537352021591,0.9453070402516367,0.9502460676818879,0.5667409721152729,1,1,39.52680600927466,1,6,30.434567324303078,0.4666666666666667,939.4140877568427,1.0
31862.962227884393,11,3,13,10,1,335.56383603190307,4,3.1638768780762923,0.19598018470176193,0.9662598293272087,0.8811917289183098,1,4,29.416945349855716,1,2,17.294496928487476,0.4,10505.415650055775,1.0
12417.100235697177,8,4,6,10,3,161.14451484758644,4,3.0078367499021867,0.9994606810596731,0.8813642182884867,0.7293784117868326,1,3,22.104512999029957,1,5,13.567561920120953,0.5333333333333333,3022.670565544724,1.0
3028.244052776461,11,2,12,2,4,106.28269874373473,4,4.3987694819747345,0.11201171306820568,0.9096786579571332,0.5262777058266079,1,2,24.372090986349534,1,5,19.118557630829176,0.4666666666666667,1421.6925921207237,-1.0
7845.493605061346,6,2,3,9,3,146.18616490717446,4,4.080434533557237,0.050322932934663944,0.43774448561081436,0.24987743306143112,0,0,0.0,1,3,27.702328732752576,0.2,2199.194724787633,1.0
8863.426559180994,5,4,4,12,2,451.4579356072016,5,3.509327531779924,0.48895092643845206,0.6444447288128112,0.8892555926234612,0,0,0.0,0,0,0.0,0.0,4381.065419372458,-1.0
2695.7409460732106,3,1,1,11,2,537.0576939720972,3,4.764818372887577,0.5716788783497385,0.5989947065062105,0.6784457003682638,1,4,33.759797251679096,1,6,20.00651617243946,0.6666666666666666,1273.7679005858283,-1.0
4507.608750452937,11,2,8,5,2,599.9170844675201,3,4.277345272240811,0.14124369802655734,0.9523768820264655,0.17490631466690337,1,4,23.133693339190398,1,3,18.381401909876367,0.4666666666666667,2128.3831974288705,-1.0
14378.976427674299,10,4,11,18,2,483.91981816420974,2,4.777504967500545,0.692514012761193,0.5461170033397218,0.8453273998072153,0,0,0.0,1,7,17.795243896583795,0.4666666666666667,7455.722064428425,-1.0
14531.639198302739,5,2,7,8,4,495.15324944032017,4,3.09444975298951,0.1764397704703503,0.9735419034329094,0.15632428992201133,1,1,46.3663742526812,1,3,26.98475205253569,0.26666666666666666,5086.138272998051,-1.0
9670.531790039477,10,4,3,16,4,407.89841138359014,3,3.7813870742018976,0.6658308276518625,0.5293077145286613,0.27685724225119346,1,1,31.868744087523464,1,5,19.402099093703985,0.4,2610.355098698392,1.0
29289.10607686906,9,3,7,15,3,59.94460071312699,4,4.0997538423124205,0.6195825928270868,0.7980942070772261,0.769033050481968,1,2,23.82214835234661,1,5,17.193395595797192,0.4666666666666667,7298.199143391097,1.0
7501.1905979618,2,4,6,6,3,237.52129090343536,4,4.276448830081223,0.35000686847317874,0.957023531188475,0.15250087054225406,1,2,30.430946206701307,1,6,14.577731721299209,0.5333333333333333,1867.791492894049,1.0
598.6892547963577,8,1,3,1,3,261.1708548972854,5,3.2049926583784254,0.5354649496569541,0.4510861819336493,0.3423561343120672,1,2,30.32911608423053,1,4,16.63545865360361,0.4,227.607165767736,-1.0
2027.9376825303793,7,2,8,2,3,436.7598816265178,3,4.262376156120142,0.16361648874255508,0.739362116648826,0.5031304203044801,0,0,0.0,1,7,15.151904276735328,0.4666666666666667,723.8353234008554,-1.0
37999.218715851675,4,2,13,9,1,563.3772198629001,5,4.123896219986479,0.3145641509273652,0.450622537863103,0.648004869330543,1,5,39.23685060133102,1,6,22.585775556884848,0.7333333333333333,10629.00155807327,1.0
12645.048371622233,9,3,11,12,2,78.99038441939145,1,4.9578391122398,0.38636813713680696,0.560355211088237,0.43720894600823246,0,0,0.0,0,0,0.0,0.0,4309.28342486176,-1.0
28907.214820965895,6,4,13,12,3,404.8807045043324,3,4.611527836586663,0.8252486666521809,0.9209218454673873,0.43130521166327873,1,2,41.764337636855025,0,0,0.0,0.13333333333333333,9045.154663278132,1.0
10987.09073431967,11,3,7,10,2,347.3039714639083,1,4.839269816056149,0.3111947378040092,0.5254348772685197,0.7787857679469917,1,2,28.54974625301723,1,4,19.425556596237488,0.4,3154.5372181650064,1.0
1656.2346596650718,8,3,1,10,4,388.4982812114233,3,4.051540673366451,0.7181017379560225,0.7488723687571746,0.8582156656257186,0,0,0.0,0,0,0.0,0.0,711.5472098122438,-1.0
2052.6379789208295,11,1,3,3,3,595.5074858549966,5,4.666383319570908,0.42679037219391935,0.7892410833254405,0.6818147763619472,1,1,34.57038702953323,1,6,19.76014270002921,0.4666666666666667,682.3958292014092,1.0
2638.6210650553517,10,1,1,18,4,578.1199398105535,3,4.045418908135202,0.023591967780795864,0.6482397385481979,0.33939873540812837,1,4,25.491280170476628,0,0,0.0,0.26666666666666666,1195.8122211162677,-1.0
8642.064467646289,7,2,12,7,2,488.53524310747946,2,4.774883381504976,0.1373033751416044,0.6018074360293492,0.5693984951738743,0,0,0.0,1,1,12.236142598329788,0.06666666666666667,2557.711117493456,1.0
26390.931437645308,6,3,11,10,1,333.3557243760175,4,4.235733308824074,0.6658577662162772,0.6272045259836702,0.8635382242568591,1,3,40.948669511996194,0,0,0.0,0.2,11714.266302550455,-1.0
9022.360083554007,2,3,6,8,1,84.98079000778856,4,4.682192341232203,0.9968492842814399,0.6582059042134435,0.356238993997394,1,1,27.96092607010033,1,4,14.471211826692794,0.3333333333333333,3526.596762305314,-1.0
17415.393283352067,1,3,10,3,4,436.2787386808388,5,4.0762420200796265,0.07055006370989458,0.9604197946783836,0.7130810244459121,1,2,40.89254334308281,1,1,27.189105118979796,0.2,4126.733837567343,1.0
12018.66788964185,5,1,8,8,4,119.78005543470131,3,4.259744800366358,0.3597894133819296,0.6434872553201629,0.876350839107278,0,0,0.0,1,4,25.716479034007104,0.26666666666666666,4061.159963633163,1.0
12512.585982807734,1,1,12,13,2,438.29189632795016,1,3.777349501341901,0.44370144702966785,0.9347883613638734,0.42906423226498946,0,0,0.0,1,5,22.051920451856304,0.3333333333333333,5981.846546675463,-1.0
10887.289157399055,10,4,11,9,4,412.119777457373,4,4.542946689719213,0.915138820404896,0.9127092615464497,0.6465404505918545,0,0,0.0,1,4,14.082667528219746,0.26666666666666666,5137.915785609062,-1.0
15543.408203006897,2,3,9,11,2,174.11552067863028,3,3.943397533782419,0.9597837864377148,0.8056944000720672,0.8262006401929903,1,4,29.13249182624612,1,5,17.622064614709714,0.6,6277.218486287169,-1.0
6780.044195262499,11,4,6,7,1,187.6973012639705,3,4.776544393023012,0.45994195129396276,0.7641838697645593,0.2507998822364489,1,5,27.007584111428635,1,1,14.468697400534307,0.4,2055.166444997391,1.0
2718.6664216803906,3,2,2,10,4,462.64950620947445,1,4.0436617506103785,0.5856543354287992,0.4050973471643257,0.7088047863596443,1,3,36.08325148631642,0,0,0.0,0.2,1044.150169624566,-1.0
787.6498842792529,10,1,1,2,5,154.46302142669754,4,3.2333782398718,0.6560013546531093,0.6046895954918099,0.6980103764659814,1,1,24.026571179507833,1,5,20.63214242194659,0.4,198.37445955478185,1.0
10670.053520117614,8,4,13,8,3,534.9399333012216,1,4.825198691182781,0.8737946904198807,0.7010922253243066,0.4501170421260817,1,5,21.05525925311393,0,0,0.0,0.3333333333333333,2748.5302314516634,1.0
8968.436084394187,8,3,3,17,3,199.77346844959553,4,3.5039964432881434,0.9207564510547337,0.7489533027098532,0.5267841669958263,1,4,22.731431673586535,1,2,13.049911683196736,0.4,4048.5091577088465,-1.0
18369.460714691493,6,4,8,12,3,157.4474284667346,3,4.528191173157759,0.24781244290690685,0.4218044489897455,0.1814778121139062,1,1,36.547663575160286,1,3,21.322243334263142,0.26666666666666666,5719.470579323224,-1.0
5603.424922422384,6,2,3,10,1,500.0983527673692,4,3.571682897326819,0.07111070821343679,0.6073941613251156,0.6946355801792613,1,4,32.95845906348015,1,2,27.260703214983213,0.4,2713.986438603448,-1.0
6124.073854865183,9,4,7,9,2,297.3921948874358,3,4.203962705948905,0.6974478281643061,0.4542977866575201,0.49802345282196225,1,4,27.899441810285996,1,2,14.050254449482075,0.4,2563.481296949554,-1.0
1451.1244889976813,2,4,9,2,4,279.88267940763785,2,3.2995542633618054,0.06557907264663632,0.8376492692359243,0.5477739487426508,1,3,24.112832503870195,1,7,14.215161752454,0.6666666666666666,699.8193377387862,-1.0
969.5321900876395,6,4,2,1,1,405.5008116680108,4,3.492696494484604,0.06325340889867959,0.4790257211238131,0.7869959748236641,1,2,31.494804846082758,1,1,20.651656476732104,0.2,238.31410070365283,1.0
8735.07173146886,11,1,5,17,2,270.48517432035067,2,3.7034196359176166,0.5434844285830145,0.4436417570663179,0.7321050989808867,1,2,32.40377956949147,1,2,18.46189250251371,0.26666666666666666,3135.4182538255272,-1.0
4834.93545226921,10,2,2,17,4,174.96422280760245,2,4.7025223347241205,0.7984842429304254,0.5602991575527939,0.2956323543874395,1,5,24.258189034492162,1,6,15.385300704616105,0.7333333333333333,2179.138062365955,-1.0
15394.148395476997,7,1,6,19,5,375.2156319077846,3,3.151054172051774,0.8275812174807021,0.6566014514945014,0.5768511448804761,0,0,0.0,1,5,13.75412448105586,0.3333333333333333,3799.555464547099,1.0
5729.085619848674,4,4,2,11,1,279.14982057756276,4,4.328901314186519,0.708799264906154,0.5067278772763771,0.810826630819588,1,1,42.60455292970378,1,3,26.465226985401806,0.26666666666666666,1852.6839584867398,1.0
9299.735597261948,1,2,5,9,4,461.17842045469337,3,3.8157884735603806,0.28740253384548253,0.7347275101467314,0.3434460734566914,0,0,0.0,0,0,0.0,0.0,3076.3775270563006,-1.0
1228.6771723175896,9,2,7,2,1,207.76565510595998,1,4.196374999877057,0.6018263486330478,0.4387004552119371,0.8780179965069296,1,2,28.658810146121382,1,7,13.087106298474335,0.6,470.06447190635953,-1.0
18521.805603534518,5,4,4,16,4,286.4071916321514,2,3.0300450839611326,0.31271329514145807,0.752886224037759,0.2106265387237982,1,5,45.01002505736247,1,5,25.893638918923052,0.6666666666666666,4809.091279446933,1.0
25894.944546012877,2,4,14,16,1,352.79991534099753,5,3.6659132287428364,0.12495656608401806,0.4639307483296678,0.6506860999309262,1,4,30.43093268279706,1,3,13.242951659425774,0.4666666666666667,12107.871457084035,-1.0
2260.020580139185,11,4,10,3,5,288.28801276996535,1,4.478949307768227,0.4263182939907013,0.600222524545378,0.3531750272491989,1,1,30.82375199260102,1,2,14.779174675351088,0.2,909.9681026579785,-1.0
9131.57218512645,6,2,9,3,1,495.1851186545482,4,4.0406472523827714,0.9752445352839586,0.9794622663305723,0.2722152366286674,1,2,38.802980068671054,0,0,0.0,0.13333333333333333,2116.369865274823,1.0
4136.368775202163,8,4,2,13,5,227.75683742155758,2,4.80822732095901,0.15652921341574122,0.6199826200578739,0.595297120037357,0,0,0.0,1,5,15.97588018571404,0.3333333333333333,1117.217887776772,1.0
17272.97022961448,2,2,14,9,3,510.5979921591036,4,4.015018188938663,0.40125258320372803,0.9130470315818129,0.4455348249166631,1,3,28.578113676542195,0,0,0.0,0.2,6364.262014148,-1.0
13278.52008900718,11,4,14,8,3,398.63920400784303,2,3.452303199604237,0.8728302341533203,0.8887391272681017,0.2871382566235079,1,5,26.75972885046751,1,1,20.51568844305496,0.4,4205.06681131815,1.0
2299.873923439919,5,4,6,2,3,289.07298157405864,2,3.3612733958826304,0.48563073403212553,0.822505333716814,0.12383240322609775,0,0,0.0,0,0,0.0,0.0,709.8675687962941,1.0
22211.723969415663,10,3,11,14,4,247.02047268369003,3,4.019970158626994,0.4605825506946666,0.9404560974704395,0.8440043022328582,1,2,28.706931590159357,0,0,0.0,0.13333333333333333,10185.054353549172,-1.0
9238.996557142566,10,4,2,19,4,395.8802294273179,3,3.5250205809663315,0.05234717843131309,0.5385875863168382,0.7415311622689013,1,5,23.92462580971443,0,0,0.0,0.3333333333333333,2186.2011808216835,1.0
31485.843672745235,5,3,14,11,4,258.6510790123026,3,4.062402093639193,0.09887334266265135,0.887307752375651,0.7928185525444998,0,0,0.0,1,4,28.218891209888806,0.26666666666666666,15824.537549157878,-1.0
9193.412690638854,9,4,12,9,5,447.0907308234046,2,3.641126448721849,0.09352012359790951,0.6562674678516005,0.20300354989444439,1,5,19.74124343886429,1,2,14.437540223727998,0.4666666666666667,3441.5684369575997,-1.0
1062.8619025185435,10,1,1,14,5,52.59183403723264,1,4.526589823994563,0.13650301208358218,0.537202450830762,0.8059960840545092,0,0,0.0,1,3,16.970103339889896,0.2,557.0895891540298,-1.0
38748.27660922707,4,4,14,16,3,422.5153774846127,3,4.017883562018572,0.3190439298728074,0.9813807172493798,0.8464621224529161,1,4,32.77453418483821,1,1,26.35967161564211,0.3333333333333333,13206.169793025096,1.0
14520.86285706615,4,2,14,6,1,350.63821681501906,3,3.334940981100085,0.37900583317819947,0.612145074179365,0.2059751632142838,1,4,41.939821459118335,1,1,26.286661894344007,0.3333333333333333,5471.137805083666,-1.0
3838.366730403041,7,1,9,8,5,570.7965947032843,1,3.4798978074472626,0.08337905376875954,0.9571046511662671,0.5637896919518176,1,3,24.326764837484895,1,1,10.998184380159163,0.26666666666666666,1625.9671959314535,-1.0
25346.54026832573,1,1,7,19,1,262.9508007857639,3,4.671776816252485,0.10127612383100637,0.8055355736981265,0.2989803150324997,0,0,0.0,0,0,0.0,0.0,7413.898514385495,1.0
40982.41027607479,7,3,11,16,1,546.3981631636242,3,3.7128094716993294,0.7476518245649778,0.7304143268168768,0.753434695659478,1,1,24.27907630586812,1,7,11.005033333651095,0.5333333333333333,9377.071512283675,1.0
24990.74262166199,1,4,4,19,1,206.35855900250263,4,4.272267335456132,0.45421441976524746,0.9180580087130603,0.8335688904819909,1,5,47.803142069515026,1,5,23.991774450707027,0.6666666666666666,7103.601637278607,1.0
3173.1514029871983,2,2,9,3,4,481.7537599145441,1,3.2709890378576896,0.4475699505079721,0.8976573222603879,0.34214336830300374,1,1,25.58967990581974,0,0,0.0,0.06666666666666667,810.9889548442837,1.0
41000.771821049115,1,2,10,16,2,206.0600304782508,5,3.262029237300931,0.6009571949974972,0.42057874078198704,0.4980528667109807,0,0,0.0,0,0,0.0,0.0,14591.438100075915,-1.0
10560.331277485644,7,4,14,10,5,150.44382163920562,1,4.1134185131057075,0.7382955104783077,0.6013655465445408,0.7120852733065047,1,4,20.65782273192774,0,0,0.0,0.26666666666666666,3127.021827375117,1.0
18796.329460268007,11,3,6,15,2,97.18685669471921,4,3.963972373652812,0.7560042417740771,0.6713884210308013,0.13453623269035317,1,5,32.77784072184665,0,0,0.0,0.3333333333333333,7559.913263624758,-1.0
22709.418614686678,1,2,8,12,5,599.0287142057962,2,3.3824210354934836,0.31274111618840017,0.6916265190907925,0.6312805369183128,1,5,40.338705540588194,1,7,21.089390358275867,0.8,6265.062546629758,1.0
10986.784419472591,5,4,5,12,4,229.79129468058358,2,4.402022534190081,0.11326975306468579,0.8637283464781109,0.4934942575337654,1,3,43.33577440337265,1,6,24.578625174760926,0.6,4057.522669091265,-1.0
18431.660320704537,11,2,7,18,2,354.76938984705083,2,4.835517285270321,0.1974488170911317,0.9904713302957423,0.6890031583683698,1,3,24.65152734943474,1,4,14.193257972657072,0.4666666666666667,5323.410821573716,1.0
14770.883995776376,8,4,6,13,5,389.7972570241075,4,4.311258824228635,0.2392588627514639,0.5683166931132406,0.7563752130886828,1,3,25.876097276679207,1,4,14.103958004193604,0.4666666666666667,3941.635198186871,1.0
12592.423884572432,6,2,2,19,1,386.06287634805847,5,4.719495611370133,0.45825331476504794,0.5574496490177286,0.29341160598374527,1,4,36.16227112739984,1,2,19.390570236963626,0.4,4075.662729319173,-1.0
5359.374899835329,8,2,12,4,2,228.58793384204517,4,3.8191218545250187,0.7800840237349648,0.8627348891742421,0.2824803023219081,1,2,24.45402352757264,1,2,17.968275228114514,0.26666666666666666,2464.2010984556705,-1.0
2045.876057931191,2,2,1,16,3,347.96817596755847,1,3.4491189385377927,0.4655056665274797,0.5590535012512217,0.687447991186486,1,2,21.400399865099104,1,3,13.461934344160186,0.3333333333333333,809.6162932627781,-1.0
5120.87044218366,7,3,4,7,2,143.9225430018353,5,4.018226770375044,0.1474539174261349,0.7669934053876084,0.5525978452409167,1,4,18.083360004321918,1,7,12.108986962804842,0.7333333333333333,2305.094619770805,-1.0
17164.110818264682,10,2,12,9,2,110.50974662014897,2,4.1231687219338164,0.07314250947828393,0.8587861435684674,0.3277502092354173,1,4,28.59171437761447,1,7,15.012887354610141,0.7333333333333333,4529.655745491527,1.0
21781.140616669512,2,4,14,16,4,342.5631376540353,3,4.650916651592571,0.056002308939000156,0.6880646967713718,0.5282966981107154,0,0,0.0,1,1,17.967130304850556,0.06666666666666667,8513.184977729017,-1.0
37109.02726242721,6,3,10,17,4,590.1743514398828,2,4.440746425464406,0.44447997797779104,0.5537754252215306,0.2523307968199282,1,5,35.861832434136055,1,5,20.26605002781773,0.6666666666666666,12960.159109619879,-1.0
2974.7169110642753,10,1,10,4,2,131.09893026119562,2,3.8603518168886266,0.8750086997439702,0.5808737118464008,0.1756450758195106,1,1,29.711572391435627,0,0,0.0,0.06666666666666667,1325.5974523176185,-1.0
18411.133579668414,1,1,9,17,1,571.633835547821,1,3.6820403445120675,0.9618648743479986,0.7284438436007352,0.15140217836368886,1,2,49.72833914875676,0,0,0.0,0.13333333333333333,5903.9961923681085,-1.0
26991.619711687617,2,2,9,17,4,211.10886187171758,5,4.775503049343376,0.040585712134695084,0.9482364964038755,0.7663953108424003,1,4,24.68489816233354,0,0,0.0,0.26666666666666666,8986.843042369186,1.0
14360.46320331355,1,4,11,6,5,584.9446324379039,2,3.8854718554129164,0.9489162181887151,0.5475998441840771,0.5256694591504091,1,5,36.86454505505937,1,6,22.186060669684064,0.7333333333333333,3829.3139930286357,1.0
21623.504211156993,11,4,14,9,3,568.2019999693011,5,3.161416908387972,0.9927709865127338,0.8701503368457302,0.8375899807721381,0,0,0.0,1,3,20.419017990225527,0.2,7485.759266214304,1.0
4404.81947548376,6,3,1,13,3,197.27587303226463,1,4.23913644955732,0.6755323686200567,0.8663995084493159,0.5453456421454028,1,3,38.474622887740324,1,2,19.19798659789009,0.3333333333333333,1223.3753113795628,1.0
2295.3973877412664,1,1,10,1,4,347.336046878601,5,3.3890959393998226,0.7316795987874818,0.49248851460180054,0.7845149313159573,1,3,44.651115613106946,1,3,24.269601493123982,0.4,868.8726365468135,-1.0
6442.4806310777485,1,3,8,3,4,188.0429634738389,1,4.367753482326613,0.5018402425556384,0.8667667164821926,0.7730717752048386,1,2,38.82769697348007,0,0,0.0,0.13333333333333333,1481.3043015536493,1.0
27492.552178940634,1,2,7,16,4,456.41056287202525,3,3.257159157023338,0.01838098977524205,0.8137831117953437,0.34111343661308735,1,4,42.95169970315886,1,5,25.897951935995245,0.6,8636.796937155947,1.0
38254.87869210785,3,2,8,17,2,288.5780509239345,5,3.508294560255629,0.8251348756614191,0.6911533624883447,0.5347246817586113,1,5,30.983134107629393,0,0,0.0,0.3333333333333333,11111.043017417753,1.0
21769.036163788074,5,4,10,19,5,252.23967947014876,1,4.468455602372167,0.055109639940666755,0.9327237591107982,0.6623933809174556,1,5,43.72482920936584,1,1,31.25265958314845,0.4,8991.825213920081,-1.0
1962.02811907265,9,1,4,4,1,123.81133447949264,3,4.911278923446844,0.772089523881285,0.9054228002909932,0.7084852651120495,0,0,0.0,1,7,14.65984009372415,0.4666666666666667,655.842841870228,1.0
24164.40452423271,3,2,8,11,1,101.69501117913111,4,4.967463707994012,0.9607147516698173,0.5922921385933284,0.8970374433961806,1,1,41.16724325960374,1,1,20.205173183631757,0.13333333333333333,6043.6954929220565,1.0
8854.640491835735,7,3,6,7,1,210.27832627182676,5,3.0767277227114023,0.8707971723381132,0.7076499398763578,0.4186001878907303,1,2,19.241662036116008,1,5,13.198793224700054,0.4666666666666667,3214.87087077759,-1.0
19368.90986460082,2,1,12,19,5,272.00568197141274,1,4.755425921393879,0.8131499883638141,0.974698130485166,0.8070096123664255,1,5,24.011406114285844,1,2,13.641629902765953,0.4666666666666667,5678.3067709310035,1.0
2013.6018808050935,1,1,1,8,4,328.4928043044468,5,3.250177819672807,0.12978296572261128,0.7340910161669845,0.8571029226866967,1,2,42.76920424589848,0,0,0.0,0.13333333333333333,820.0673680240768,-1.0
16185.156911339702,7,4,10,18,4,352.09767134164343,1,4.5739515987624015,0.05638185385323158,0.6216295885495511,0.5046473780738638,1,2,21.171795811049687,1,1,12.267184314625819,0.2,4024.3240192612075,1.0
12340.70369972644,2,3,5,19,1,173.5203104596456,3,3.912317482239645,0.4923575945294897,0.4219778185592917,0.2565968236385323,1,5,24.595384559009556,0,0,0.0,0.3333333333333333,6036.740732069484,-1.0
17117.874355172113,4,2,9,10,5,75.67665094460057,4,3.4768543579069675,0.9418165000501558,0.762246573137954,0.18421212998434022,1,4,44.01230635738331,1,5,22.65294511985253,0.6,7236.92085976925,-1.0
22626.94459349395,4,2,10,14,3,396.96807125481143,1,3.5853428915188483,0.39258775036111127,0.605213598548789,0.7657912853667533,1,4,31.406398167813407,1,4,24.250172028073255,0.5333333333333333,6163.816682750277,1.0
47703.119251438,4,3,12,11,3,438.0231585640431,3,3.7886822927013286,0.0012844255268014138,0.4720955552413732,0.5276436358048313,1,2,43.5350903074781,1,4,20.2709201548137,0.4,11905.55369812941,1.0
7191.697362126186,11,4,2,17,2,537.818160985577,5,3.7486119868126493,0.2313141822622935,0.8409103122997607,0.34366029303085477,0,0,0.0,1,7,20.141545932156482,0.4666666666666667,2666.696300058669,-1.0
7837.8679698585975,9,3,6,9,3,212.70249522002473,1,4.681207245546384,0.47287932221054507,0.42344721160117316,0.6108349819215307,0,0,0.0,1,3,14.09124634906422,0.2,1930.6024738269225,1.0
7114.228549195041,5,4,9,3,3,241.00821638397102,2,3.745753018404356,0.14556750983323574,0.6436659883015348,0.19013882130783202,1,5,46.80976503773755,1,3,30.617482656182453,0.5333333333333333,1729.016541394776,1.0
3294.9882932819014,7,2,2,13,5,80.9833027895819,2,3.900048479055605,0.33269017969267,0.6629791648198995,0.31015464790400415,0,0,0.0,1,7,11.435611963439692,0.4666666666666667,1060.001334074032,-1.0
39792.52545394728,4,2,8,18,5,539.7582656911394,3,4.624634665428237,0.7524092332120093,0.8519877591275542,0.6730602747808224,1,5,33.23633958144039,1,7,24.242291076489593,0.8,10335.044910154433,1.0
22593.22387067541,1,2,9,6,1,67.29527528242114,5,4.3856023972598175,0.8709675998625426,0.6054004494765944,0.7158178459084684,1,3,49.86296286976893,1,2,27.543324411125905,0.3333333333333333,5228.678375919717,1.0
8915.646534461048,1,3,8,3,3,341.43159403501335,3,4.1110501361254395,0.7396216846529949,0.6995457445148648,0.31782852856650734,0,0,0.0,1,1,25.742102675727324,0.06666666666666667,2377.0967434755576,1.0
11905.99716422221,3,3,4,11,1,422.9673758451555,3,4.689583475731823,0.8975621934531601,0.5587897029992569,0.6690126597683624,0,0,0.0,0,0,0.0,0.0,3605.468422820276,1.0
7768.114626153174,8,4,7,19,4,313.7355804112446,1,3.066853066186443,0.3667520764259401,0.5422422347045068,0.4578183745256976,0,0,0.0,1,3,16.61647286729084,0.2,3455.267356804293,-1.0
34357.43244227927,3,2,12,19,1,52.941943781822566,5,4.856671544011244,0.054787047923548826,0.6529325489308205,0.666028350196355,1,4,35.70866102223869,0,0,0.0,0.26666666666666666,18159.41959945207,-1.0
26867.1650661745,10,2,6,19,4,368.9088310545997,4,3.3278634419064055,0.735953560515178,0.5807387768763449,0.470712807043717,1,1,23.655785634628366,0,0,0.0,0.06666666666666667,6378.754401418367,1.0
25552.789166764258,4,1,12,9,4,120.50344004575396,4,4.038795370566936,0.5650325249759498,0.8018103834779635,0.8691059761149722,1,2,33.85306906822601,1,5,22.116011946486342,0.4666666666666667,6929.43697661951,1.0
8188.78850704196,9,3,1,18,3,106.6203795851574,5,4.715834144487135,0.29854792598216395,0.9542458787599891,0.2838450731381321,1,5,27.004040208375102,1,5,16.94995782863982,0.6666666666666666,2350.5132639614494,1.0
30967.726828475275,4,1,12,15,3,518.8367296630154,5,3.0487819862201935,0.5814248948690871,0.7293595146996026,0.27545632096910566,1,3,45.22008242126902,1,4,27.15888687480182,0.4666666666666667,13437.331383531959,-1.0
3596.3589519953416,7,2,1,16,5,592.4924576192891,5,3.6367040442720215,0.3812299527748767,0.9944275351738631,0.2980936697397748,1,3,18.169463554256275,1,1,14.106956955836294,0.26666666666666666,1159.1457946880507,1.0
1713.331004591553,9,4,5,2,1,409.30924749574945,3,4.133612210020932,0.35442399198738617,0.6286881292208414,0.42948182651559763,1,5,27.499520093956534,1,3,13.50120520895403,0.5333333333333333,518.7274879472261,1.0
13523.581495018767,9,4,4,18,4,69.67143365821438,5,3.316572512118196,0.45566082155309195,0.7634195442759254,0.6534911265286756,1,1,24.740441791028942,1,3,12.320964869038102,0.26666666666666666,3752.173775890669,1.0
2832.995980032764,3,2,2,7,5,57.50191520973459,2,4.395980942995585,0.7902599039416938,0.5774517007721977,0.49652313670659776,1,5,37.60173094015275,1,7,17.423010498033648,0.8,1185.706468940168,-1.0
6923.151809912981,8,4,9,6,4,585.2295912847998,2,3.8601106903825486,0.9844419535833683,0.5786524922033466,0.5797635307264802,1,1,23.92845076333521,1,7,15.68146002031873,0.5333333333333333,1957.0634495132945,1.0
4396.47480310353,4,2,4,6,2,301.4767307907494,1,4.025167806265021,0.5641947917987453,0.6964945621310826,0.6854986024501761,1,2,35.705075153295574,1,1,23.152049651915426,0.2,1124.3780428610323,1.0
2166.5513242347847,4,1,6,3,4,543.0773380274471,1,3.7982187011494584,0.41543901625966084,0.6447775613234359,0.359643287784741,1,5,38.20258497998615,0,0,0.0,0.3333333333333333,811.4152626986773,-1.0
26752.57218218453,9,3,7,15,3,418.0510087095287,3,4.074987507346469,0.04929966240916994,0.40140848432047194,0.2958398984013807,1,5,20.361723612093474,1,1,14.080905156552179,0.4,6165.158605728788,1.0
17277.902149553996,6,4,7,19,1,193.36651040915595,1,3.21160071884828,0.6285440308788611,0.45702414439097166,0.17596291793466481,1,5,45.89009685608236,0,0,0.0,0.3333333333333333,5736.986149401143,-1.0
15051.343885928458,3,3,13,6,2,406.3022676534396,1,3.3278405240938898,0.3814088099031234,0.4845211623705168,0.5999550163262656,1,3,32.19658431153423,1,7,17.623475907932267,0.6666666666666666,4138.270620181568,1.0
32572.571304588975,6,3,6,16,2,533.9612600011055,3,3.0771831238762677,0.8788811459128522,0.5889599364753595,0.20318312634173222,1,5,32.806152132196246,0,0,0.0,0.3333333333333333,8986.54459187423,1.0
11664.216145875425,10,3,10,5,3,96.41337134224287,5,3.3232753875691836,0.9058493899993058,0.7097486939200364,0.22299944968233448,1,5,23.331402443876875,1,6,15.260919988802776,0.7333333333333333,4816.467190795491,-1.0
14138.271574669547,11,3,8,10,5,481.17388495381255,3,3.5953474311856914,0.6597636404530838,0.48218933338571673,0.6494931949879279,1,3,26.758446824725027,0,0,0.0,0.2,5483.431046677646,-1.0
21954.0954120021,3,4,7,18,4,454.49012664070244,2,4.374566008826255,0.09575419866335766,0.95354344294348,0.5547777617254557,1,4,31.892734499837115,1,3,17.432767813723586,0.4666666666666667,6122.8603001057045,1.0
3154.5199371242056,1,1,4,3,4,422.39054196214636,2,4.606526801254256,0.2720025737309897,0.8337660546336683,0.2649576634041618,1,4,43.23135328964962,1,3,24.104728696528184,0.4666666666666667,794.1757558834661,1.0
10000.503535935766,8,3,6,11,4,403.21530035148356,2,4.587791310389034,0.8744145541964785,0.9106022600783494,0.7217633978806818,1,2,26.031812226837005,0,0,0.0,0.13333333333333333,3288.032185256159,1.0
40976.64286321566,10,2,10,15,3,298.042576456589,5,4.415045637956085,0.031174909111921223,0.9221180142953452,0.210922023290643,0,0,0.0,0,0,0.0,0.0,9507.62580578676,1.0
13975.523978299088,1,3,6,8,4,403.5255138900609,4,4.720147037979586,0.12262804997800658,0.6600782198398742,0.4173820803747087,1,1,33.558574873579325,1,1,22.133534952307517,0.13333333333333333,5596.897389969638,-1.0
602.3100261731109,11,2,1,2,5,232.1645662806869,1,3.499917962478991,0.6095285097540636,0.7511168712357124,0.39579024869815105,1,3,24.758687777153142,1,4,20.064764879111717,0.4666666666666667,199.51849747006403,1.0
12363.156765971364,3,1,7,6,2,176.33627344917392,5,3.886640641545397,0.5858630505279215,0.9856469994835113,0.525843491078533,1,4,34.038258317465846,1,7,21.910930459612192,0.7333333333333333,3132.376035732084,1.0
15644.716424480628,10,4,14,8,3,490.64432681242863,2,3.3970857177364033,0.49482845662142017,0.8453861473202346,0.7163294296549151,1,3,23.32780240811163,1,4,15.816632716601191,0.4666666666666667,4191.6199444656695,1.0
23051.840238129025,3,4,6,16,2,594.1373508117931,5,3.235877349748467,0.6549411045673216,0.5699779167986213,0.1001943475476102,0,0,0.0,1,5,17.22796264405888,0.3333333333333333,7201.762354630183,-1.0
6506.892091399492,2,2,5,5,4,424.8033368844442,5,3.6211540311015744,0.6157260534451727,0.8145708197607735,0.42331874542164505,1,5,27.779096120547035,1,6,15.727980212072596,0.7333333333333333,1770.1610716322343,1.0
42118.27157585223,6,3,11,15,1,182.88135412202195,2,4.647603499841075,0.10314676087836105,0.9658124257874416,0.7360583049449313,0,0,0.0,1,4,19.662231475116872,0.26666666666666666,11705.062897268928,1.0
854.7636378293078,11,1,3,2,1,281.3466302833507,1,4.875483309869644,0.09125165911904809,0.41170158856631217,0.7445638339849628,0,0,0.0,1,1,19.531193114982162,0.06666666666666667,218.4725590785117,1.0
5741.154234547631,8,3,7,6,1,179.80436167804163,3,3.26823924541958,0.05640135776079047,0.9209782108967968,0.335771877485175,0,0,0.0,1,2,14.110687403280963,0.13333333333333333,2533.4336096285806,-1.0
15470.321800883288,7,1,13,10,4,124.35067979428653,2,3.670017139915392,0.20728252254973556,0.6266780943456469,0.35334748481354084,1,5,24.176088501948122,1,6,10.804214823218402,0.7333333333333333,3652.224025714407,1.0
8576.226219421369,5,1,10,5,2,190.297972331769,1,3.1170732001601005,0.30541349854275135,0.4945966160781448,0.23920835841289936,1,5,52.11253157959515,1,4,22.722740706438827,0.6,2365.6039183741727,1.0
2943.946410372597,5,2,13,2,5,543.7876935156143,1,3.3365208886760085,0.5816513326730067,0.9852703144809708,0.7091670667489269,1,4,39.61306623544254,1,1,25.076070721010908,0.3333333333333333,1356.7773748666361,-1.0
28947.056982258746,5,3,14,5,4,77.03394579859071,3,4.420346533180322,0.6773418460815164,0.41465612976437993,0.4293981340721945,1,5,42.43472734476403,1,3,31.430238252316727,0.5333333333333333,7421.443189495275,1.0
1263.8337282283735,2,2,4,4,1,597.8487999954817,1,4.962058978230152,0.6137079695437473,0.8761224413372986,0.16847964225821466,0,0,0.0,1,7,17.366266852170405,0.4666666666666667,656.4853261861454,-1.0
2344.4698387504395,7,4,4,5,1,432.81727384401256,2,3.2159248962216713,0.06964586774826564,0.7533616135375287,0.5165242829872893,1,3,18.28400742630209,0,0,0.0,0.2,684.682492446342,1.0
7972.187744596608,2,1,8,9,3,231.15793686881972,2,4.593696353544246,0.12756815136428423,0.9419806764332556,0.637823063579264,1,5,30.511365690177552,1,4,12.90534035955079,0.6,2489.284125823233,1.0
36868.196178836806,10,3,13,8,2,164.2738461918506,5,4.576550416341659,0.25903514410334716,0.8252060319793042,0.2718836851399985,0,0,0.0,1,6,20.759650328140847,0.4,9699.801891188728,1.0
15895.834459502894,3,3,7,10,3,198.87103328090916,5,4.720506572799408,0.9457846462409557,0.9579151003003366,0.40513227502668525,0,0,0.0,0,0,0.0,0.0,7794.969293638313,-1.0
24068.080737495748,4,3,9,8,1,292.6763180004442,5,4.650616804845965,0.12594064104750058,0.9418585042295858,0.7913844818092457,1,5,43.2029358880898,1,2,22.179481715265094,0.4666666666666667,9231.456129943568,1.0
4971.691210859119,8,3,1,18,5,481.789523859932,3,3.3272480004204676,0.12491981074063341,0.41600605756532355,0.10994047503514581,1,4,29.51001062559981,0,0,0.0,0.26666666666666666,1663.0624375952953,-1.0
13496.900616856869,11,4,9,10,1,158.52268381683297,3,3.5638591035031215,0.5308590342884758,0.43101140794667914,0.22682892679993882,1,1,27.30092169134083,0,0,0.0,0.06666666666666667,3891.886241129194,-1.0
12856.975183995846,4,2,12,6,1,484.42554156954634,3,3.3126628767856774,0.4370337254497708,0.6381336358534238,0.6948354157098356,1,2,33.457255286947635,1,3,19.980423889729213,0.3333333333333333,4677.768831494361,-1.0
12937.919192815809,8,3,7,12,1,191.8667287327953,4,4.34165336155187,0.7030939037594328,0.5748904821055218,0.47629725390789324,1,5,21.4712311405918,1,4,13.412740196416161,0.6,6303.092373967249,-1.0
20968.60225102131,4,2,8,16,5,324.4698950972447,2,4.699975186338021,0.8462873364864602,0.613819982653034,0.765998960788773,1,5,34.54764058056347,1,6,23.33443468764408,0.7333333333333333,7605.3928266892835,1.0
31449.175435229186,3,3,11,8,3,468.38764332414223,3,3.7565477873657462,0.47317265163095645,0.7782386387648961,0.8262981415481926,1,2,32.62603070977633,0,0,0.0,0.13333333333333333,7189.429294108764,1.0
15753.624307773165,1,1,6,11,5,85.22393812563368,4,3.493494841334762,0.45009526859085935,0.41328067061769824,0.6125681797817772,1,3,36.847737593126446,1,1,22.641870217758918,0.26666666666666666,4673.308181450081,1.0
21995.52563693632,1,2,14,8,1,482.1166310694509,1,4.389641459743442,0.4415472888798304,0.9669908713335058,0.21328908049431947,1,3,47.476034137496924,1,5,29.675914521261536,0.5333333333333333,5285.169826579379,1.0
38577.9497541247,1,2,7,14,3,574.3260442388404,5,3.873554338646639,0.5201807365667597,0.5769586814823187,0.11221187171682381,1,2,34.32501719188718,0,0,0.0,0.13333333333333333,9234.264558438226,1.0
1950.7494394962541,11,1,14,1,2,409.5110620230912,5,3.0060417427123225,0.2479324498058072,0.9566748876251893,0.8457071323186265,1,4,24.699630261387007,1,1,15.477613572190984,0.3333333333333333,831.2842794917057,1.0
19002.11788907018,4,1,8,17,5,566.2180317723181,3,3.5751000788508867,0.333087131338477,0.6559274191660456,0.21143735152568066,0,0,0.0,1,3,21.355739011000193,0.2,7316.381385510391,-1.0
12751.401115361323,10,2,13,6,5,113.99164742157208,4,4.831886007908105,0.287934094093219,0.5113155851546315,0.6213438359027416,1,2,23.678468025748085,0,0,0.0,0.13333333333333333,4347.268239722879,-1.0
14683.141084924624,5,2,3,15,5,139.52685556395284,4,3.8487780361450206,0.15676294759929466,0.6558436338951836,0.5299335508798456,0,0,0.0,1,4,25.80350816478215,0.26666666666666666,4247.0894665687365,1.0
4901.318804934046,9,3,5,3,1,273.63321917535256,5,4.0826707654025345,0.32389555258037916,0.4817503390551867,0.8100504574529531,1,4,25.639908563712712,1,6,16.20795293161881,0.6666666666666666,1380.2364027085753,1.0
16736.661968452376,7,4,6,16,4,491.4104938917432,4,3.2310358002139643,0.969361244995776,0.9757756922738386,0.3859757164013933,0,0,0.0,0,0,0.0,0.0,3810.772927698821,1.0
5511.627263442868,10,3,4,9,5,280.6633073358273,1,4.312292183694884,0.8818548008206828,0.691168430266119,0.5336266760777616,1,5,26.755445871538058,1,4,16.59833729830626,0.6,1922.3257586179488,-1.0
8815.29047857394,4,3,2,14,3,599.623947504342,3,3.657603609156907,0.6593281279840014,0.576376825846179,0.27264340084775474,0,0,0.0,1,4,20.54382557523385,0.26666666666666666,2882.5655067932485,-1.0
3333.980425594414,7,3,2,9,1,332.1924701024274,3,4.694710107818734,0.009538954025544943,0.6417340186300292,0.8257945338216629,1,3,26.32053211521766,0,0,0.0,0.2,1184.6356855728363,1.0
42855.82229307878,1,3,10,10,4,318.2453775734532,3,3.4997349305158587,0.6402509149522763,0.9264935450388928,0.4345052798348982,1,1,42.938824450668015,1,6,29.557637496582593,0.4666666666666667,9954.927747355787,1.0
1772.4275331113263,11,1,14,1,4,148.9997891358778,1,4.972134960419203,0.6364287437528491,0.900466949959795,0.7398101942361918,1,2,26.395709094829662,1,7,15.536578975951667,0.6,427.6694446515689,1.0
32937.26406570972,6,4,13,14,3,494.9377622875397,3,4.894080556288719,0.5048748150953071,0.9322639075112022,0.3865158249566444,1,5,39.250351596253765,1,1,22.648777189935203,0.4,10982.36683357876,1.0
18673.147748633342,7,1,12,12,5,158.32449661479674,3,4.921456176456486,0.4995491622675826,0.4672591062104553,0.45261264114923305,1,4,19.811405766494673,0,0,0.0,0.26666666666666666,4544.823184888934,1.0
30377.40985091584,3,3,6,19,3,544.3484561434907,3,4.108339443222,0.5588408709546665,0.8242187015937306,0.24198546799280943,1,3,41.63850813738468,0,0,0.0,0.2,9661.789783107704,1.0
12879.676459677668,2,3,7,16,2,376.6673415188729,1,4.067450827342888,0.14383447099031088,0.4055449530433086,0.7465256392193702,0,0,0.0,1,6,16.56293467732428,0.4,4381.121869637353,-1.0
8649.492842044396,6,2,7,5,2,338.0671731040674,2,4.3165675668523145,0.26380607494635755,0.4072419611803708,0.5151498914118056,1,3,31.798853615942807,1,4,23.797824884649025,0.4666666666666667,2045.6148405313706,1.0
782.8866318277004,10,2,6,1,4,327.4315718433672,3,4.727093063342857,0.6740584527536958,0.5287827777426571,0.6101622808335431,1,2,30.796008081343867,1,2,19.742924179940992,0.26666666666666666,381.72027807094304,-1.0
8363.48905529846,5,4,9,4,1,425.5000137874214,2,3.4401325095693833,0.38853114800604205,0.9194363422640762,0.679537872215452,1,4,39.80630776845694,1,3,23.47757270680485,0.4666666666666667,2222.4413813321853,1.0
5448.430682117008,8,4,4,8,1,590.142558249597,4,3.895990909337736,0.12077952243257872,0.6556691672984677,0.3300427651367399,0,0,0.0,1,7,12.662650462179858,0.4666666666666667,1707.063775212056,1.0
1758.7085713187848,9,4,4,3,5,117.96486982971977,3,4.219416391073519,0.19648265240291862,0.5508580913124781,0.2388577153211518,1,2,21.32117424896369,1,7,12.772647481878177,0.6,561.9725717347857,-1.0
35221.247861309974,5,2,12,11,5,485.57855795669366,5,3.5220573305868985,0.5380675507348227,0.9445698317351363,0.7771481410458455,1,4,45.58757517989703,1,2,22.77601496687366,0.4,13588.490304106714,1.0
11358.095567605826,10,2,4,13,5,361.5440267976446,5,3.2340901454126523,0.18492601877281745,0.46815239042720497,0.3732208603370911,1,2,31.402954388788537,1,2,17.341590375603197,0.26666666666666666,3653.6542422499424,-1.0
27138.821817715576,10,1,13,19,4,192.04539683793993,4,3.293817818045854,0.5521608269710124,0.8516902156532858,0.32559948214797735,1,1,23.58730147506516,0,0,0.0,0.06666666666666667,11299.660085191603,-1.0
31294.394445406095,7,3,14,14,4,410.0416564335046,4,3.1728915063467973,0.7594287049564865,0.5884264018105865,0.4676796397105789,1,2,21.727864876278698,1,5,12.900560153629321,0.4666666666666667,12269.78690873125,-1.0
14008.854551599594,3,4,8,6,2,568.9608694363374,5,4.168449577663436,0.9201969860742739,0.4294951141728566,0.5587996679481728,1,5,40.63711875893586,0,0,0.0,0.3333333333333333,3749.90853497905,1.0
5667.8672942042995,3,2,2,10,5,339.06865573423295,5,3.057993488671896,0.6898210713287619,0.6891023521457549,0.1994762539539286,1,3,36.846006608689265,0,0,0.0,0.2,1867.714433857013,-1.0
22253.102501049016,11,2,10,8,4,57.0160638390868,5,3.835998433840703,0.565557483226387,0.7894483612113307,0.38018929146166147,1,5,25.711353684435405,0,0,0.0,0.3333333333333333,5297.912995264678,1.0
45473.643181666484,10,3,11,15,2,553.2114651461054,5,4.634824910538221,0.9332250613191283,0.9630169601776104,0.831325169322801,1,4,31.091651937678783,1,4,16.845724248023487,0.5333333333333333,15700.588172745149,1.0
4365.371349056766,4,2,2,12,4,127.02464667382597,1,3.103764155187984,0.9422337194911662,0.7163355869502901,0.36004611471345227,0,0,0.0,1,4,25.48122027749405,0.26666666666666666,1276.8225974579952,1.0
17046.157659110162,11,2,14,8,4,354.55052726909867,2,3.8562467356367494,0.19570775163878784,0.4167098665496535,0.7440119040944562,0,0,0.0,1,1,17.436935864806895,0.06666666666666667,4283.451318466449,1.0
11645.663160077045,1,1,3,12,1,71.01153106656508,5,4.305985463083435,0.5022748645953874,0.8328935038790035,0.10474257226950252,1,1,35.455642909471656,1,4,24.252949856942454,0.3333333333333333,3128.617551546914,1.0
55771.15060826693,6,3,6,18,4,98.40331513129874,5,4.373173004228866,0.36645692075319136,0.8534747457311813,0.8715067350272302,0,0,0.0,1,7,21.301446196112853,0.4666666666666667,13712.694686640209,1.0
1953.912815180827,6,1,13,1,5,143.57168006098493,2,4.129638325772792,0.339203431271918,0.5936102242466922,0.6159250590919336,1,2,36.07930421581146,1,7,23.299380606915367,0.6,645.8464220080178,1.0
18446.31354712625,10,1,9,17,5,342.3804119598414,3,4.098979147023641,0.6784192517137123,0.7646254670991564,0.4151822631337948,1,1,29.52673675008441,1,6,18.638837413579644,0.4666666666666667,6520.96808414541,-1.0
18343.885329776505,11,1,9,16,2,354.38523543288744,4,4.3930143669537784,0.3760417911091565,0.9655658260951934,0.7543878168617643,1,1,30.543940222142822,1,4,17.17675827680797,0.3333333333333333,6958.760713788483,1.0
39630.75294716353,5,1,13,17,5,359.5469360244965,5,3.0824556279981206,0.2507983351119627,0.8138209854187739,0.7817181982400093,1,1,43.197060782626316,0,0,0.0,0.06666666666666667,18110.686919912077,-1.0
17173.05191907888,1,2,8,14,1,96.14387834590012,1,4.828915301761882,0.09011363293414454,0.8622888718714179,0.5934535075004601,1,3,44.39658272679064,1,3,21.16713812509351,0.4,5309.380099156742,1.0
7314.513742117118,3,2,11,2,4,494.3811290934166,5,3.082998608771423,0.2815096207723755,0.5465402202184472,0.5482815792159695,0,0,0.0,1,2,17.86483769900504,0.13333333333333333,1818.5263635503254,1.0
15750.985572771466,10,1,14,8,5,586.8388223175474,2,3.8341064074058413,0.6637983920426683,0.6938968363280336,0.5139460478503705,1,2,29.09225433159644,1,7,14.645404144278174,0.6,3931.6453597157342,1.0
10565.572604395316,8,3,1,18,3,557.3743929663767,5,4.623626213891557,0.7418327137286597,0.8421977870362134,0.24241625943381628,1,5,30.109888566149415,1,7,17.796044227262808,0.8,2791.998423015964,1.0
20529.86190777431,5,3,6,19,2,481.30294857764375,1,3.4090086773855917,0.3379699792404788,0.681907260990205,0.36463439314212454,1,2,49.154543432251955,1,6,32.149948140138335,0.5333333333333333,8348.115345114844,-1.0
47272.33072444701,5,4,12,18,5,318.3321332989327,5,4.744212127493162,0.28893701665758265,0.45174950278237896,0.849252489326405,1,4,38.80567618653077,0,0,0.0,0.26666666666666666,19990.938266598627,-1.0
2967.725193072527,2,4,1,13,1,288.04085867447463,1,4.434807110810421,0.9432983972456526,0.7166633254413262,0.5320233538085501,1,1,26.960791229164823,1,4,18.40886496338392,0.3333333333333333,697.7683711319632,1.0
39634.293280335485,2,1,14,17,5,578.4972847709276,5,4.438356048103959,0.5849927336058218,0.813556981279573,0.8512873765861512,1,4,28.21684362257541,1,4,13.885470948124674,0.5333333333333333,11765.93342537173,1.0
23794.32694804063,11,2,7,18,5,247.93542876500513,4,4.067856880998202,0.5959479507926143,0.41881694128275304,0.2362153097028754,1,1,23.846954082593072,1,7,17.640770669856842,0.5333333333333333,7570.993339474523,-1.0
1468.0693459794209,10,4,1,4,5,220.71895241271466,5,4.8652914346823355,0.6049500131477042,0.7956940348747505,0.42143493626669104,1,2,33.907652648030485,1,1,20.529785465854342,0.2,370.9529196525163,1.0
30650.30653814782,1,3,11,8,1,122.63674592297245,4,3.5418184464937426,0.8554081621042879,0.4191308771251553,0.16087999118461946,1,3,42.51160148507772,1,5,20.094308903115497,0.5333333333333333,10313.393761679756,-1.0
27324.778074161968,9,2,10,17,2,302.7158155775909,3,3.4537718296058895,0.31083010102749464,0.9905444300809895,0.7654065126417976,1,4,27.38813741973147,1,6,12.098696068642381,0.6666666666666666,7283.265666085472,1.0
6951.128754102993,4,4,3,14,1,277.2618593282723,4,4.198587132620958,0.4763382934943662,0.9597077328161795,0.16086778141240582,1,3,36.61095476001698,1,2,27.206401270790483,0.3333333333333333,3387.3502524152145,-1.0
51938.96954939892,3,3,11,16,3,550.9372117804719,5,4.269069866732215,0.5327116220389853,0.6355157190506964,0.3331075088165857,1,3,41.35870837095432,1,6,20.75475630388761,0.6,20485.97485531365,-1.0
2169.4171519793576,9,2,3,3,4,560.3638106803619,3,4.4689740806448075,0.36717381443129216,0.4113285271457408,0.18042428695346874,1,5,23.25852925938666,0,0,0.0,0.3333333333333333,541.0782420837273,1.0
13904.149745943116,6,4,5,14,2,296.3863556761896,5,3.9005303869932764,0.199380819010627,0.5845930524138019,0.13386759401464268,1,4,34.15915931275862,1,2,20.734962105495022,0.4,6003.452716278574,-1.0
10124.570913075917,9,4,6,15,3,428.06445197714305,1,3.0895028678524765,0.2964407247793972,0.5680804712652279,0.2168135244736866,1,2,25.791853289119338,1,7,12.002309225688762,0.6,2574.587903942564,1.0
44490.47284025425,4,4,8,17,4,93.8840179987002,5,4.026761292560588,0.8253212848418338,0.8894923139577802,0.8478391757387996,1,5,40.24170937573689,1,2,24.288725355982983,0.4666666666666667,11425.550109726508,1.0
7683.639488748058,2,1,5,16,1,396.45627723369273,3,4.886856214530571,0.09849464167940325,0.5590739568674437,0.496044756523668,1,5,22.39464122908531,1,2,16.841607227709407,0.4666666666666667,3333.2785919846397,-1.0
3895.6448792896713,11,4,5,6,3,355.25311978396735,2,4.110526645215881,0.09993187705440965,0.8830106159407767,0.39591090051849986,1,3,26.007483403886788,1,2,20.732125761812238,0.3333333333333333,1275.1068578111608,1.0
16243.575004180746,6,1,6,19,2,235.74092609832348,1,3.8824022044258646,0.7164762626421669,0.6318962337183482,0.26901033355055715,1,5,39.92243044270776,1,3,24.728132495771323,0.5333333333333333,4990.9653449798625,1.0
2376.688608526119,9,1,8,3,2,188.13712074705714,3,4.504804907438935,0.8639033162941132,0.7907186272572078,0.7850281024374098,0,0,0.0,1,7,16.311699606470977,0.4666666666666667,901.9972703769955,1.0
30934.36658462826,5,2,9,12,2,427.7222875784433,3,3.2269472752548785,0.546679499888787,0.8255782821505993,0.1400286691478054,0,0,0.0,1,2,30.269083259827703,0.13333333333333333,7964.135727739021,1.0
17927.1573725955,7,4,10,15,5,477.89143429364987,2,4.128253887523993,0.6539313600171203,0.9535738894774645,0.14537596284139032,0,0,0.0,0,0,0.0,0.0,4096.841633470522,1.0
5254.663558258567,7,1,7,7,4,533.5106231411306,3,4.329600087734169,0.3391308154847027,0.4423029733409544,0.564030790320738,1,1,24.517555626898904,1,1,14.911553731412818,0.13333333333333333,1616.9031659441805,1.0
21222.17226561655,4,4,7,16,3,427.81007922586633,3,4.683031448124247,0.0110284484991362,0.5872769661268635,0.11007603053554141,0,0,0.0,1,4,20.333917484362356,0.26666666666666666,6692.19400344476,-1.0
16795.001102658884,9,2,9,17,1,110.71682883746357,5,4.793143049938555,0.6413932487233165,0.8620787751573517,0.21324168758168485,1,5,21.318229295233497,1,1,17.24791785397848,0.4,8540.750711206107,-1.0
39785.06435525612,11,1,12,16,2,82.7318434101859,5,4.6457761365870045,0.1888701867628544,0.8206846788301462,0.3325143754452249,1,5,29.77825197907751,1,4,13.877703600166209,0.6,10774.861356355848,1.0
59684.06133033154,6,2,14,16,4,57.852339927207794,4,4.9411466652547205,0.7160630534195581,0.5939164391946017,0.35495780582831793,1,3,36.29680849065376,0,0,0.0,0.2,16641.428233412564,1.0
1455.7394811837096,5,3,1,1,2,426.03475014854143,5,3.896456029052178,0.4466019011066559,0.6745873696201241,0.30694541904114275,1,5,52.31286690877336,1,7,24.996169006621773,0.8,391.6189343584745,1.0
25951.99782893259,1,3,12,6,3,498.349127583439,3,3.155678306221028,0.3736346520927243,0.813260509575491,0.6367963689042527,0,0,0.0,0,0,0.0,0.0,6851.9878875198665,1.0
5892.247854291899,6,3,1,14,4,104.84941211935237,4,4.002701987267492,0.04339717857856085,0.6090867854773931,0.24334373970025808,1,5,39.82469281061938,1,3,27.336129237576927,0.5333333333333333,2423.663793394428,-1.0
6639.8571611584375,5,3,2,16,4,350.0011824658706,2,3.0788190705807796,0.5875124794267791,0.43698513006209416,0.8668364854592697,0,0,0.0,1,1,28.307571161430847,0.06666666666666667,2805.980253243086,-1.0
8796.798114292493,10,1,2,17,4,227.286151944519,4,4.932199745462964,0.8322379415612283,0.5707661587361063,0.39069856679847825,1,4,24.21097504519142,1,1,18.93050920419396,0.3333333333333333,2036.7021581288757,1.0
6659.019141723954,4,1,13,3,3,280.11083574229934,3,4.208231249961899,0.6707030741458938,0.761515534075152,0.15705839153025147,0,0,0.0,1,7,21.713107891704563,0.4666666666666667,2167.6268402785895,-1.0
5889.424792563286,2,4,5,10,4,574.9462321691437,1,4.892528986006164,0.7333615147320935,0.7824992817604979,0.6162222042588503,1,2,23.377225871592458,1,2,15.947944629750703,0.26666666666666666,1476.5632002394984,1.0
11717.863465011795,8,1,12,12,2,391.4579480258061,2,4.686524085643528,0.4895875962430474,0.5868252652979927,0.7974382168197302,0,0,0.0,1,4,14.673806505095383,0.26666666666666666,4276.843602859043,-1.0
4787.651610311396,2,3,1,10,3,171.61779458895825,5,3.8108079217018482,0.337219909910226,0.4085212937024588,0.22273406352870995,1,4,22.40650531773795,1,6,17.05980187664976,0.6666666666666666,1347.6082491801808,1.0
12173.177770999064,2,4,6,16,2,268.2883880237054,5,3.3065923210307746,0.9147518314254027,0.43864306960902594,0.14403016711417296,0,0,0.0,1,4,17.092659917642525,0.26666666666666666,5245.29332139491,-1.0
30701.041216140515,2,3,13,9,5,505.30573388640596,4,3.9870183653212,0.2053681846899853,0.842336606349896,0.6597704617234698,1,4,25.168745628706837,1,2,17.633645119708746,0.4,8472.747993645087,1.0
14888.888299673305,6,2,9,7,4,293.18587596204645,3,3.7793148445762306,0.7416030197372087,0.6318660105584905,0.36423534037450733,1,1,31.558764971224104,1,3,26.295397752533404,0.26666666666666666,4107.617005899233,1.0
43285.60424439833,2,3,13,10,3,490.4452220722579,5,4.206007680859823,0.8030562178911789,0.875017059521048,0.2545262008967839,1,2,21.90823232074832,1,5,14.896978290982805,0.4666666666666667,10850.929619264756,1.0
2174.3542128617105,7,1,5,5,1,139.04258552879713,2,4.398212410799395,0.9217892331085261,0.6240271357221041,0.8216977905963101,1,3,25.329233841652695,1,2,15.484182796644236,0.3333333333333333,777.9198260069925,1.0
1958.2375703206224,8,2,1,14,2,76.13476646391071,3,4.157833065185435,0.39269911335894137,0.7466414620965052,0.512067500937428,1,3,22.19338216426432,1,2,18.174972520447866,0.3333333333333333,949.1022867680502,-1.0
3784.6140230514025,7,4,2,13,1,91.06390455487323,4,3.0412868790915866,0.9623501334382779,0.6774133605607975,0.430135955202833,1,1,25.49386717007606,1,6,14.348247925160576,0.4666666666666667,1404.7947996277476,-1.0
8899.545878876452,5,2,3,19,4,458.92639467849136,3,3.8016904713069577,0.20676052406976164,0.5198112557009076,0.5050957901217672,1,3,42.186460844072954,0,0,0.0,0.2,4692.286661910399,-1.0
20352.958981361764,1,2,10,14,2,169.8474583984617,1,3.515510431256219,0.22642960508764998,0.6884284338906136,0.49908081899541945,1,4,34.62275446148488,1,4,27.75144026050802,0.5333333333333333,6662.031818336571,1.0
5280.413516850494,2,4,5,8,5,581.3979136589952,1,4.1505591897095,0.130876333457687,0.674541308604383,0.3146257564315903,1,5,28.218116876316767,1,7,15.474712061440748,0.8,1527.3026774717341,1.0
7447.114617723366,3,2,8,6,4,301.60390562220203,1,4.663648236771967,0.6593789286014649,0.6094962319394499,0.6362557071852343,1,1,41.43518083091392,1,4,19.84890776083814,0.3333333333333333,1932.0408702568361,1.0
10871.873009637851,3,4,6,12,3,183.49324273922073,1,3.1397836237758954,0.6400303883516804,0.9635561373469143,0.10154553143320416,1,1,38.60281101180168,1,7,17.332938727579993,0.5333333333333333,2865.780652134971,1.0
9652.056560619492,7,3,8,18,1,236.34064345991212,1,3.370415023287787,0.6813131853478842,0.7200369349040827,0.5115230949969476,1,4,21.56975793073263,1,1,15.676188460542852,0.3333333333333333,4840.669332106564,-1.0
50658.6113267555,4,1,9,18,4,412.3766668071121,5,3.422316074863854,0.5021316409195324,0.4120070341772649,0.30228398301004705,1,2,31.41288467184895,1,4,23.79549099109732,0.4,11996.182743346237,1.0
1435.4368678319936,9,1,3,4,1,481.68564086328684,4,3.9327872347207613,0.30535321354778977,0.6575143491760207,0.3438505157161059,1,5,28.76761412301187,1,4,15.382146339478936,0.6,728.3531197500989,-1.0
7326.309196751736,11,4,10,5,4,62.18614617893394,2,3.7288197319908063,0.35300475097183626,0.7818236234257543,0.7010184935501967,1,3,34.44720152998215,1,2,17.593284702036534,0.3333333333333333,1911.2462410989285,1.0
1326.1587787371586,2,4,7,1,5,597.5340467246785,5,3.100044533833116,0.1552766031773306,0.873546273611278,0.3868061049562671,0,0,0.0,1,7,18.443405809596786,0.4666666666666667,504.05504557455475,-1.0
4178.960625217287,5,3,12,1,5,516.3844313219247,3,3.0135711059536554,0.04345624630117062,0.9423880054335045,0.5220509770854445,1,5,37.3749776731533,1,5,23.244575431525963,0.6666666666666666,1441.612395896376,1.0
2976.2024464399346,9,1,9,6,4,588.079012044776,1,4.287497064885846,0.33509243426834256,0.4207023258989956,0.33050010308375344,1,2,24.244515532083707,1,6,15.022167054624642,0.5333333333333333,1407.7853798287629,-1.0
7683.4565880022255,9,4,10,11,1,453.92255339878585,1,4.64454942294585,0.5626695406843086,0.9786335539943561,0.27377927932086515,1,5,27.851527112804547,1,7,14.75285428978177,0.8,3158.0396086104715,-1.0
30893.850243593093,8,2,11,18,4,105.13275364717526,2,4.146553377506407,0.22024387740286056,0.9173257844519435,0.6941845835632721,1,3,24.77592380028334,1,6,18.2701057884214,0.6,7384.010614791718,1.0
30545.961100143744,4,4,14,17,3,309.3470696234909,2,4.876936424731625,0.12251914253709384,0.5272167103013374,0.12363357488919463,1,5,44.23297045359312,1,5,24.385421835425785,0.6666666666666666,12314.690986707401,-1.0
1720.6098616254544,2,3,1,9,4,502.7744975855747,1,4.963158059529189,0.8981441706651572,0.9715992568590199,0.4089091188228572,1,1,27.50782402638309,1,5,16.504532815522897,0.4,719.537570131498,-1.0
8404.981069073308,8,4,4,13,4,189.42555885817524,5,3.269595656838954,0.9136695974427194,0.682170361757942,0.5553207845236572,1,3,24.528068330346155,1,4,15.06035711226271,0.4666666666666667,3121.577340563415,-1.0
7718.645876754933,10,1,7,5,1,178.71549641878102,5,4.573333897749926,0.7699334359486862,0.9144911522417322,0.10014815623635426,1,5,31.389938579229838,0,0,0.0,0.3333333333333333,2042.4794043504871,1.0
23823.31550673166,5,2,11,10,3,507.379063042592,1,3.8865068829499245,0.18624493829977473,0.6912069382806509,0.7641417943996699,1,3,42.32668802784844,1,4,26.31310102516858,0.4666666666666667,5550.656892987782,1.0
6853.553200510051,6,4,3,15,1,370.88959909098674,1,3.9422207099955076,0.818737990454652,0.47476852462451274,0.7861247905934619,1,2,37.53707511424327,1,7,21.95051404664455,0.6,2511.435579970856,-1.0
55725.19044321942,5,4,14,19,1,566.6342586586428,3,4.525897757023122,0.759486569188307,0.9316443802573151,0.6832269942635952,1,3,36.54132220169137,1,6,27.62179968005376,0.6,18750.759461290407,1.0
12223.690333508746,10,2,11,8,4,54.52272226389034,2,3.068583356621085,0.7023384341018618,0.5674510816907701,0.563503781878359,1,1,28.95244209479066,1,2,20.079618632696278,0.2,3442.036239797233,1.0
3046.7942373988635,3,3,5,1,4,359.4913488382116,5,4.986452134561098,0.011572198755270269,0.5797555933511294,0.5985294029956639,1,5,28.269921898163187,1,4,24.52171921656607,0.6,739.5342031000768,1.0
5469.917965653453,3,1,7,5,4,338.7137463339071,2,3.682034186238406,0.18772807549827364,0.8927201220099727,0.8318031210703678,1,2,28.78990369765584,1,3,18.209687205935683,0.3333333333333333,1546.200339964566,1.0
3222.48743613884,6,4,13,2,3,541.7300328621376,3,4.980748859157725,0.19217273321444894,0.4520486606823845,0.3696022330698069,0,0,0.0,1,2,22.58409855513497,0.13333333333333333,1584.904009575998,-1.0
29372.017774074877,1,2,10,16,1,241.40734456992112,1,3.8334981212481063,0.7572955720711929,0.5362007796030523,0.2770212728529472,0,0,0.0,1,1,29.84013851307797,0.06666666666666667,6794.49442706424,1.0
3937.8911622701553,10,3,1,17,1,197.82971398888228,2,4.944191986424622,0.6175573132096185,0.9888494331001983,0.3702047897057833,1,4,29.37961720714412,1,2,15.033995628589222,0.4,1542.783093856936,-1.0
12049.544181139452,3,2,7,15,3,393.7606997924573,2,3.3433879862569826,0.10253453811264401,0.7675556849655258,0.17536829088999506,1,3,42.24890141698056,1,6,23.044934235794162,0.6,5810.144764923269,-1.0
10127.749862309234,8,2,14,6,1,425.0081676180723,2,3.4646710918480363,0.6239455747613883,0.676192834034439,0.13156156233815317,0,0,0.0,0,0,0.0,0.0,2872.5409789869955,1.0
12447.431975704965,8,3,8,7,2,208.38823436287524,5,3.795183738621293,0.6249224697884563,0.8678912053738861,0.7271402233135101,1,1,29.2335741818601,1,7,13.811170727283884,0.5333333333333333,4794.582089451682,1.0
25740.038663229418,4,4,8,16,4,251.43264962348826,3,4.802799882458467,0.8339166004610369,0.7321185312143099,0.5928886403325769,1,3,31.3440221130633,1,7,21.6816035072063,0.6666666666666666,8183.547780817518,1.0
9051.887134223365,6,1,2,19,1,332.2278258323024,3,3.1296684375723824,0.7626525587561409,0.656465152513936,0.6013149466494067,1,3,37.158786738922245,1,1,21.9719601066354,0.26666666666666666,2584.095401535485,1.0
9019.788970373525,4,3,3,15,4,57.38260331607019,1,3.2724673030914513,0.6304009260359995,0.5807354488373677,0.11485657501207909,1,5,45.148094572096234,1,5,24.665146752477217,0.6666666666666666,3597.847848466901,-1.0
12426.19047808951,2,3,11,3,4,518.110954216155,5,4.923955309468251,0.722901007447778,0.7867378927790933,0.6826822699812495,1,4,30.578603485686905,1,7,15.846633197925204,0.7333333333333333,2977.037118306994,1.0
2889.630289783653,7,1,6,5,4,348.03409530192096,2,3.5831554335198614,0.28294756803733123,0.5429726658688409,0.8000976458811602,1,5,22.886893220849416,1,3,14.064546735704221,0.5333333333333333,983.653596925106,1.0
4876.452988359816,4,4,5,5,3,406.2181458664542,3,4.599157288204006,0.5806197604823538,0.8638540849702672,0.3661383892242591,1,3,36.45035196827435,1,7,22.892713700844727,0.6666666666666666,1811.5945539461704,-1.0
15156.962581714823,6,1,9,10,5,104.57589284547213,1,3.0398029674801554,0.699027414042095,0.5517470833337723,0.13239025946264357,1,4,41.094395044456085,1,6,23.131949076904622,0.6666666666666666,3705.0180870077397,1.0
10606.407062431736,11,1,4,13,1,442.4015482387242,3,4.64617505801376,0.04197272624350601,0.6826497104227078,0.4183624449610668,1,4,30.188564756431635,1,2,14.48615364227933,0.4,2516.9321816473052,1.0
21779.321210884456,10,3,4,17,2,382.04969464432196,4,4.1699834974038374,0.9970218045616971,0.6735199001082599,0.69906197088319,1,1,24.368888766045377,1,7,20.49861517329076,0.5333333333333333,6095.8714958084,1.0
13042.711423817638,7,3,6,11,5,367.37302409451377,2,4.641819268141232,0.7825120082058294,0.7265092925387805,0.22348941591672028,1,3,25.35951575864653,0,0,0.0,0.2,2961.058597490674,1.0
19600.722542776737,2,1,14,9,2,75.59783667048744,5,3.618963158389734,0.9764132223840561,0.5687560122282848,0.8627486598062681,0,0,0.0,1,3,14.963296408278135,0.2,5961.6020117736525,1.0
4470.804176606676,5,3,1,13,5,189.28494967213794,1,4.57309787273002,0.9738777670436397,0.43577531463236135,0.7499649419351234,1,4,51.65115737952553,1,2,25.39490332501137,0.4,1637.2316920727203,-1.0
53483.90762507386,3,3,12,15,1,187.53121718058426,4,3.7009404046358556,0.8588139146748568,0.4759266752280449,0.552515905907831,0,0,0.0,1,1,20.6381191562234,0.06666666666666667,17142.319315161945,-1.0
5532.628757590601,10,4,14,2,4,160.68770050314328,4,3.213766750174063,0.821110527741516,0.6613030164719556,0.15787880791798845,1,2,32.01287892176251,0,0,0.0,0.13333333333333333,1471.982706732492,1.0
2303.5063287090857,8,3,7,3,1,51.177505640011375,2,4.637085159811006,0.3662530059984742,0.7609291038278236,0.5850535578996257,1,1,26.25224625007504,0,0,0.0,0.06666666666666667,1037.3056655095766,-1.0
5766.264108890003,11,3,3,14,2,332.1881825748909,2,4.590923842442935,0.049624627743525496,0.9130531983436216,0.6265299812210668,1,3,33.446810347100474,0,0,0.0,0.2,2598.881701947912,-1.0
52421.65062102294,5,1,12,12,5,323.42725506371073,5,4.292803473331599,0.5453628521336417,0.4307238095141975,0.6964024682822181,1,1,53.39146921922455,1,3,23.688786752005225,0.26666666666666666,12073.42739743642,1.0
17013.61002043441,2,3,12,11,2,147.21627708290342,1,4.587434851570425,0.785202867912825,0.5423906225223347,0.33093304214036834,1,4,26.241032468549765,1,7,14.908781835166184,0.7333333333333333,5156.513323457063,1.0
9750.62054779088,3,3,6,3,4,460.1560732726542,5,4.561889637900975,0.8404495816388055,0.5941656816604425,0.7709257235939657,0,0,0.0,1,4,24.49378091771859,0.26666666666666666,2211.8277307189173,1.0
7683.018823439021,11,1,2,14,3,325.4041983793091,3,3.2882713279787903,0.8227500147651232,0.95863541853232,0.5987505069552896,1,3,26.07145620911445,1,6,17.172692194122646,0.6,1748.4023515380097,1.0
8784.542414926194,2,4,7,19,5,534.3015882864263,2,4.62883839442935,0.4591591303759114,0.5510730720081306,0.3962561403604178,0,0,0.0,1,5,15.172079724157634,0.3333333333333333,4524.290086909484,-1.0
4030.698597747406,8,3,8,3,1,106.7923451898454,3,4.048075339735174,0.572099816971625,0.9118081353927553,0.7447425227322869,0,0,0.0,1,3,17.942506397272496,0.2,1485.48581109611,1.0
36261.07548338849,3,3,4,19,1,432.06945127832665,5,3.8293962366102563,0.08234216309672171,0.7639155202303203,0.18298413163399535,1,4,37.123799646851744,1,2,17.170791502737583,0.4,9303.184219477615,1.0
90331.42266616142,5,3,14,15,2,340.7464106451406,5,3.9251266166275993,0.6013842227687309,0.8738369570847774,0.2721765162131031,0,0,0.0,1,7,30.168955515671655,0.4666666666666667,30333.25462580961,-1.0
27412.138941479247,9,2,7,16,1,355.8315343553038,5,3.8849826273360746,0.6469467083373054,0.6964754446847623,0.5962230536806743,1,4,21.422735532714697,1,7,15.483413163097245,0.7333333333333333,6699.989885224376,1.0
22651.910087568198,11,1,14,18,3,370.4046103730967,4,4.42814235228467,0.8675572874455385,0.4258766729312972,0.5591603383946069,1,2,23.74480262269493,1,4,16.200339520280572,0.4,11934.625532256923,-1.0
4847.304132869395,2,1,7,5,4,107.50495198306334,3,3.132820840745466,0.1708601993864648,0.5866724084557884,0.3565594280330583,1,5,29.442650068572654,1,5,14.68510910989113,0.6666666666666666,1486.968425140022,1.0
12024.95381865912,3,2,7,7,4,330.4394715130856,3,4.420058695350458,0.02002353451970651,0.7419896914271897,0.3676167793146379,0,0,0.0,0,0,0.0,0.0,2821.9745192877917,1.0
13953.01394572317,6,1,9,9,4,517.6643051144855,5,4.857044150084859,0.5902990717555996,0.778004281267914,0.776335361360616,1,4,44.7885360503984,1,4,26.835080619859976,0.5333333333333333,6310.789572180256,-1.0
3477.5170509594377,4,3,1,12,1,55.423400585426705,4,4.059549830513597,0.3217370298582778,0.4450132533357509,0.8165209843215349,1,4,40.471360619696696,1,1,23.07793572203819,0.3333333333333333,1797.1280794261736,-1.0
16376.18692720208,6,4,14,4,2,81.18755825352565,5,3.421263444548602,0.9488458384670612,0.6013245653119214,0.36017695309970743,1,3,40.82431540012689,1,7,21.328184365770937,0.6666666666666666,4588.70158106934,1.0
12253.39326073358,3,3,9,5,5,264.25204046483736,4,3.7944146086137946,0.21218038256687333,0.9467412492686159,0.8465086947249749,1,2,36.942266249589004,1,7,20.318573227038463,0.6,4616.096807762804,1.0
18385.333684681846,6,2,6,12,2,368.51284843158294,5,3.608735566859102,0.6824930337371488,0.908541428861497,0.6548941102263031,1,1,42.61021148219552,0,0,0.0,0.06666666666666667,6238.153079576583,1.0
33896.49270499925,1,4,9,16,2,167.95202612828888,2,4.375004185608832,0.47028847670317586,0.6752841725614214,0.8869140248262494,1,3,38.71392457752708,1,4,23.86712054085261,0.4666666666666667,7984.877095001363,1.0
22696.44077790985,4,3,10,14,2,443.1458806722027,1,4.7640963720153975,0.4443938189157698,0.7533661891044092,0.21135024220638965,0,0,0.0,1,1,22.31886912845217,0.06666666666666667,7432.485950712005,-1.0
38353.83764775085,9,3,8,17,4,172.5115784085537,4,4.7500690624905175,0.6141627026161989,0.5129199890079174,0.32822239755270377,1,3,22.66510573935158,0,0,0.0,0.2,9088.42157419088,1.0
32028.705457837572,6,2,14,8,1,515.6970947182033,4,4.450824246385941,0.06834837144819472,0.9730591336994117,0.2544119883245589,1,5,31.92663795441769,0,0,0.0,0.3333333333333333,8504.061717486604,1.0
4418.015370129229,9,4,10,4,2,77.39433267088202,1,4.964089245572768,0.09624649114071637,0.7535270340715723,0.6011710842032447,1,1,20.170490719120817,1,7,13.219536860737108,0.5333333333333333,1037.2769680622052,1.0
14448.34666867184,2,1,10,14,1,157.48242265109195,2,4.357551967040858,0.23108892213456855,0.7054020672895709,0.810254491971999,1,2,22.251205951226353,1,1,13.421625928779422,0.2,4142.678989240255,1.0
1256.7302591831574,9,4,5,2,4,129.92405098514433,2,3.728404445299032,0.2099318316734844,0.8656911184633738,0.48912727919286925,1,5,23.06070050004777,1,1,12.883008177794474,0.4,390.6360442946414,1.0
7075.30151022861,8,3,6,12,4,527.2610645449519,1,4.030994951953981,0.26149290372761935,0.8335883212366411,0.35708088015177697,1,1,28.282009633821566,0,0,0.0,0.06666666666666667,2717.147517248513,-1.0
12033.233440908758,3,1,5,17,5,274.32301407500233,5,3.5044001012338257,0.260517445435969,0.7874742146770437,0.19407969327896143,1,2,36.69612793582747,1,6,23.493355183991294,0.5333333333333333,6348.3031217512325,-1.0
18098.13169084217,3,2,6,15,5,461.9047022631858,5,3.885018962658458,0.4938359406519234,0.5872716792035227,0.48540466378318514,1,3,38.46335383168974,0,0,0.0,0.2,7403.983491057086,-1.0
18152.16247387675,4,3,5,10,5,482.65888384199076,5,3.7537119659682174,0.7072679186664391,0.8029996343256822,0.25694448555038296,1,4,42.595234948363185,0,0,0.0,0.26666666666666666,6541.162140138305,-1.0
28331.054753235443,6,4,11,10,2,85.1512265220276,3,3.744801332070712,0.7763913686527261,0.7575560872700403,0.6154925603940539,1,3,34.773354159193254,1,7,23.834261402056246,0.6666666666666666,6856.278453267658,1.0
11772.88247790812,5,4,4,10,2,124.09624479986499,3,4.9092750267201115,0.12857726079687848,0.8184767603360361,0.5049848288727041,0,0,0.0,1,1,22.726216563765856,0.06666666666666667,2717.350172276211,1.0
4988.6148751470955,5,3,3,5,5,351.9234577468049,1,4.149906986459283,0.8899310558900979,0.7905273024974664,0.4801972212697604,1,1,50.331459346018946,1,5,22.967515163723743,0.4,1233.1596839033793,1.0
8335.410946891754,7,3,2,18,2,588.5068668387503,2,3.9864869918668946,0.8573278235335529,0.46268379148956174,0.4594366567170036,1,5,24.353463087064878,0,0,0.0,0.3333333333333333,2114.808991941,1.0
21050.56161809567,6,2,8,17,4,109.48026828545926,1,3.8648947192104277,0.8167675731295833,0.5177723200858457,0.26404407473506863,1,2,31.840184845581206,1,1,27.652822372033732,0.2,5590.036481818166,1.0
12216.894835690606,5,1,3,19,5,349.06935075526064,4,3.1628553774138712,0.43584036887272604,0.7335042926100992,0.4241249656689319,1,3,48.451830122874526,0,0,0.0,0.2,4686.112940382476,-1.0
22487.24028485659,2,1,14,13,2,508.94981819043295,4,3.305774231295996,0.06616872172518085,0.529562922412081,0.20228305432695645,1,1,26.08026865326596,1,4,16.08319332746891,0.3333333333333333,7680.879750617015,-1.0
3034.0348113024647,7,4,5,5,5,176.5002489016199,3,3.86721206681907,0.806899347919689,0.5763536373829028,0.30313033973602255,1,4,18.93798170065241,1,2,14.257578894188699,0.4,990.8309482439278,-1.0
55733.33652305362,2,2,14,18,4,314.56032889025397,4,3.429507331650165,0.8344737434626284,0.6521741560325531,0.5616619541054123,1,5,20.879242870469664,1,3,14.924683461820537,0.5333333333333333,12863.942473281066,1.0
21709.541112121675,2,1,6,16,2,314.4075018253474,5,4.244630712908529,0.6616750607175304,0.5866250230341904,0.35600879139765074,1,3,29.035026058694747,1,2,13.70201113822945,0.3333333333333333,4923.717892520939,1.0
12210.020555871648,9,4,12,11,3,522.3131925549906,3,3.3253077075242423,0.40774024692971944,0.8986217879636114,0.6288002390566824,1,5,23.941421163725188,1,6,13.749176848680596,0.7333333333333333,5246.267361607461,-1.0
10057.699196143803,2,2,6,10,1,570.610113638309,3,3.317515830224167,0.922681434006612,0.40160090080557176,0.8150468345733045,1,4,25.255486375418,1,6,17.00804866477493,0.6666666666666666,3044.07778134605,1.0
2766.5876023560836,10,2,8,4,3,364.2501833180364,1,4.356786292811814,0.6605324154364861,0.7687856913609317,0.779375315755284,1,1,32.77923806061956,1,3,18.717103537998824,0.26666666666666666,1090.028937204299,-1.0
20921.26178167221,6,3,3,17,2,328.2810596610016,3,4.89731231541313,0.6414903690642878,0.9261513591225082,0.6408448040106025,1,4,34.53479445778433,1,1,20.84106522523499,0.3333333333333333,5109.04936444428,1.0
6037.359301635251,7,2,4,10,5,574.1588968222435,2,3.1010404533446696,0.6658493646001281,0.4430076278052008,0.6649703887720524,0,0,0.0,1,7,13.319771792358283,0.4666666666666667,1515.2338631057733,1.0
1921.0331095482286,3,4,1,7,3,278.6412200324166,4,3.171258461457071,0.0941696982472372,0.5603977290176061,0.6043666377939394,1,4,39.21049122209695,1,4,19.15140812541819,0.5333333333333333,873.8748314212872,-1.0
5547.521443902398,9,2,7,9,1,72.15298950446333,1,4.545488289092824,0.1683852983030545,0.8604975001055843,0.6995574303470924,1,5,26.994255489548248,1,2,14.156611928369454,0.4666666666666667,1877.8573823623876,1.0
9217.866400606565,8,1,2,17,1,199.58080927794543,5,4.626210094221688,0.033403006577434446,0.4546506489280309,0.13930151511348188,1,2,26.020193648414676,1,4,18.285576823160564,0.4,2134.682003721709,1.0
2121.043215414306,2,2,4,2,4,351.29637159864143,5,4.63832900019246,0.9961452421241919,0.5977252801143292,0.40529683534128313,1,4,25.381977086548407,1,3,15.106841038865017,0.4666666666666667,602.6349506255696,1.0
16588.477604922962,7,1,12,14,3,345.1458973659922,4,4.177051362786727,0.01104714521277761,0.4358265429258344,0.8942907468828419,0,0,0.0,0,0,0.0,0.0,5967.891542522666,-1.0
12644.432439666665,6,3,13,3,3,342.78183142290646,2,4.795527155038376,0.5194430175544321,0.6800865436024348,0.7885813297653044,1,4,39.60308986253075,1,4,22.224424699549044,0.5333333333333333,2976.859303342257,1.0
22295.788896147697,5,4,4,15,4,254.08560414194227,4,3.069500163468092,0.8888842740838326,0.784958397606919,0.6148435735651353,1,1,49.91035514250478,1,3,31.816153394252634,0.26666666666666666,5234.8504041438955,1.0
5370.15812336479,4,1,2,10,2,116.8529184020008,4,3.432377147740951,0.7714848748169257,0.41213051208867846,0.6366080173692271,1,4,31.044675177291197,1,1,18.70146554380788,0.3333333333333333,1567.4932687858468,1.0
14762.752688512983,2,3,5,11,5,76.18837516380344,4,4.344210134027529,0.2521951614279182,0.5948503653803212,0.7678387940639524,1,1,22.695143698362024,1,2,17.52936004744843,0.2,3990.6065475191535,1.0
28556.055939876078,7,4,10,14,2,376.21202807860004,5,4.200437222123939,0.9769710546262609,0.7852774881185562,0.12462925508859729,1,1,23.67993853264387,1,2,14.410190518849335,0.2,6511.792723135715,1.0
14028.475910356072,10,2,7,9,2,384.19296673616634,4,3.7032699466756975,0.06287578211448763,0.7735352819929866,0.2509378329824261,1,5,26.900054966674,1,7,17.425509538041883,0.8,4060.5377446144844,1.0
3615.3711958878607,5,2,1,18,5,553.5101431654333,3,3.512088972752256,0.11989338714487341,0.9469091969003107,0.898369652876549,0,0,0.0,0,0,0.0,0.0,1399.6047846294339,1.0
10089.068651229523,7,1,11,17,1,78.87070117416644,2,3.8588375737045064,0.4412878027999434,0.43937679720144424,0.421154839408003,1,4,21.699115176860275,1,5,15.330868007016456,0.6,5265.373075354074,-1.0
26165.926666377614,7,3,10,17,1,110.8224891801751,3,4.116784232657348,0.03109462194305601,0.6768407144953457,0.47020795271517846,1,3,18.155158315356537,1,1,11.71139104085824,0.26666666666666666,8830.327281555246,-1.0
6454.278420333628,11,1,13,6,3,579.5154410833793,3,3.7221992812529336,0.8522142067229794,0.7322643725766629,0.6742942809050109,1,5,23.406588175156628,1,1,16.644543173529208,0.4,3266.6788366173273,-1.0
5489.433192388616,8,1,3,12,3,291.08302658789455,4,4.789821285129332,0.6741993749428606,0.5226800321185453,0.8461455218884018,1,5,21.474678502677897,1,7,13.185715862201775,0.8,2074.5554964087582,-1.0
7027.941766237233,7,3,12,3,2,194.3664500940622,3,4.388453632083409,0.8926007897275405,0.7802392030345822,0.2778328430636437,0,0,0.0,1,2,13.164334873385322,0.13333333333333333,1913.956712686602,1.0
3099.395172385678,6,1,5,2,5,451.88878639958745,5,3.0223986105114085,0.4580669390728913,0.4791019706821085,0.6314754331717716,1,4,32.6194219890915,0,0,0.0,0.26666666666666666,834.1029453011896,1.0
30491.382956786896,3,4,14,10,1,128.2574202360147,5,4.604903490962988,0.7366858758693654,0.5783906257072282,0.14685016841638268,0,0,0.0,1,3,22.057963853638384,0.2,10041.621260823344,-1.0
6222.590003758417,5,3,1,8,2,523.3309624231598,5,4.368950203756955,0.019097655603204422,0.8241237073260632,0.6084970917856038,0,0,0.0,1,6,21.87588259463705,0.4,1558.8990836353755,1.0
3857.272776716387,4,1,1,17,4,361.1998960727075,2,3.356466197823167,0.8591821994111084,0.6421136599043377,0.418834971492306,0,0,0.0,1,4,25.900563884213145,0.26666666666666666,1230.9430583270725,1.0
34976.8149240912,11,3,12,9,5,378.15277296655427,5,3.7855218378494384,0.004373982283009337,0.5643230918232226,0.578103194556448,1,4,24.59078422088118,1,7,19.081168606831092,0.7333333333333333,10359.680393611241,1.0
1187.09041955343,7,2,2,4,3,254.49164520099467,3,4.458026842585937,0.4196722921572683,0.9888262625957169,0.3795881458464808,1,2,23.175986762656226,0,0,0.0,0.13333333333333333,397.7877296734515,1.0
23908.973532452535,4,1,14,14,3,306.83207504008885,4,4.736925157894941,0.3834628345476925,0.588048018912202,0.40446975591821366,0,0,0.0,1,1,22.94735622741267,0.06666666666666667,11943.283561829543,-1.0
19084.5355219616,4,2,2,19,5,143.38595175302106,5,4.224158636407719,0.7878647195855439,0.5523304065766409,0.7109055324377073,1,4,37.7397169662184,1,7,22.680369820123172,0.7333333333333333,4642.741989631885,1.0
9483.260082467066,6,3,4,15,5,396.2306771839573,1,4.011966658314127,0.398641335196384,0.4717782637096422,0.4333669310777839,0,0,0.0,0,0,0.0,0.0,3227.673970758085,-1.0
9034.558315846512,8,3,7,9,3,377.00255562977463,4,4.0604950527324855,0.7040856686423355,0.5560695898092395,0.8535239782706633,1,2,21.368320383724036,1,5,16.48363549738336,0.4666666666666667,4731.23924808351,-1.0
17201.09194724405,5,2,12,9,5,305.42159847635526,1,4.269672311958435,0.8869067243921759,0.6557388749588586,0.36582325631359736,1,3,38.06870366881283,1,7,26.367131296334236,0.6666666666666666,5530.511973306026,-1.0
31492.332701896437,8,3,13,7,1,466.94042578143956,5,4.652726369712929,0.26729508207650454,0.5665279955788145,0.5179066443413881,1,4,24.293386962086757,1,4,17.91008905336871,0.5333333333333333,7717.314824948711,1.0
15571.645014641817,4,3,12,9,4,419.6464148333347,1,4.366672562560428,0.2624603114006834,0.78701880073117,0.778857927665637,1,4,34.14653697453464,1,7,23.491660584270644,0.7333333333333333,6350.859440104926,-1.0
2323.9033102652943,8,1,1,7,4,222.9621497265808,4,3.230327823809051,0.4178115829015002,0.5578309084071624,0.15680086360431222,1,4,24.68837942716093,1,2,15.866344681882461,0.4,544.6286213016097,1.0
34059.75195054915,10,1,13,18,5,482.8262457634728,2,3.6952701739524025,0.9651407007376861,0.6938232365187987,0.1893099562569483,1,5,26.683470814304137,1,4,17.436978722365332,0.6,8293.510836195173,1.0
32449.79712548896,6,4,10,14,1,318.64244369242505,3,3.6704463604271433,0.04204479607594469,0.7589426559111379,0.7838560423937504,1,4,33.50887183213733,1,7,19.79969456112595,0.7333333333333333,8823.883469547192,1.0
12733.78082452545,1,2,4,13,2,441.89810502314833,2,4.512955357680825,0.11057918706865943,0.9030026923560311,0.5444071827163866,1,4,34.98459957839697,0,0,0.0,0.26666666666666666,3295.9963419572136,1.0
8952.750860650993,3,2,10,4,4,328.5044204498299,4,4.487178813042452,0.3390741484817763,0.6712171440788113,0.1815746951703388,0,0,0.0,1,4,20.547348491652276,0.26666666666666666,2821.3518320374815,-1.0
7439.074455070094,3,4,6,17,1,496.73174623481094,1,4.1296255621723645,0.860930482578696,0.8929879582987,0.19783097694447963,1,1,33.02338516405887,0,0,0.0,0.06666666666666667,3536.85954579618,-1.0
36260.72543532515,6,4,11,10,3,376.6294931806814,5,4.616764862478899,0.5205271128091636,0.834525898488016,0.3930628197590068,0,0,0.0,1,2,24.479909798552328,0.13333333333333333,8629.575183716872,1.0
6505.991303503739,4,2,14,3,4,325.8963949077018,2,4.789077704481182,0.7151056136180892,0.7837322958263867,0.63101338889736,1,5,42.91573427747015,1,5,27.38650791343052,0.6666666666666666,2410.857619786811,-1.0
3576.830973453181,1,1,4,4,3,333.23889585658964,1,4.401409152374736,0.25765617680719477,0.9536054971145447,0.20339815519138088,1,3,46.84594649363617,1,3,26.406846008954776,0.4,840.9864224048081,1.0
2626.3393363355062,3,2,5,3,4,181.44262326562207,5,4.5979298050674915,0.3622283639386602,0.5304772501548327,0.8430432159982321,1,2,38.14017656733768,1,1,19.277110883181813,0.2,1278.4682918524654,-1.0
30157.463129377906,10,3,14,13,2,468.3069635359576,1,3.6857841826979594,0.41836891013200717,0.957368041343574,0.8286014501905178,1,3,31.201188730165526,0,0,0.0,0.2,7449.5310079319015,1.0
27695.54431588485,9,2,12,13,2,270.3618166408743,3,4.773173202120687,0.02417804375417021,0.6297191292901234,0.5211190366922187,1,2,27.114697813587185,1,6,14.454822275541952,0.5333333333333333,6460.523593181441,1.0
8063.123634986936,4,1,2,17,2,300.7584333756794,1,3.5976061281665492,0.8583560551590967,0.9991668562224725,0.6037129873859659,1,5,31.497294990512174,1,4,26.199017012327484,0.6,2224.8949050020196,1.0
1432.4973354240917,1,1,9,1,1,548.0192126202292,2,3.8321018102735387,0.1723118372974496,0.4695082915584031,0.5629744084721904,1,5,36.13650801396241,1,1,27.536000989940597,0.4,550.7029409171151,-1.0
12651.752957771196,11,1,6,12,1,103.96538064528184,4,4.468008701199209,0.17321838118690058,0.5713989933080338,0.7918135936737581,1,5,28.485730787663346,1,3,20.60036217031927,0.5333333333333333,3857.040405030212,1.0
11803.18282500736,3,1,7,10,2,260.1631754802352,4,4.993467540588763,0.3752411324969148,0.7594075822687674,0.7850141228192651,0,0,0.0,1,3,18.70145576006199,0.2,4063.1429233122485,1.0
1833.4845385363126,7,2,2,5,4,140.36389117385977,2,4.729318227779784,0.4934442792827386,0.7432881266718402,0.5555461464758837,1,5,25.37310809405305,1,1,11.349224076159853,0.4,498.28832810714215,1.0
27475.132263888197,4,3,5,18,5,492.88644782989115,5,4.246863586886722,0.6443961622818657,0.8284325983932743,0.33409018193877227,1,3,39.94442231865356,1,4,26.0232659711347,0.4666666666666667,11920.160037922185,-1.0
9003.65466605837,6,3,2,7,1,343.33596319091464,5,3.858640085708353,0.7544714750022371,0.7498601707784798,0.8486970335715663,1,2,38.67421914970482,1,6,26.04660405377451,0.5333333333333333,2207.5159416721003,1.0
20449.26184584078,8,3,9,16,3,191.3422658195796,4,4.786059916171936,0.9558616803747381,0.7085925594345468,0.73879562682125,1,2,22.823332395085597,1,2,13.53402692964968,0.26666666666666666,10239.75251886147,-1.0
16519.64709319044,5,2,6,12,5,358.8888878853002,4,4.40881108832515,0.712191728253204,0.45681122483675374,0.6856786958581533,1,4,43.56975636737474,1,4,32.28030564134702,0.5333333333333333,7026.9688871473545,-1.0
28582.140967118165,3,1,12,15,3,312.23737314521077,2,4.9944090157013585,0.7801919294680316,0.5743381069464732,0.3222555957643045,1,5,42.311614393119825,0,0,0.0,0.3333333333333333,7684.525303141866,1.0
2960.959333374711,8,4,3,6,3,215.10570136811543,4,3.323344671107423,0.24053508651594702,0.7093281964450853,0.5557637056283279,1,4,26.411780650247557,0,0,0.0,0.26666666666666666,995.5922160443845,1.0
8439.841824633071,11,4,7,13,5,121.84346569212525,2,4.573921453970819,0.4618065340196199,0.9994544606783865,0.7712731989216843,1,5,32.11691270090294,0,0,0.0,0.3333333333333333,3629.888599191283,-1.0
2223.1207875938476,8,2,1,6,1,590.1220481750402,3,4.8060021703029925,0.8140682873866807,0.588544912299703,0.8788212414698015,1,5,28.33528129171707,1,5,14.841382196995644,0.6666666666666666,671.2047949020554,1.0
3155.8490004338373,11,2,14,1,1,439.10013545309573,5,4.169216719110317,0.9886755431457941,0.7611926767883261,0.728494203214915,1,5,30.39774701465501,1,3,17.160058687656893,0.5333333333333333,1028.2940708343547,1.0
1759.7343233052698,9,3,12,1,1,284.6706893386926,1,3.276885268931081,0.11976693191088494,0.8199939007312953,0.10486664873196744,1,3,27.450611380925267,1,4,13.28117082314227,0.4666666666666667,532.9044595358787,1.0
9256.759806081858,2,3,5,15,3,118.16655684544169,1,3.6739295756936596,0.2958133627513597,0.44021684742251366,0.8165753397984011,1,2,27.659418699489596,1,5,16.52963252963648,0.4666666666666667,3146.4287816195406,1.0
8661.074021846589,7,3,3,19,4,451.77398035550505,5,3.203781292006792,0.41476435904619924,0.9139431414156014,0.6774913919160004,1,2,19.153219549292697,0,0,0.0,0.13333333333333333,4306.922579453274,-1.0
10813.688261613997,7,2,14,6,5,104.14065195054494,4,3.2048006995920026,0.737315273813097,0.6702645972555599,0.3588239313425111,1,2,24.183652394039733,1,7,13.162471335012974,0.6,3799.8323945846482,-1.0
13027.782311320416,5,4,10,10,5,101.3875267633746,2,3.181676362122828,0.12893730541981718,0.5437658992169232,0.7876221641979918,1,1,41.9701433199633,1,4,23.046526108940803,0.3333333333333333,5703.779119291863,-1.0
4894.356624397146,11,4,14,3,5,507.72418092714804,4,3.658486957527154,0.08795300836872899,0.8229822002843235,0.38810535021909953,0,0,0.0,0,0,0.0,0.0,2189.103454418164,-1.0
21013.863195294383,1,4,11,12,4,105.01741908693455,1,3.8876254819601614,0.24609912257631594,0.8075184732113678,0.7985951565930568,1,3,36.03451520642939,1,6,20.320257436605345,0.6,5769.706174647496,1.0
28336.602700702337,5,1,12,8,4,365.0723133901967,5,3.858195566971179,0.9678002467430077,0.8343536027158392,0.4294301913662054,0,0,0.0,0,0,0.0,0.0,7837.08854773209,1.0
4850.889143054601,2,1,6,16,2,566.2238719975131,1,4.0819450118289335,0.8923384702208084,0.8079913060769282,0.6759913848261794,0,0,0.0,0,0,0.0,0.0,2194.0601742219064,-1.0
2876.166465602095,10,2,4,5,3,113.41019293598012,1,3.6582734111121606,0.8859236704168032,0.9085668245293895,0.26854431786205024,1,3,33.63767645178684,1,6,16.647224770200104,0.6,860.1378075227158,1.0
17736.06455393158,5,1,12,11,3,417.2206730545578,2,4.130346512447875,0.44789134484446314,0.5855613272753138,0.5019188222748285,1,1,53.190760909503226,1,6,27.44199767903736,0.4666666666666667,7121.712573231166,-1.0
3126.6190326176493,3,2,7,2,2,403.41895369249744,3,3.906599477293086,0.7264413581074167,0.4573217245817423,0.41681947704187694,1,1,31.532176040735308,0,0,0.0,0.06666666666666667,892.0173089851677,1.0
41388.31166037982,3,3,14,10,4,462.2396348443504,3,3.8087493991416403,0.22630428615123455,0.4103955830534183,0.559928470565685,1,3,36.432654183359126,1,3,17.223434955621432,0.4,11531.786635847211,1.0
14227.17429242174,3,2,8,6,1,584.8665092518876,5,3.830156258015598,0.14909567867143392,0.9746915942879555,0.423449944975807,1,2,34.49065205461697,1,6,21.878354189575713,0.5333333333333333,4104.206772236352,1.0
685.6933801173919,7,2,2,2,3,208.90287369209648,3,3.1393457288471756,0.44052174398414656,0.551532728445163,0.6963619308056164,1,3,19.213739059706718,1,2,15.440527349920586,0.3333333333333333,248.43137410049593,-1.0
2189.9325203345657,11,2,1,4,2,412.66949394795427,5,3.237344984143608,0.028980590249976235,0.4677216505880933,0.44499663294422154,1,2,31.89192211636033,1,5,20.586770443337684,0.4666666666666667,509.9421707679359,1.0
6210.487761048752,6,3,4,7,1,180.06054455146858,2,3.9460702501674003,0.8020625593108031,0.8733705379247401,0.7079977266647748,1,5,39.995442820210904,1,2,27.032106318908188,0.4666666666666667,2417.6804280255687,1.0
3107.3990588675338,5,3,5,2,4,224.76827875372484,2,3.227109087686988,0.11405029770539876,0.6086030448813469,0.7102843823170973,1,1,47.03069294361411,0,0,0.0,0.06666666666666667,922.0378346623345,1.0
814.37616666034,2,2,5,1,3,406.6736786509623,2,4.915054455621693,0.7787381569251641,0.842033455900838,0.6521653320166416,1,3,22.761796900717975,1,2,12.808857289369765,0.3333333333333333,283.05739189840654,1.0
23884.497116944818,2,2,6,18,1,570.5763317717656,4,4.606189151761271,0.6120496214481532,0.6261370101311283,0.10109438749082944,1,2,24.301201430884564,1,6,16.120178010531202,0.5333333333333333,5970.305340334625,1.0
20409.70370964383,11,1,12,19,2,383.0411011901997,1,3.2115578137881338,0.2779220107693591,0.9341886737281907,0.5399907326927623,1,1,32.63362273905936,1,7,18.130249678147862,0.5333333333333333,6426.508631320795,1.0
7215.653699999281,7,1,7,6,1,79.33153751371043,5,3.622384888708753,0.4496798508851573,0.8834108733261354,0.22929284858423796,1,2,26.697745671829153,1,5,11.492606696054596,0.4666666666666667,1892.8940442394155,1.0
6170.286754460732,8,1,7,13,1,369.73656931276423,3,3.4651892739277006,0.6168857832608161,0.7054013101220429,0.8932782204239882,1,1,25.60266228949857,0,0,0.0,0.06666666666666667,3243.1996363681087,-1.0
5622.669375414999,10,1,14,6,1,306.6934273221462,1,3.9705065091864538,0.7847743211627893,0.6912975346995236,0.3683812884486958,0,0,0.0,1,6,16.337367816765305,0.4,2277.712242556095,-1.0
14855.594387669891,3,4,5,11,4,382.8282082415773,5,3.6674296969515856,0.9920384737785946,0.46169968963849445,0.14237832483688068,1,1,30.14126522611192,1,6,17.651559646376818,0.4666666666666667,4313.289773104276,-1.0
4679.299982709816,3,4,9,3,1,166.943612149929,5,4.070147499558429,0.7974889777130172,0.7574845194339819,0.35163687808268607,1,4,42.2469753728214,1,7,23.425206113304785,0.7333333333333333,2185.1564067627583,-1.0
2187.138695303334,4,1,12,1,1,142.73201376039827,2,4.296746151436123,0.5698254773321337,0.5005731824532408,0.7702059562802716,1,3,32.02806100744124,1,7,24.057400554275965,0.6666666666666666,610.4994211821369,1.0
844.2281801393563,7,4,3,2,3,167.65757877484475,4,3.583646375147935,0.7651115104398498,0.8584075753994325,0.3339563687979167,0,0,0.0,0,0,0.0,0.0,284.5225112535493,1.0
8551.084722507358,10,1,5,10,2,191.03010326648135,2,4.403907067940652,0.4961216941414448,0.6585523386105987,0.8634916924412036,1,3,29.933432781292687,1,3,17.121065226452146,0.4,1951.085617507489,1.0
5872.637115926844,11,4,9,4,5,445.81515907819136,2,4.7595961146238395,0.857200334324534,0.6250326321313218,0.4695996058913665,0,0,0.0,1,2,13.929020962878377,0.13333333333333333,1354.8452557928917,1.0
1540.7667456011811,9,4,5,2,4,199.92685750899196,3,3.2252142980786234,0.9120644528763892,0.5167777883219348,0.5903818732714883,1,2,20.146450890916434,0,0,0.0,0.13333333333333333,425.0403645630516,1.0
31641.112633468198,1,3,8,7,2,486.27632305032716,5,4.319463064521514,0.32357760403951186,0.6047212434352921,0.6295341841263411,1,1,35.99754559774632,1,1,20.555276393519904,0.13333333333333333,7535.938020165212,1.0
5846.304972399297,11,1,3,10,2,345.41641155770697,4,3.787155640291516,0.48324869404462456,0.8741294569311665,0.48182210602658826,1,3,27.018401596910795,1,7,14.411182009551474,0.6666666666666666,1859.8664097438386,1.0
993.7188746903244,2,4,1,9,1,204.85462450050764,3,3.1002880461436204,0.3966087993343448,0.6220021243450189,0.32784029939964066,1,2,21.207071925741946,1,1,16.182808237347647,0.2,515.653938602692,-1.0
11438.03671475405,2,2,9,15,2,300.8579697344669,1,3.031548779542892,0.8239850584517123,0.9272805748515558,0.6454983547974135,1,3,30.216240460473216,1,4,13.121504923635943,0.4666666666666667,4010.1818399068784,1.0
3895.651687493282,8,1,5,14,2,346.0102152754012,1,4.056116843784249,0.4112273626316605,0.5612782577001866,0.8989587854730295,0,0,0.0,0,0,0.0,0.0,1598.223519400051,-1.0
21010.979107944662,11,3,5,12,3,534.0586669635227,4,3.784798204482229,0.4007484476475779,0.5071317155709498,0.10105170674450115,1,1,32.14672222699274,1,1,18.73314357877737,0.13333333333333333,4946.163379455761,1.0
7400.313700679257,8,1,11,6,1,293.2784218514156,4,4.187213652098335,0.26734471215885336,0.7875499158433084,0.888777555160275,0,0,0.0,1,2,12.426392662900689,0.13333333333333333,2748.8903931125124,1.0
2651.4079101934967,8,4,2,6,5,508.0669728752934,2,4.022017671365226,0.15367430621362066,0.7697768276384707,0.22412782315067964,1,4,20.987199312769985,1,4,17.736051791727554,0.5333333333333333,686.9038986189164,1.0
25391.51920578663,6,4,13,18,3,132.32040552098061,1,3.937159608750278,0.424867927068011,0.5733323796245361,0.23777465776562617,1,3,35.38656471456623,1,6,21.71986921979382,0.6,9358.143818820708,-1.0
64101.49543853263,4,3,9,18,1,424.8329944932858,4,3.801877471992719,0.4308173907871258,0.4344611165169663,0.4639281158942742,1,2,34.21232322710282,0,0,0.0,0.13333333333333333,17085.325489267605,1.0
3930.3426452443105,8,2,7,2,3,512.0046744081994,5,4.585804556659271,0.8043964469152018,0.5242508949326262,0.3687310760853516,0,0,0.0,0,0,0.0,0.0,895.2388372076507,1.0
12189.56662187602,4,1,5,14,4,331.49351859124323,3,4.6134295360894555,0.016539449289876607,0.5120847389142991,0.6239242416942649,1,3,45.568371764417506,1,3,22.22414825808087,0.4,4303.186958343457,-1.0
13034.278733831468,5,1,11,7,3,287.95336433221973,5,3.142802402173814,0.8724131764867018,0.7799819958392029,0.8124750080975274,1,3,52.07842473045999,1,5,27.96121165824749,0.5333333333333333,6781.983528794152,-1.0
38069.523602978494,5,3,14,9,4,575.0573877938044,5,3.107394375878749,0.31340556147455634,0.4896591412852115,0.5641410958372272,1,5,40.55237619706509,0,0,0.0,0.3333333333333333,18230.06123525489,-1.0
14337.31131201505,5,2,6,6,2,105.48884115822241,5,3.612762073872579,0.47002020957269675,0.41177936283259203,0.6868466823484053,1,5,41.16687345906348,1,7,24.841055977161915,0.8,4107.907379064154,1.0
33106.048225439205,5,1,13,11,3,372.30900761306316,2,3.7650034613714687,0.4111609658463491,0.803627515892062,0.7274286173923751,1,2,41.090522310803316,1,6,22.982363638386477,0.5333333333333333,7649.900459282032,1.0
27409.078528339596,1,4,8,19,5,239.68904579525082,5,3.197361834967755,0.5718465997863196,0.4574607317197762,0.22827571512413256,0,0,0.0,1,4,29.12201039234869,0.26666666666666666,13233.67565157545,-1.0
10570.706769547522,5,4,14,3,5,444.26046370364645,3,4.277398189766345,0.38765990055879906,0.6554569689581831,0.16025714573392388,0,0,0.0,1,7,30.22675778532101,0.4666666666666667,2997.246583955566,1.0
2417.447970337,3,4,3,6,4,263.63497167532137,2,3.771241194772184,0.5303327560696343,0.7593004087903504,0.8486407808436968,1,3,32.071309674785255,0,0,0.0,0.2,948.8045203670442,1.0
12464.393774857106,9,4,10,17,5,337.1128797153918,1,3.2707571920222023,0.1556761255419754,0.7782530489013539,0.6883312204056025,1,4,26.23018783720659,1,4,12.948525762675992,0.5333333333333333,4461.002393146836,1.0
9286.36369968771,1,1,9,5,3,319.5655798697301,3,4.125591070416503,0.2784824560427891,0.45738915973360406,0.2318853927572401,0,0,0.0,1,7,27.196456369968633,0.4666666666666667,2796.2942889863534,-1.0
9177.284937910223,10,2,4,8,5,78.62081073200821,5,3.822081561149223,0.16562005941017133,0.5224438350410842,0.6547160020787022,1,4,25.19795001075211,1,1,20.40399365902516,0.3333333333333333,2276.295252388766,1.0
20497.572267345393,3,1,13,10,4,270.741402331185,3,4.206583021224034,0.6689001056186178,0.793014817843054,0.45667970735897423,1,5,40.4394196102763,0,0,0.0,0.3333333333333333,6592.278173743538,1.0
8273.052863933743,5,2,6,5,4,235.30978123022112,4,4.4424102499238876,0.15065973820766854,0.9298994067853705,0.23363213089601473,1,3,49.409067728748404,1,5,24.301392733691518,0.5333333333333333,2921.4215734732697,-1.0
24343.351947814313,6,4,11,14,4,444.0694248329165,4,4.974627964421322,0.5598861561267373,0.8173835548258822,0.19472126731320227,1,5,43.70960446804634,1,3,25.27301012929139,0.5333333333333333,11249.515873159768,-1.0
1842.8123555966163,10,4,1,10,2,485.5807455805316,3,3.3619461279560046,0.7972590256481075,0.6741882157768029,0.362617834846521,0,0,0.0,0,0,0.0,0.0,517.9401065115045,1.0
5094.881341456698,10,2,1,19,5,459.07204105544923,2,4.67457971811697,0.6130139610519718,0.5034694801438411,0.11659307424496063,0,0,0.0,1,5,19.499424288035847,0.3333333333333333,1280.7911956883966,1.0
15414.708053974178,10,2,8,11,3,357.7882531707919,2,4.927550364414457,0.9308436696831945,0.7420761848973487,0.6873200451650837,1,5,31.766587089547105,1,6,17.778649073864027,0.7333333333333333,4043.3715557565015,1.0
12577.714387071375,1,1,14,10,4,254.54279974764682,1,3.274135885080896,0.17320363075991208,0.4326460766501068,0.6253255652982761,1,4,44.57842303485454,1,2,23.296339104523895,0.4,5541.191870015038,-1.0
10469.985063554454,3,1,13,5,5,288.3455911198347,4,4.091406032065897,0.6276303549017879,0.9611501886365997,0.3392514476870745,1,1,36.89330553165119,0,0,0.0,0.06666666666666667,3689.3539066059407,1.0
8883.089234248233,11,1,2,18,2,558.4365504813443,5,3.2901307892808473,0.12068730516197279,0.7766791886218227,0.10009491592868001,0,0,0.0,1,1,14.122874447936951,0.06666666666666667,2032.871114997724,1.0
6040.969857913582,3,2,12,2,5,145.8961892079794,5,4.2013345354112115,0.4912387759510036,0.5166798067946167,0.6999923457133628,1,3,37.779441808624554,1,1,20.605039251221566,0.26666666666666666,1959.5523215879896,1.0
18558.03883002838,5,2,8,6,3,314.7207082070613,5,3.5747073234839934,0.592486404631925,0.5786722439375793,0.14439257685684856,0,0,0.0,0,0,0.0,0.0,4775.03503304874,1.0
10826.61860483558,4,1,6,10,1,210.29149581617025,4,4.866517335161708,0.1956985393030396,0.8587382308342613,0.11880193825465923,1,2,36.25797468555035,0,0,0.0,0.13333333333333333,3824.6756329918007,-1.0
10308.958214333597,4,3,12,3,2,577.8458290233368,5,3.541445516391967,0.854000823496369,0.7429838339620887,0.4640088258455658,0,0,0.0,1,1,27.343315688081336,0.06666666666666667,4526.034390291714,-1.0
2330.0750053045704,2,4,14,1,3,275.92739923835984,4,3.2533169318365234,0.3464513073430604,0.6034461090321318,0.5525057542343429,1,3,27.26692550142429,1,5,18.24765965966189,0.5333333333333333,728.0058767774286,1.0
27017.934903712237,3,3,8,8,5,451.4512225858,5,4.169872236678096,0.6652041034810672,0.8276308017751297,0.8055900726129037,1,2,41.8977202611159,1,5,22.237300115316188,0.4666666666666667,7569.9798373187205,1.0
7965.886442243137,2,2,4,8,2,526.6345259110374,4,4.92548117211369,0.07188612285220364,0.5609956413786032,0.1641661662509808,1,3,21.57659788613879,1,2,13.361985536404397,0.3333333333333333,1828.837308669405,1.0
17906.749081816397,11,2,4,18,1,530.6989063871958,4,3.0219318321128945,0.8862957447513997,0.5628905304999151,0.13117789117473846,1,4,26.39578507145678,1,2,19.51098779731299,0.4,4625.274117256392,1.0
20346.719826284014,6,4,9,16,4,210.8215953996834,2,4.5293251104584895,0.24393256381021622,0.9033076095025226,0.4007062829319973,1,5,44.24814634511354,1,6,26.985567248760677,0.7333333333333333,8086.113485066996,-1.0
7053.57538860165,4,2,3,15,3,228.74554239497363,1,3.9042044115286285,0.8174809350901403,0.7202323968112484,0.3707844082943822,1,3,40.40771421159435,0,0,0.0,0.2,2186.41770440086,1.0
20552.53887495601,6,4,9,15,4,60.09176392049792,4,3.5306849496138666,0.3100218462161024,0.7167458967663546,0.272740480751166,1,3,40.12454888200737,0,0,0.0,0.2,9386.97288366586,-1.0
35705.28577783357,1,3,7,15,1,541.2262951086884,4,4.06748396155533,0.45243449511754996,0.9859258638067383,0.13984022631550141,0,0,0.0,1,2,22.412305311438512,0.13333333333333333,12047.242872636836,-1.0
16373.670344988339,3,2,13,7,1,326.7987464553214,5,4.630015553967516,0.3231897848317934,0.9893587368134178,0.6668963203481048,0,0,0.0,0,0,0.0,0.0,7074.7299597548135,-1.0
10293.281328661651,2,3,4,8,1,92.16981008255948,4,4.799549669118653,0.11815554994445432,0.586401103547168,0.7227364892285632,1,3,30.0090640243018,1,3,16.601989567519208,0.4,2525.0913755131933,1.0
10310.968265003257,10,4,9,7,2,484.3176545292765,4,3.737354847698289,0.010090405021881521,0.8134943390347049,0.8844322432250834,1,2,34.61727731004581,1,5,19.743499111302604,0.4666666666666667,3512.9556308866977,1.0
22093.18772792539,5,1,9,14,3,578.1134139525602,4,4.954365813189992,0.5821213708198361,0.9201241496795074,0.8626339170930319,1,2,40.316238843473066,1,2,23.74472625179943,0.26666666666666666,9366.516036493143,1.0
1690.7029834710033,1,3,10,1,1,227.78492438270942,1,4.505585842390877,0.3657158571790471,0.8358142106284496,0.4648559440832102,1,3,44.09898516394897,1,5,29.171055216059102,0.5333333333333333,725.4383438081147,-1.0
6317.423088004964,9,2,6,10,5,560.2010645545811,3,3.658547678280175,0.1403227749635949,0.6227153416875963,0.6640160278950493,1,3,27.173085929192005,1,2,13.22534558664222,0.3333333333333333,2654.7113860878085,-1.0
18775.26148938238,9,2,5,18,3,259.86675547869993,5,3.537493890579537,0.5295784165142504,0.9295686565983127,0.8555503698839948,0,0,0.0,1,7,16.281398037363484,0.4666666666666667,5308.285174573203,1.0
9576.589662548227,8,4,7,12,2,143.31359469119536,4,4.765297527639008,0.29691250791543156,0.8941538945023779,0.38659332002958724,0,0,0.0,1,6,14.804353851044773,0.4,4031.7529839464187,-1.0
5237.540462792641,4,1,11,3,5,120.4097397529161,2,3.3282288791915806,0.054522558878279725,0.5978386642877274,0.4693273446091323,1,2,43.52856393893886,1,1,25.08487374443192,0.2,1500.6944639464593,1.0
5804.721583407639,6,3,3,7,5,145.5016219439766,1,3.091161974156365,0.3445140055660201,0.45266173826060474,0.48342086423511066,1,4,35.925571381203746,1,7,20.40039741620224,0.7333333333333333,1639.6707918237157,1.0
6735.257613686556,10,3,2,15,1,325.8602843263488,4,3.3430259952960446,0.5648491709995744,0.8220045727113594,0.261982851313104,1,2,29.753207474478412,0,0,0.0,0.13333333333333333,2637.845260383748,-1.0
6307.888119882749,1,2,4,6,5,494.7344175502011,3,3.132981590349533,0.9530465861598449,0.5690954074598108,0.40562786432901676,0,0,0.0,0,0,0.0,0.0,1695.0372091349525,1.0
9661.887399183077,10,1,7,16,1,558.5136208277036,3,3.09045926184043,0.0018727439191685846,0.6103895697724112,0.2931713825593729,0,0,0.0,0,0,0.0,0.0,4384.319189946375,-1.0
32361.382019567747,4,3,4,16,3,104.4810388187934,5,4.608562187124346,0.5370090856825553,0.9447776311126304,0.14680098629970867,1,2,39.026778417634205,1,3,25.207637124942188,0.3333333333333333,8337.312343259327,1.0
2877.6183960880862,8,2,5,3,3,354.4038095587144,5,3.9410829720919507,0.0932139258926985,0.427558019337454,0.18928255956151344,0,0,0.0,1,5,12.743880755579049,0.3333333333333333,974.6439599512082,-1.0
35759.03082595271,6,2,14,11,3,250.10377243874632,4,4.643080764393232,0.08101489283126417,0.5899042293250161,0.8730547935256797,0,0,0.0,1,1,18.539614912668654,0.06666666666666667,11269.904919825667,1.0
2520.498089915558,6,3,1,7,2,177.43536199672212,3,4.256166953142871,0.8403362382210832,0.4889810408846483,0.7842689042418518,1,1,43.84021031371351,1,2,18.793143203607478,0.2,824.8815098143308,1.0
5436.079353846261,4,1,3,6,2,468.8478514418599,4,3.4778576341557175,0.11857343304095047,0.9224995727712101,0.10470365547396075,1,1,37.17330388523346,1,4,21.37313502107183,0.3333333333333333,1348.200383904541,1.0
3383.5745997983213,5,2,10,2,1,164.1025608139331,2,4.864991749027479,0.23692786151118228,0.8161809044365889,0.8800815208801603,1,1,45.47954829417896,0,0,0.0,0.06666666666666667,1233.5627454027992,1.0
4432.991224729223,2,4,5,7,5,143.3773168669672,1,3.545261017735011,0.5076480860176246,0.5893439849079851,0.8928682705082875,1,2,22.72313764030078,1,4,12.619283209816803,0.4,1036.1519001158665,1.0
12702.636980442488,4,1,8,14,3,157.04871801682083,2,4.433768351194555,0.5811853427321135,0.975218644819239,0.11715189329849061,1,4,46.02886652745647,1,2,21.517536022737126,0.4,5464.490114918201,-1.0
4524.317533070738,8,3,10,3,3,346.7286156913625,4,3.2868412050804467,0.901471583947655,0.5046679397145656,0.3823022786656949,1,4,22.968253159371805,1,6,16.766880207422563,0.6666666666666666,2325.2136073949623,-1.0
3000.6335835999635,3,1,6,2,2,569.714824950968,3,4.098550016256497,0.0013336394907920157,0.5943097784475069,0.27594745106446505,1,2,29.56834146885137,1,6,21.501261246946747,0.5333333333333333,751.0759981155111,1.0
4015.6951175692966,6,2,4,4,2,305.34872273017817,4,3.2819586739802284,0.6788463850288614,0.8484769620890524,0.19225522659030148,1,2,32.417518216016425,0,0,0.0,0.13333333333333333,1295.9404645634227,-1.0
9974.96483996644,2,4,9,10,1,420.56940208581284,2,3.894759645276135,0.6591299126231607,0.43034533964740623,0.49464017299116736,1,2,29.101848424040828,1,5,14.24900262563428,0.4666666666666667,3141.7911790160506,-1.0
41762.78530250185,1,1,13,13,5,556.6864815802321,5,3.495421943558094,0.38430018756052,0.4332051991302717,0.7478972952330623,1,3,42.66062965981761,1,1,24.351523129290822,0.26666666666666666,13239.989086631665,1.0
38027.18813662972,2,1,11,17,1,421.931551915061,5,4.994762253627626,0.8726366876911978,0.5784062485240274,0.30592898415736436,1,4,29.52207632608454,0,0,0.0,0.26666666666666666,9168.64236631354,1.0
3272.5619730980393,8,1,6,8,5,373.6673900410643,2,3.4942901400605866,0.017565455703966948,0.7715247550178939,0.46632752557177237,1,1,22.392714769533804,1,3,17.04061276632829,0.26666666666666666,1557.4748964569262,-1.0
12133.30081405892,2,4,10,10,3,295.2808987224231,3,4.744911262502616,0.8766795187083262,0.8204677237283421,0.6245795796739986,1,1,30.188611135272282,1,1,15.713050058811723,0.13333333333333333,3911.079708838886,1.0
9948.64655576048,7,1,10,12,4,250.97337199585624,1,3.533100240908574,0.34487378369320976,0.7894266803609284,0.8062494390938966,0,0,0.0,1,5,14.226651643705628,0.3333333333333333,2567.3868659353057,1.0
10509.449426422818,1,1,5,6,5,302.6913106401082,5,4.022105335589153,0.7022133684083246,0.6861056823492759,0.3497876163332032,1,5,47.3590873215084,1,3,23.8831049408468,0.5333333333333333,2742.0743076685444,1.0
31186.75109118844,2,2,14,10,1,546.5548564497519,5,3.8421427963872676,0.20228794187253796,0.6328165710049085,0.49331740008917935,1,1,24.59796456784925,1,5,17.958225084627447,0.4,8223.426090026958,1.0
12520.31412798762,8,4,7,18,2,489.85735404206156,4,4.5690202713551065,0.5961627979106775,0.9360049850965649,0.23757632147483437,1,3,21.703136572037504,1,3,12.499647744256666,0.4,6098.41242993455,-1.0
35611.73679016641,5,3,8,17,2,341.44454669275416,4,3.4698971256667854,0.4424709269935184,0.4932713752938744,0.5767532765845635,1,2,44.436724707417305,0,0,0.0,0.13333333333333333,16784.659510493995,-1.0
3438.7701778363003,4,2,6,2,3,486.3928752546728,3,4.233424661534269,0.09372486605971642,0.8685599078742965,0.8932061506228016,1,3,34.48302956749282,1,7,22.602764595624958,0.6666666666666666,966.7225794545415,1.0
5420.878022633683,9,1,7,9,4,256.7361751376206,4,4.569470228172198,0.8148670149654462,0.9563995691044067,0.6622354878544019,1,1,20.847753152371673,0,0,0.0,0.06666666666666667,2469.6937507666635,-1.0
14572.54378027656,2,2,14,7,4,159.30516512858622,4,4.891475918804588,0.7475746360541103,0.8383255788979475,0.13708261554742363,1,2,30.18953798490851,1,4,13.993695735929895,0.4,4979.355187079755,-1.0
16043.326376261715,3,2,6,16,2,419.01639816948835,4,3.244505879746895,0.8742970770749625,0.43578375077726295,0.35418443729411186,1,1,33.968142887117615,1,2,25.29649059331176,0.2,6794.140177336268,-1.0
41779.5367047185,1,2,11,15,5,508.84052697184455,2,3.089420549109793,0.2680089836852235,0.43226614319983125,0.8394976370879708,1,2,44.72378624089998,1,7,29.459476546469663,0.6,10048.639937920088,1.0
7387.5451826661765,2,4,5,17,4,496.20886967032186,1,3.10531151890216,0.14170383802737185,0.7589492757275094,0.595305240696066,0,0,0.0,1,1,14.527495153434822,0.06666666666666667,2169.799341409003,1.0
12153.772904490199,10,4,11,7,1,174.7232543429216,4,4.879636374867751,0.3959111507626836,0.8310089947124457,0.589812182983901,1,4,32.14375830877719,1,3,20.773644641485276,0.4666666666666667,4192.330272153429,1.0
39007.432647667345,4,4,13,15,2,475.6587812430517,2,3.7178695205060963,0.4052695702327367,0.9433456353979413,0.2277142942521464,0,0,0.0,1,3,22.397769648264827,0.2,9266.782907586321,1.0
8606.798404564228,7,1,9,6,3,383.30554056092876,5,3.1043699839327257,0.9392241361712067,0.5120193909263037,0.2587205833965731,1,1,19.770175934972787,1,5,12.828817036628573,0.4,2382.1741473112197,1.0
15870.946238459468,2,3,9,16,5,460.40476582451737,2,3.267116531726967,0.4892722258976082,0.8480329610104373,0.18788780564218677,1,4,23.14379377369804,0,0,0.0,0.26666666666666666,7069.252550930178,-1.0
4252.535557026441,10,4,4,7,2,385.1217055487734,4,4.996606311467916,0.18148712485869867,0.47222977886477185,0.2148619707588762,1,4,32.92062916676483,1,2,15.707268160215342,0.4,1736.276350019032,-1.0
31282.255813598676,11,1,13,15,3,259.73533730334236,4,4.225709547926728,0.7191965605136547,0.7856821052697256,0.5157939891498139,1,4,24.78549270944386,1,1,17.755170201086905,0.3333333333333333,9259.348213057467,1.0
15895.412056791807,4,4,13,16,3,519.0590152520125,1,3.360492074622286,0.015607436655260876,0.526346669217512,0.5148251466533668,1,2,35.21658825770735,1,5,20.012206095480565,0.4666666666666667,8128.891848872002,-1.0
4809.636757373454,3,2,1,18,4,388.5265693603745,2,3.7465234640585376,0.8887160946127464,0.6718817988870998,0.3521909027208169,1,2,40.176197507270984,1,5,19.369629131645564,0.4666666666666667,1674.7037331244117,-1.0
11967.546316822843,8,1,8,15,1,296.68908433536535,1,4.526038795631335,0.1685691443921128,0.77888414027965,0.16853135523757834,1,1,24.05074615801852,1,7,18.162327403887197,0.5333333333333333,3248.5218953396397,1.0
10691.71221084238,1,3,11,6,2,357.91260257119546,1,3.988548722812249,0.9369373650326733,0.4006771735161897,0.8153902637084227,1,1,36.555482624675555,1,3,27.92142612140133,0.26666666666666666,3986.3606397143535,-1.0
32800.454080382166,2,4,10,17,5,171.91511369806358,4,4.894454054693422,0.9541537271191779,0.9942794392369458,0.7461276812598241,0,0,0.0,1,1,14.291463222558153,0.06666666666666667,7627.214508251087,1.0
23356.506311490783,3,1,14,10,5,283.5505735146929,3,4.655740759012348,0.1636418413279237,0.9227021991765835,0.317798029096377,0,0,0.0,1,1,24.908576298002803,0.06666666666666667,6675.774234853938,1.0
17718.242111610896,6,4,12,13,4,167.10450708236812,2,4.154560137940968,0.6763895694084344,0.8580994452590232,0.3545654367968697,0,0,0.0,1,4,26.081462025571124,0.26666666666666666,7528.312967762167,-1.0
1870.1073117940944,7,3,13,1,5,80.71102148206091,1,3.7514545141248723,0.2821421287217101,0.9165220741328032,0.49068369622496033,0,0,0.0,1,5,13.854049643347322,0.3333333333333333,474.42840148728095,1.0
2964.1823781647045,10,3,12,1,3,194.75587729904913,5,3.811042310407072,0.5687691025228773,0.8743957156273665,0.6577118511566266,1,2,26.074133491123405,1,6,15.690767784029163,0.5333333333333333,1209.4877397540317,-1.0
869.2640995291652,7,1,5,1,5,431.3842131089504,2,4.674562547398117,0.9380725967054112,0.9962135155298014,0.20021407530597213,1,5,26.65647975640691,1,6,16.062854296994516,0.7333333333333333,256.4930365131994,1.0
12747.374595963202,5,1,6,15,4,489.0006442661636,2,4.7795156299463075,0.30198191308573374,0.6592306165024284,0.5223273582652546,1,3,44.315940789394176,1,1,27.93283819080572,0.26666666666666666,5037.062365353032,-1.0
13463.776523997714,4,2,3,13,2,116.71758751083999,4,3.494349489189035,0.9737482141179605,0.6382914999657522,0.5791920725048212,1,4,33.02318145996402,0,0,0.0,0.26666666666666666,3254.730983777178,1.0
2667.626620582973,4,2,1,9,1,419.4723782509993,1,4.249117271834789,0.9629759423644857,0.8989209834681251,0.4708417786421486,1,4,45.92386515643409,1,2,19.985607560838453,0.4,899.9397904583213,1.0
35079.08377195518,5,2,8,16,3,130.50676626748634,5,4.166830870520248,0.9850097478294463,0.4577503499426354,0.328585142852625,1,1,41.04965119100121,1,4,25.98250843634447,0.3333333333333333,13136.290129655174,-1.0
7575.1002317937155,8,2,8,8,5,325.2327839978936,2,3.51422932600829,0.6180428120817557,0.6760397433747706,0.7259533081601547,1,1,27.274911609025608,1,5,12.740882221927402,0.4,2374.3060724162433,1.0
7115.821964171697,10,3,8,3,4,126.69107993248568,4,4.330063523404263,0.7860004920773669,0.8268725451185375,0.21810877126421097,1,1,25.484406711046418,1,2,15.62588174526539,0.2,1970.0126337840748,1.0
1650.2321151624205,9,4,4,2,1,76.53426772509793,3,3.245480109349241,0.9631146593848798,0.4737253479364916,0.3039055651289469,1,5,26.205246120851346,1,2,13.738447440048734,0.4666666666666667,391.69529369219345,1.0
10407.797458610905,3,4,2,19,1,516.8049802646823,5,4.160437927381081,0.888107919011472,0.6841237881393343,0.6972533390427144,1,5,41.32993365136378,1,6,17.359252393292916,0.7333333333333333,4144.751316572418,-1.0
10200.688916708801,2,1,10,6,5,71.41353900915415,5,3.1237228487665876,0.7446314438540483,0.414423133543515,0.6202586584939244,1,2,30.623186780773754,1,3,14.407251396762113,0.3333333333333333,2955.3220967223924,1.0
38778.66301985753,4,4,9,18,5,132.90282401305865,3,4.89759342511732,0.35715758957622823,0.7911189686003125,0.6942825848915171,0,0,0.0,1,2,23.418645535252637,0.13333333333333333,9333.670876895603,1.0
1144.066453913665,11,3,3,1,5,443.35552885950693,1,4.83435087024813,0.7415401369476332,0.6012953235801933,0.3903510233802706,1,3,29.793491909594294,1,4,19.206585920297975,0.4666666666666667,308.2679538411847,1.0
3887.6388723529385,4,3,3,6,3,426.8548338579001,2,3.4085351064670397,0.5452357183255744,0.8592111963517923,0.8165353701103145,1,2,36.911335283712184,1,5,18.580358444099154,0.4666666666666667,1623.5317283920597,-1.0
35928.50758989104,10,3,8,16,2,430.02531609309983,3,4.683212463317009,0.13256940334513467,0.7958368842429304,0.560107243522926,0,0,0.0,1,7,16.376896426862213,0.4666666666666667,8844.409176798945,1.0
6392.195528861485,4,1,2,10,4,550.7593943942063,2,3.178956765964835,0.6519737139229607,0.692164427943549,0.7323322002553682,1,5,38.54246187808927,1,5,27.110570619269904,0.6666666666666666,1705.9405550036836,1.0
30360.02661465213,6,1,10,15,1,365.54740160216676,3,3.0386088334357333,0.9653887036634297,0.4895571381932837,0.7555504654346146,1,5,39.95068360422376,1,2,21.71428124147682,0.4666666666666667,8560.245269732717,1.0
821.9430183074111,1,2,3,1,2,280.4465269206271,1,3.1550354195859716,0.19077415201671966,0.5925836156653004,0.43547759514072526,1,5,40.223396876930146,1,5,24.537066192336212,0.6666666666666666,275.921719777433,-1.0
6130.170336872322,10,1,6,9,3,235.81963713241706,5,3.2208287893488894,0.6345705085342361,0.8034437761573454,0.6439019897784706,1,5,29.461474917076778,0,0,0.0,0.3333333333333333,3157.9569253145673,-1.0
26180.918350505333,5,2,9,17,2,512.5086920244182,2,4.931900410225147,0.5143264789098588,0.6842146793744204,0.7043630474602063,1,3,41.79886420330555,1,6,27.272612182525947,0.6,10133.307603861695,-1.0
20000.550927515415,2,3,5,18,1,397.82049232435804,4,3.640415968309914,0.38306281213446736,0.7781575168504484,0.4536485683153785,1,3,22.756933352994373,0,0,0.0,0.2,6586.849984122684,1.0
450.36945836616417,4,1,1,1,5,576.1303122720192,1,3.8402691083662006,0.9689017171140379,0.816764566976037,0.6753375382737001,1,1,37.52906059768236,1,5,25.29329537361982,0.4,171.7763964513221,-1.0
5114.635035187755,10,3,4,6,5,209.15939798313207,2,4.633966761618138,0.11050135122769,0.8976679838569986,0.5821838404060815,0,0,0.0,1,1,14.178622476117905,0.06666666666666667,1353.3101385310208,1.0
8017.288438823323,10,1,11,6,2,127.6037880359089,3,4.292020581893398,0.3562482530875838,0.8042503877553153,0.6833884075746887,1,1,25.619006715765828,1,6,14.071178957259326,0.4666666666666667,2731.2670785363966,1.0
4532.796484064224,1,4,2,13,4,537.7248796983347,4,4.41037795783471,0.5373577492268772,0.6815469675223238,0.5090596349289012,1,3,34.397408366777064,1,1,29.318722533124408,0.26666666666666666,2367.3460821021454,-1.0
10997.30233055232,3,4,10,9,4,226.06877727709116,1,4.761164886241933,0.6068314289137332,0.9164371356328508,0.11233196675872614,0,0,0.0,0,0,0.0,0.0,2983.724111039585,1.0
609.1604603740675,1,2,1,2,3,569.6889644182245,1,4.7408103398842,0.170433201879996,0.611477670639544,0.7193372000183433,0,0,0.0,1,3,29.820475938534667,0.2,250.1532592743107,-1.0
5656.212048508994,9,2,5,7,1,597.561113549935,4,3.6303745803079277,0.875187213458729,0.6083001038045756,0.5495184824011411,1,3,21.51065386506516,1,4,15.185301579930895,0.4666666666666667,1918.2977536450403,-1.0
10463.68115307701,1,2,10,4,3,439.6149702691594,3,3.139183694792618,0.15363152039326666,0.8586400668335836,0.6791963073157904,1,1,42.963841965367294,1,7,28.18396080855459,0.5333333333333333,2981.4053856346773,1.0
42013.38886077335,4,3,14,19,5,436.0205308578411,2,4.917486593816875,0.27716061384419477,0.9240216637896512,0.4110360951691221,0,0,0.0,0,0,0.0,0.0,18391.433459728058,-1.0
15804.95929455254,9,3,13,17,5,592.519217066915,1,4.9619035947052375,0.6451032051579333,0.9246322223816857,0.5789880902632514,1,1,19.282477577711166,0,0,0.0,0.06666666666666667,7365.111395547603,-1.0
8327.950084564616,9,3,11,5,2,242.41880223701503,1,4.951786675791798,0.9390813048870201,0.5631329931511148,0.50782147576281,0,0,0.0,1,7,17.03645442003977,0.4666666666666667,2024.6301033139287,1.0
14439.894097571943,9,3,8,7,4,72.13462384058788,3,3.350777170439888,0.513212658431748,0.6552492965635099,0.8124409190155725,1,5,27.233743445398446,1,4,13.281018698524075,0.6,3371.0547622665526,1.0
8988.67864262734,2,4,13,7,3,347.4467553653394,1,4.45937361158861,0.20942838613893355,0.9693289749396783,0.14862493490352274,1,2,25.689338219832337,1,5,17.3933758712698,0.4666666666666667,2462.070183766449,1.0
45600.13190404155,4,3,14,15,3,488.86225213122356,1,3.4630341364921122,0.9499248239140546,0.41661393205526526,0.21157237093214523,1,2,41.44994553909423,0,0,0.0,0.13333333333333333,11240.347792196635,1.0
2640.461220298473,7,1,12,3,2,150.4307689452529,3,3.45018332918936,0.5336356312370426,0.8174471490140232,0.7192167383720648,0,0,0.0,1,1,11.242610001486272,0.06666666666666667,1125.0649433592598,-1.0
7299.398718089286,8,3,8,10,1,423.15773907754283,1,3.7902982169952733,0.6537896508367229,0.6628190698806817,0.7207791269999105,1,4,30.152546376146987,1,2,12.8223165824858,0.4,3224.3798946539832,-1.0
5283.230610917852,5,2,13,4,3,525.0954314158321,1,3.8216863549618196,0.371585840912535,0.578111220567991,0.2219255360303051,0,0,0.0,0,0,0.0,0.0,2426.205624034259,-1.0
1806.4763980101452,9,1,3,6,1,70.66508721453559,2,4.796891068288366,0.19045015560751888,0.9895554832063527,0.7461524960105371,1,4,19.698472576923738,0,0,0.0,0.26666666666666666,610.8572616438518,1.0
2347.4160952061334,4,4,2,7,3,80.60242497825587,1,3.518768042076492,0.5819698075118143,0.6662265131313918,0.11763136293410739,0,0,0.0,1,1,24.59492483301548,0.06666666666666667,579.8103715254292,1.0
66929.72595685921,6,3,9,19,3,476.37937537686116,5,4.559268712266958,0.8748819674421442,0.8239177793819146,0.7084016035337919,1,2,43.5414489332979,1,3,22.699040772561002,0.3333333333333333,21377.321692821322,1.0
3963.204771653155,6,1,3,8,5,132.02430931614578,1,4.84974451086682,0.9203763503214917,0.5727435426384898,0.6884967822079079,1,4,43.67351484953762,0,0,0.0,0.26666666666666666,1139.014748049556,1.0
5532.350737188689,9,1,3,12,5,590.9362865639159,4,4.291621760102415,0.303653645737601,0.9392356681663178,0.5748135136910912,1,3,19.545591081647963,0,0,0.0,0.2,1611.0867967882841,1.0
13645.273173139134,9,4,13,16,5,395.55370248586746,1,3.1656085494290913,0.8277197477910081,0.7791744792340174,0.5455740270083588,0,0,0.0,1,2,12.13438152866631,0.13333333333333333,4789.40931214365,1.0
27570.295389901024,3,2,12,13,2,543.5131236933121,4,3.6949155011571877,0.6284678497868001,0.42573820659614303,0.23672423195541886,1,3,37.513918869786,1,2,24.46737427801456,0.3333333333333333,10955.177121261751,-1.0
2972.2283688859907,10,1,6,5,3,541.7300369861796,3,4.9129962495541974,0.8867263831449892,0.5016800253330638,0.47857202393448406,1,4,27.414240828966687,0,0,0.0,0.26666666666666666,1364.6004401269859,-1.0
7511.272264909291,2,1,6,8,2,83.8484558004429,5,4.986037358424625,0.8163585092160902,0.9111294939159075,0.6007480913755607,1,1,27.44188586461752,0,0,0.0,0.06666666666666667,2303.4964898927096,1.0
11349.336617406454,10,3,2,13,2,492.9033319306266,5,3.5243278208175988,0.21285077095991378,0.44830993515490714,0.5494382821297105,0,0,0.0,1,3,20.713823742667646,0.2,2710.1424761013336,1.0
10229.583823739364,9,1,9,14,5,230.56979069685158,4,4.49253212266441,0.21903836164205848,0.44313965119449766,0.6725390214842716,1,2,28.396818396916345,1,7,13.470899824357328,0.6,5306.642572408862,-1.0
22078.99563372987,1,3,9,8,1,536.9055560032953,3,4.980174491265542,0.32249721835669376,0.9057737369410692,0.2442363685574243,0,0,0.0,1,4,21.740669998541843,0.26666666666666666,7037.854069512745,1.0
3327.8293265278885,3,4,5,5,4,532.343857035692,1,3.9920597885070883,0.3477397822959257,0.6399152170823293,0.388645460996601,1,3,38.40921757757032,1,1,17.462402047125476,0.26666666666666666,1066.7305169584292,-1.0
4281.766877673713,1,3,13,1,2,176.17659517903348,5,3.669712429152424,0.919558862813285,0.7922320556559885,0.32254374136664216,1,2,39.29888162248713,1,6,27.59555939530936,0.5333333333333333,1839.082401826426,-1.0
1187.2503959973146,3,4,1,2,5,410.879773407647,4,3.5140124644448645,0.40709195615801974,0.6991415301781332,0.5266614742023491,1,1,34.73308203487654,1,7,20.923631571871404,0.5333333333333333,298.62440840864383,1.0
2298.6177387391754,8,2,2,12,3,539.1070041408448,1,3.823023205798421,0.1838457268892978,0.9648467088511007,0.5258809012137112,1,4,25.001202361086282,0,0,0.0,0.26666666666666666,993.5218734612449,-1.0
41836.33165403509,1,1,11,18,2,315.0693536659964,3,4.280521443768454,0.9904015345821996,0.9275120467913537,0.13648217906086899,1,1,43.26191408314443,0,0,0.0,0.06666666666666667,11188.16757425842,1.0
14733.890121185399,8,2,7,11,3,411.80246292998254,4,4.871948169421449,0.989206525798093,0.6379235365386905,0.8927339798356099,0,0,0.0,1,1,14.005440595292738,0.06666666666666667,3851.793367842403,1.0
11751.30105419153,7,2,14,7,2,512.7195933248361,2,4.675341258910368,0.2196445430512427,0.6107245410318478,0.11645717175015645,1,5,24.973050563848144,1,5,13.95842162753876,0.6666666666666666,3262.550901919931,1.0
540.6217710485543,3,1,2,1,1,202.16846819849505,5,3.239681323082408,0.8792726411829093,0.8675218820590647,0.2525986109646422,1,4,30.863764712721167,1,2,19.614194352197323,0.4,215.57734585350258,-1.0
3048.0112250271395,1,4,5,2,3,389.8225347342407,2,4.900883605096689,0.7164779669139498,0.6955190686057959,0.612497239246151,1,5,37.04144267134369,1,6,23.506753825130115,0.7333333333333333,733.4524050955757,1.0
18182.75790318161,5,2,11,12,4,512.9213650993188,1,4.973277439627278,0.27198732298338146,0.6940241238643372,0.423914477458453,0,0,0.0,1,4,28.576750442165732,0.26666666666666666,6328.192983977405,-1.0
6400.049289526485,2,2,12,4,5,485.4530911498091,2,4.760739252518237,0.05150029946546697,0.7329657335506821,0.723769220144308,0,0,0.0,1,3,12.467327100895035,0.2,1731.559646267777,1.0
28697.125118249343,8,2,14,14,3,76.74510939940274,4,4.908462714952844,0.37143395064673235,0.8976401321193614,0.25263381238067095,1,3,28.84095908030854,1,6,13.142529532502273,0.6,10051.261821030135,-1.0
9170.87257219352,2,2,8,12,2,371.3932793401621,1,4.147333195098019,0.9142087896808119,0.7036032008601625,0.534961135715934,1,2,28.849083462631285,1,3,12.65438240724666,0.3333333333333333,2798.3515730701556,1.0
12247.901252881995,10,2,8,14,5,562.9464811566478,3,3.3799930184045692,0.3434442832940099,0.7680956631111877,0.17654896584472501,1,1,33.7019666207666,1,6,14.931546446351557,0.4666666666666667,5664.492836398939,-1.0
700.1079742831059,3,2,2,2,5,138.30679591974362,2,3.302069984993852,0.311442524332299,0.8801405283598975,0.5185852222924255,0,0,0.0,0,0,0.0,0.0,235.28679300313394,1.0
4431.8441043114535,9,1,5,10,2,186.25165717578733,3,3.8674541252920323,0.4572997979968979,0.7305665163043618,0.1844661703235424,1,3,23.213881773788152,1,4,13.301527398702335,0.4666666666666667,1934.1717640883624,-1.0
10240.834062835578,10,1,5,13,1,536.3069591756031,3,3.810364207601922,0.92622745020583,0.6118926413695227,0.4669830593601927,1,5,28.720066029517604,1,5,19.89484517036203,0.6666666666666666,3325.3389640863866,1.0
9602.493850711426,7,4,14,14,1,195.83195121935586,1,3.9594003250670915,0.8589123260956414,0.9375008060140972,0.8649809576609231,1,3,21.44783188100175,1,5,13.69186624146782,0.5333333333333333,4550.804807895986,-1.0
17556.55522924022,5,1,11,9,5,442.9466716666673,4,4.347675922333954,0.21068791703030143,0.9021633068859737,0.3319496749299023,0,0,0.0,1,7,24.011241660746524,0.4666666666666667,7417.823888370886,-1.0
36249.91442874616,3,1,11,16,4,89.14723937502222,5,3.075788725767992,0.6182888211910051,0.478622335219329,0.37454110962586495,1,3,35.338273725184095,1,5,20.71168520042102,0.5333333333333333,12020.245316108934,-1.0
11280.04200692292,2,3,12,4,4,503.5386566126788,4,3.615887415323864,0.278628333089757,0.6360688919341815,0.20548159171471758,1,2,29.700279164569974,1,1,15.11681743623908,0.2,3527.095038595894,-1.0
8424.077969281181,7,3,4,13,4,289.0313027948955,3,4.861416023376668,0.7371249658974774,0.73864175530636,0.8093358053217665,1,4,20.196531224096347,1,1,15.032221130110935,0.3333333333333333,2999.44835346236,1.0
32009.86270226649,5,3,11,15,3,442.99793579750286,2,3.70993206197231,0.8926776533449017,0.7013086849234765,0.6166119605543494,1,1,51.4704798582472,1,6,25.009456603305765,0.4666666666666667,14096.307735173887,-1.0
5654.718522655853,10,2,3,12,2,457.59334249853777,3,4.52667810648542,0.022139953033871396,0.715914826462684,0.3002676509877385,0,0,0.0,1,3,19.57528752313343,0.2,1929.0682387033369,-1.0
1543.738445388527,10,2,12,1,1,160.14638509489788,4,3.1473825047408694,0.9414255948352722,0.6963909308152514,0.1684196140608864,1,4,34.061721906760596,1,1,17.78712517954058,0.3333333333333333,743.3891155650829,-1.0
9049.300533083851,1,4,3,16,4,345.56111334165246,2,4.17244142305449,0.9192542465263115,0.6367235249454553,0.1553222725422109,1,1,36.818628622185486,1,2,22.96112397683736,0.2,2772.595528691828,-1.0
20060.305946156004,6,2,5,14,4,568.5430183942924,2,4.2100061226760666,0.39212785498678826,0.47099444380188293,0.7246185879097515,1,5,38.672891788911116,1,6,26.88549162950076,0.7333333333333333,4763.793093446426,1.0
10851.269750732154,8,3,14,4,5,60.07446396864878,2,3.9158383343992416,0.12759123928737715,0.65962294877593,0.20164260019040317,1,2,30.070969050106775,1,2,17.097932706080286,0.26666666666666666,2710.12064888127,1.0
5477.908456039204,3,4,12,4,3,172.31528953161774,1,4.9171476862587165,0.7248313735243089,0.9302775904458864,0.8351969304632484,1,5,34.643910841862784,1,4,17.27972014203361,0.6,1836.2339840931231,1.0
15777.411666821874,5,3,5,6,5,122.97512560846721,4,3.776786360767774,0.503204670074964,0.8612408760272816,0.8020364340475784,0,0,0.0,1,5,26.99538688300356,0.3333333333333333,3882.577977586805,1.0
3795.935419751403,1,3,10,1,1,164.6719612248433,2,4.775316127521056,0.6379793773932165,0.9111036861176814,0.38877716478901747,0,0,0.0,1,6,23.48377392646171,0.4,865.4685986557615,1.0
3000.5896580523913,11,4,1,15,4,143.55568540349344,3,4.538046477565295,0.6677560251985356,0.9128670077773475,0.8513747959021482,1,3,25.408741091918653,1,5,18.38576040766062,0.5333333333333333,1283.3717546941734,-1.0
6021.356294764853,10,2,2,13,5,556.4220644221932,3,4.4855816694994,0.5469958503385205,0.5539760823491368,0.636872139596735,1,1,23.899936376430517,0,0,0.0,0.06666666666666667,1377.6826835671793,1.0
4927.548736175109,4,4,1,17,3,399.3052956164897,1,4.376793409853817,0.2723845792632895,0.8992372580524904,0.16697930648712794,1,4,44.40687650483354,1,6,24.467659399125026,0.6666666666666666,1992.7668925797138,-1.0
11779.181575319722,5,1,5,11,3,450.2656445307215,2,4.218163310042027,0.8073143007690523,0.6303249720605666,0.477474379870091,1,3,53.4640768035047,1,3,23.28886131079295,0.4,3358.7150382787872,1.0
11455.942486506689,6,3,5,7,2,294.97298571780914,4,4.5319163426110345,0.45381591372437047,0.7781704236978058,0.531660503649649,0,0,0.0,1,2,18.78935326121004,0.13333333333333333,3784.6573002583846,1.0
459.6577426505747,7,4,2,1,2,59.274578545157425,3,3.727318228663213,0.5801718699913038,0.5158072803915356,0.7415712040180565,1,1,23.535413302917135,0,0,0.0,0.06666666666666667,107.60265068487709,1.0
13545.494012918896,4,4,7,12,2,337.64301950544035,4,3.3605885705724354,0.9015680855277886,0.5014225098175307,0.8063408951158901,1,4,32.661910578668255,1,2,23.624803200825067,0.4,6137.198658944936,-1.0
30092.532348509267,3,2,8,18,3,91.98460319154906,2,3.8002909345691185,0.5928520048922216,0.6947605770940004,0.34278736684124866,1,3,42.291934806598896,1,3,21.705380031362235,0.4,7388.666620520655,1.0
1802.6199566211576,3,1,2,4,1,130.88844750268888,2,3.9698780611655264,0.4689428434408158,0.5569721663744043,0.8372812797259492,1,5,40.892805726012135,0,0,0.0,0.3333333333333333,531.0649711635699,1.0
3120.4074651359424,10,2,11,4,2,385.23617122045835,1,4.2843588239006305,0.950911488147832,0.5242680841297521,0.6694326719187603,1,1,34.50361004556596,1,3,19.216971534792066,0.26666666666666666,1439.2733715783547,-1.0
63115.474867379016,5,3,11,14,3,484.4898521219714,5,4.963218854664029,0.7115129003118185,0.6509533319536287,0.6591421287561735,1,5,36.595627548282174,0,0,0.0,0.3333333333333333,22292.239091732477,1.0
28904.76081570288,5,2,9,15,2,574.9082301214912,2,4.485756151436702,0.4900425201695773,0.6581371020412492,0.4255904710321,1,5,41.95899126723507,1,6,26.425921792474547,0.7333333333333333,9226.33889703135,1.0
30995.169495786664,2,3,13,19,5,257.71295098802665,3,4.163887283011566,0.7861154478031324,0.5015485584657368,0.18684428621811877,1,2,27.88996093980315,1,5,15.558792340262904,0.4666666666666667,14834.16694987294,-1.0
24754.76300305155,8,1,13,19,4,202.44975057104165,1,4.347033054944218,0.4236901786604971,0.7065114189782788,0.27129299473034846,1,5,21.304906819737468,1,6,17.405548353866674,0.7333333333333333,6399.600702734477,1.0
25147.781194931482,3,2,8,13,4,383.33558290170475,4,3.0341870402407105,0.40754293793421614,0.536846556461838,0.22587016464003817,1,5,30.76794874776655,1,4,24.65236134028956,0.6,7762.9040289619925,-1.0
18997.92264093913,11,1,13,14,2,103.68549902633913,4,3.5285197556993113,0.8348657553333153,0.7834194985280185,0.4247037350697792,1,2,23.1877188125157,0,0,0.0,0.13333333333333333,8398.842377249475,-1.0
88462.25417748927,6,4,13,19,3,338.79831500958863,5,3.7780627081354217,0.9981978468860951,0.9859043141803755,0.8693963013636762,1,5,44.57905148560617,1,6,22.87518238734681,0.7333333333333333,20593.518348975605,1.0
18239.07845498363,7,3,5,16,1,249.3547931264595,4,3.0663752604500027,0.517014723886716,0.5180118604761168,0.7062770343459769,1,2,24.01186829150786,1,2,15.105289786609259,0.26666666666666666,5200.500750194228,1.0
3458.3150087122303,5,2,4,5,2,565.062232689206,1,3.595914857916718,0.1825971310870993,0.7699527028427479,0.28707869526838214,0,0,0.0,0,0,0.0,0.0,1010.327338522096,1.0
3166.7883112708514,11,2,2,6,1,273.89673504846166,4,3.7122783240299366,0.9637676499423089,0.961688191959118,0.7784223221258251,1,3,29.357097299859724,0,0,0.0,0.2,844.0786646039567,1.0
25553.27542039917,5,2,7,9,1,406.520414785659,4,4.788565437367357,0.8467562669950395,0.5449745630574306,0.6533965700887204,0,0,0.0,1,7,25.80846277121587,0.4666666666666667,5829.208486051463,1.0
1365.371752217298,4,1,9,1,5,409.6111143991444,5,4.094976866298943,0.34853178211469016,0.6606033109889751,0.36814650337501487,1,1,41.59464143714754,0,0,0.0,0.06666666666666667,710.6541888144956,-1.0
1206.1937780780947,1,4,1,4,3,66.27648195796468,3,4.172221071796271,0.7827357103601918,0.8476903022960728,0.1404811096974438,1,2,49.77464287802911,0,0,0.0,0.13333333333333333,369.19441809461813,1.0
3597.2459200328826,9,2,2,17,5,372.44731375629743,1,3.9322290498789516,0.3255768331493284,0.8593187989285593,0.11307733218895413,1,5,20.00377985379541,1,6,11.740258509970822,0.7333333333333333,1582.366238918284,-1.0
12343.216496297371,10,2,5,15,2,175.22764426127912,2,3.901334241213463,0.07876093304636989,0.8017966969797261,0.2102423901450143,1,1,25.59375029017404,1,1,16.084573886669578,0.13333333333333333,2991.8612974023813,1.0
1443.2476654301117,8,4,9,1,3,55.83408285367567,2,4.451513043809947,0.21430034938473452,0.8694078448488347,0.21804611198187374,1,5,20.966596573289685,1,2,14.940548180849868,0.4666666666666667,341.7185086920723,1.0
16559.955154421543,4,4,11,9,1,227.20639785637954,1,4.4263285375146815,0.584467418058375,0.9415135234097757,0.7633056237187185,1,5,40.56449960010103,1,5,21.189083915437454,0.6666666666666666,4216.264011871207,1.0
15842.19009752744,4,1,11,10,1,341.2155853086667,3,4.245658473922359,0.15288884564479632,0.906874216173737,0.25662008913050893,1,1,37.556203196797256,1,3,21.433984776668314,0.26666666666666666,5930.728663854315,-1.0
3550.31006401176,7,3,1,10,5,355.72926155518735,3,3.6951285623234824,0.04352018535576274,0.6402671358711309,0.2042920193415128,1,3,23.61294800479465,1,7,15.832924204952683,0.6666666666666666,1071.2103522998184,1.0
13786.855866830829,8,4,4,18,1,72.54775083446272,5,4.449418974928755,0.4453196182237519,0.4362195061090344,0.7380794795918308,0,0,0.0,1,1,15.229772727566035,0.06666666666666667,3783.9857825880827,1.0
49104.4117042396,6,4,13,16,1,229.16791966034364,3,3.622831507762317,0.4381223470808632,0.6153477945988184,0.5529638588057163,1,1,39.65478609964409,0,0,0.0,0.06666666666666667,11850.304497829578,1.0
13427.912899654868,2,1,8,10,5,351.38228823666043,4,4.53719278898055,0.37703635818425274,0.9455062089583368,0.7315263618715119,1,2,29.77997917426882,1,1,17.939937734810986,0.2,3458.0927382898144,1.0
5855.69845456564,5,2,10,6,4,88.22928808335628,1,3.1649161559679078,0.7359472017232224,0.7279010283387298,0.8628588299298379,0,0,0.0,1,1,25.757828258817057,0.06666666666666667,2751.667371328254,-1.0
9363.149650774854,6,2,8,10,1,231.7460446990985,2,3.686534314144808,0.6871225203598057,0.6991517724347274,0.2525407574038332,1,4,40.38847240597015,1,7,22.26454004089783,0.7333333333333333,4785.258568891109,-1.0
4973.158120001963,5,1,1,15,1,90.18995873929977,3,4.877200631589455,0.6628030863757358,0.9066001295196026,0.7126818432296075,1,3,39.3098733625931,1,1,25.422648940572405,0.26666666666666666,1420.1297719696101,1.0
8793.290666178014,11,1,6,8,2,255.8790605370696,4,3.5801014245915503,0.9914150462038034,0.8898221134680042,0.6663844011064701,0,0,0.0,1,1,14.776111282856697,0.06666666666666667,2254.7678528333686,1.0
9165.64468448406,3,4,6,6,4,483.82583000648646,4,3.186489838442717,0.2635114506489049,0.9413847840652593,0.32747512785583466,1,2,34.13098829828391,1,6,21.098660423057247,0.5333333333333333,2569.035982664303,1.0
18339.635689404822,1,1,9,9,2,183.33215225334067,2,3.9822770713916538,0.30683813070261834,0.4611591440683421,0.15017727272111073,1,4,41.24859568123672,1,5,29.253293959834416,0.6,4390.132080832553,1.0
2646.6031171333234,5,4,6,2,5,152.5870063717822,1,3.5344145535131384,0.23325432182254846,0.7089894422174835,0.35746200653526394,0,0,0.0,1,7,27.733393975665706,0.4666666666666667,644.9771953634153,1.0
366.99571588991734,3,1,2,1,4,304.83089585045013,1,3.0992254733238633,0.49954542332371543,0.5513556462925426,0.8288524234190965,1,2,36.040056897008476,0,0,0.0,0.13333333333333333,140.1868057130133,-1.0
9456.821906864245,5,2,8,4,1,57.00641883546827,4,4.313588009260064,0.6102489782898048,0.8250153616231968,0.6283091522170752,0,0,0.0,1,4,24.775241415805308,0.26666666666666666,2843.6908887428704,1.0
34576.26367872945,11,2,10,19,2,111.84222643664214,5,3.088488538035617,0.5358278394494422,0.8237390225406748,0.20441711953802377,1,3,29.507224096665954,1,1,15.744080031016239,0.26666666666666666,12442.085514649762,-1.0
4070.8339679976516,6,2,1,12,3,300.35084103384395,2,3.8566847806467313,0.5313983069963222,0.5641505606886225,0.8414310264915413,1,3,37.9649947704845,1,3,21.610582354127622,0.4,1175.008908105399,1.0
7265.334950860793,6,4,13,4,1,111.99142551189993,3,4.355996030485169,0.40724641726207056,0.41563473159135583,0.5523081280793568,0,0,0.0,1,7,26.812136172503305,0.4666666666666667,3147.23428309347,-1.0
43828.56223884349,4,1,12,18,5,347.3392864060296,3,4.618491673506965,0.8206255930671946,0.5171162885655554,0.21463679314474754,0,0,0.0,1,7,20.71501062568863,0.4666666666666667,11758.669455756135,1.0
4265.763605031918,11,1,5,4,4,184.64645220627457,5,3.583933921301737,0.5972439683220844,0.830385047400105,0.4578947823934977,1,2,30.312423025370308,1,2,18.146290011124982,0.26666666666666666,1179.6013986970743,1.0
5160.399276598774,6,2,1,9,1,255.94743264613916,3,3.6043710199988337,0.27752879198502856,0.9186565771132621,0.10269835484044441,1,3,30.88158547537291,1,7,25.7913844678779,0.6666666666666666,1218.8957012662424,1.0
3066.5789204853236,8,4,9,3,1,481.40016999264134,2,4.060926000081631,0.08319367685150725,0.5711581971649198,0.5162977731527744,1,3,26.18752801866643,0,0,0.0,0.2,972.575080321996,1.0
1712.541608380808,3,2,8,1,2,65.68517165121092,2,3.8649667517453197,0.41860518567191507,0.42657725859819545,0.5712481228202331,1,5,31.544369382275764,0,0,0.0,0.3333333333333333,440.3961519566891,1.0
12467.271316285975,4,4,8,8,4,60.84585271237191,2,3.34324670376913,0.9311966802046954,0.8114361706454092,0.6656271104270692,1,1,39.113285385772556,1,7,22.9278431313293,0.5333333333333333,3358.597588623634,1.0
14620.405942269901,8,4,10,10,2,247.54547333331584,3,3.9498567060567695,0.6002904427284631,0.7425865914989196,0.13119312376399606,1,2,24.949543062540673,1,2,15.659302664469411,0.26666666666666666,3987.6945741292297,1.0
1569.9185922835961,11,1,9,3,2,171.80772066752849,1,3.9136326524126397,0.8258534343389649,0.5878499016108112,0.4073281464739854,1,3,34.51410290687782,1,3,14.683186828926027,0.4,813.2320259519395,-1.0
32639.91288336739,6,1,14,10,1,85.2000455138128,3,4.313808211919513,0.7446890216377804,0.672364034878469,0.16676169259023477,1,2,34.31574705607855,1,7,24.48453383223859,0.6,7770.67757828444,1.0
16207.816239838417,7,2,14,16,5,104.42376592759419,2,3.5056724061495803,0.39198111290696014,0.787560510880563,0.4491898794461656,1,2,20.284062856415893,1,2,13.26249751226261,0.26666666666666666,6771.45867532109,-1.0
3735.96883265319,11,1,13,3,3,528.6973572089635,3,3.4895183015202607,0.6488483286945148,0.7714956236321204,0.7566749308629509,0,0,0.0,1,7,14.648033095658562,0.4666666666666667,1663.7986980605237,-1.0
24987.61909596832,9,2,11,12,5,79.37916956398084,4,4.7985575850726665,0.7265587872242619,0.8266136305613465,0.4055765267332928,1,2,21.118195433300887,0,0,0.0,0.13333333333333333,6128.404847003633,1.0
6759.311145234839,6,4,6,5,4,200.32179725954578,4,4.521295879156051,0.18188069815158736,0.5017516004924281,0.7902400273029817,1,5,32.79306624265997,1,7,24.342703734099292,0.8,2444.323546847024,-1.0
31870.92264090432,7,1,11,19,4,169.44048377604324,5,3.6461774945891046,0.36564216270421135,0.4272867707836222,0.5713607254110825,1,2,20.487143463778448,1,5,11.742961241952104,0.4666666666666667,8956.126750487394,1.0
6415.7305475505245,7,1,8,4,2,210.27124645853465,5,3.599886513627583,0.9953487964272196,0.5958981685098391,0.8491651122840842,1,4,23.26902741894831,1,4,11.77236154958283,0.5333333333333333,1476.891375717554,1.0
9943.945806848833,2,3,5,10,3,229.17246580385267,4,3.3264441718891975,0.8302846063624797,0.5947600643677903,0.4352467189304763,1,1,27.00991644054306,1,3,15.430221680160493,0.26666666666666666,3708.340979289061,-1.0
28692.33777152131,11,4,13,14,1,321.43434269862473,2,3.698529811695278,0.5118277606625545,0.9603202239107919,0.12988130785265029,1,5,31.65892770261836,1,2,18.589546449412786,0.4666666666666667,6939.15515939985,1.0
8623.396337378392,8,4,9,10,2,253.3654641040562,2,3.980257722673193,0.1428282792167661,0.43332617402354234,0.6006155320655672,1,4,23.080664822830222,1,4,12.51156592656564,0.5333333333333333,3139.886724932118,-1.0
4613.863986785199,6,4,3,6,5,294.37119600670445,5,4.2383200493254085,0.619587100222688,0.42265548375904044,0.3325330092795018,1,5,31.050845115618678,1,1,26.461814514557357,0.4,1696.2385699367885,-1.0
12586.19938715441,11,1,11,12,4,538.6000255406952,3,3.269692725037448,0.25631271326094585,0.9841043101441417,0.4040934870996513,1,2,33.263648726497195,1,5,17.95890136194907,0.4666666666666667,5598.570341014282,-1.0
13666.63362209922,2,2,6,18,4,556.5689125999361,5,4.896489071444937,0.11580488934740774,0.6007990059907269,0.35563925030272525,0,0,0.0,1,6,13.635118724794102,0.4,6528.367845753072,-1.0
33852.756166414576,9,2,13,15,2,365.60516547112144,5,4.335096544668675,0.36148842996524766,0.7269239705714412,0.4900522906231398,1,3,21.555893086062063,1,2,16.955595732895976,0.3333333333333333,10648.80873413842,1.0
4099.831681669618,7,2,5,8,5,509.23574035068964,1,4.3149427377123075,0.8701430055517372,0.9354557065216236,0.6149923667017972,1,5,24.672252348312878,1,3,11.186506296047918,0.5333333333333333,1288.9593196229287,1.0
6071.572388451752,10,2,7,3,1,444.4527893488993,5,4.502488060369743,0.9652618691653132,0.9760195225491978,0.28054807467617665,1,5,34.38416108146918,1,2,14.43379850580957,0.4666666666666667,1558.9023234469087,1.0
1252.665019539949,10,4,14,1,3,234.31834668292362,2,3.5833474992203933,0.45729427939568357,0.647390546849875,0.288550931139681,1,5,23.551730579995635,1,2,18.701282279257168,0.4666666666666667,577.7131316457497,-1.0
4447.630789936416,8,2,9,3,2,412.83661675814136,3,3.5069382824857875,0.8756993729425655,0.6758934585455074,0.268148082897235,1,4,28.259808655142972,1,4,17.323101635762413,0.5333333333333333,1322.5722148525685,1.0
6118.704110115301,7,2,3,9,5,69.5082719379166,5,3.7199230497663107,0.6393387635014058,0.9533198343014112,0.22136529240311875,1,4,26.935020675543015,1,1,14.15900345812545,0.3333333333333333,1610.6226926638558,1.0
4650.670546850152,1,1,3,10,2,63.45558651741338,1,3.752173425671204,0.8400284507978156,0.9792637360760645,0.44842899473533326,1,2,34.62956001985123,1,7,26.160145092043212,0.6,1717.194984139461,1.0
10332.534824095532,3,4,2,16,2,535.1470133793626,5,3.352134072075315,0.2649071934978201,0.44583599007718344,0.7227746719321481,0,0,0.0,1,2,18.174816608562416,0.13333333333333333,2498.8226860952104,1.0
5863.28948339159,5,4,5,5,5,315.2167549659152,5,4.224805816205944,0.9511081820826126,0.8906667303829768,0.7951777320512017,1,2,51.78138745334566,1,5,24.682312814863185,0.4666666666666667,2578.718574033443,-1.0
11985.355556110822,3,4,7,12,5,74.62480488495228,1,3.336828213610282,0.663714165451469,0.6576303979993201,0.7790308701913243,1,3,30.49652055464627,1,7,17.472017518337207,0.6666666666666666,3383.940653145262,1.0
6894.050522099967,4,1,4,13,5,187.1981968238378,1,3.46812498514415,0.8301169113081226,0.807731117371111,0.2889375859863018,1,4,39.34972432039058,1,1,26.896907522742126,0.3333333333333333,2296.297486421673,-1.0
10282.244150610637,10,3,3,17,5,81.32407701262464,3,3.95381085106455,0.4315542899531073,0.7845349989023243,0.8557672406603298,0,0,0.0,1,1,16.280427433243617,0.06666666666666667,3415.843451063994,1.0
5534.048466248013,8,4,6,9,1,245.06895463567076,2,4.951663779565415,0.5578538491301954,0.7394367468065755,0.33801080409102224,1,3,24.59344035223403,0,0,0.0,0.2,1856.856207061357,-1.0
27747.317240314544,10,4,9,14,4,380.91851196997663,4,3.776362002091358,0.421229733685496,0.900543057784384,0.4809862508137299,1,2,32.38333246477506,1,5,18.40279755945782,0.4666666666666667,6875.645495246259,1.0
5480.381314862297,10,1,9,6,4,592.7739363916189,1,3.3149059143796933,0.8561495725959415,0.9457413660067525,0.45972933049033804,1,1,31.049322879071845,1,2,20.17971719370964,0.2,1530.4260367328134,1.0
31805.02718260058,10,3,13,9,5,594.4700855416478,4,4.8017096599542555,0.7748652675011075,0.7238233091959785,0.21895109791598424,1,3,32.118284590210955,1,7,14.71221545905066,0.6666666666666666,9642.978984776946,1.0
11958.641268749458,10,4,13,10,3,177.02965236534357,1,4.1863835151158915,0.545317672949313,0.5468406863409884,0.8128933395627009,0,0,0.0,0,0,0.0,0.0,3508.147093195049,1.0
20026.595990186946,4,2,14,9,5,523.0092141002499,1,3.6497732129624376,0.5170483546901332,0.4274359688573636,0.8562865075652261,0,0,0.0,1,4,27.170223831679788,0.26666666666666666,5163.176842350002,1.0
34944.3799968444,6,3,4,17,4,442.97288403139225,4,3.329545603823772,0.7062888140390073,0.7833733981206157,0.8031591220763163,1,2,40.14021603010411,1,5,25.752130427300447,0.4666666666666667,8006.575134475064,1.0
2782.7935674403784,6,4,1,19,5,224.60670899790543,2,3.6774889884873443,0.41176455022637737,0.4581352966985009,0.2887206933586307,0,0,0.0,1,1,21.49744173203835,0.06666666666666667,1032.9632169447748,-1.0
5860.790050283117,9,3,3,9,4,412.13404930841335,2,4.564388072092905,0.9558117431743745,0.7481387722359736,0.6455979578245868,1,2,26.342738749704722,1,5,13.129512646388743,0.4666666666666667,1558.3115874595505,1.0
7197.965250690835,10,4,5,11,3,147.10480573356227,5,4.2325056536742025,0.9076392933095441,0.8292163840298816,0.6566957441794125,1,5,32.40948188839976,1,3,14.119543886968751,0.5333333333333333,3722.60894409507,-1.0
21373.886860834085,8,2,10,15,5,473.73770747067863,4,3.5172375426209523,0.3256447769498927,0.5417481806290688,0.8267060378970112,1,2,23.769702921249376,1,5,14.708979710986165,0.4666666666666667,7783.673459600237,-1.0
37980.26537673184,3,3,6,16,2,278.35870152805006,4,4.691977754774463,0.3130092191968933,0.7033275627808986,0.6201133877175713,1,2,38.556659956244424,1,3,25.01256245299049,0.3333333333333333,9744.419240431984,1.0
5600.138265912831,11,4,4,9,2,255.45170477771742,3,3.012976167561053,0.7068443574290983,0.9624803126882466,0.24954827603334115,1,1,33.82516004399687,0,0,0.0,0.06666666666666667,1644.7148493419536,1.0
4152.0774625542,4,4,2,16,5,253.33649710510693,3,4.463544050173975,0.7517170414784834,0.8481847628120622,0.37601653328837326,1,2,42.382420395478434,0,0,0.0,0.13333333333333333,2158.14845731937,-1.0
2395.5793857433296,1,2,1,3,1,288.68864315294064,4,4.832097352415287,0.4068022786343809,0.561788716983767,0.17812886144806434,1,4,37.74354380072659,1,7,27.548945644900172,0.7333333333333333,560.3848813767925,1.0
3878.709440862511,5,1,11,2,3,81.19332605522403,5,3.6603620463057593,0.37847505072737153,0.9670705173324017,0.2648562019364983,1,1,49.69251140736147,1,2,31.815770025529936,0.2,1869.6689874520928,-1.0
9642.17416376857,9,4,14,5,3,337.84167193053366,4,3.4110769413909727,0.04077327434137146,0.8033629045805155,0.3761259713087841,0,0,0.0,1,7,16.443121600282385,0.4666666666666667,3122.995605452904,1.0
5621.596025954652,5,4,6,4,2,262.2567867492546,4,3.019766575550923,0.3380895216303905,0.5815874273150854,0.7944784754272372,1,5,39.545605496965756,1,6,23.214149749396384,0.7333333333333333,2239.2907003755863,-1.0
4839.997843626588,10,2,2,11,5,360.1584518565298,5,4.300876527533173,0.9562716008076872,0.8589024382616515,0.42420542445768616,1,1,25.952237087056837,1,7,20.060643533911634,0.5333333333333333,1927.5070137103364,-1.0
23238.423844748966,1,3,13,11,1,378.3281577650404,1,4.566134940318032,0.8363960072839958,0.6726421352919183,0.572764052752379,1,2,45.00840351325542,1,6,22.24061161529779,0.5333333333333333,8697.67613514782,-1.0
15471.374722095223,7,4,10,10,2,430.9175586682981,4,4.875584573573564,0.8266863036714514,0.9145034439743537,0.8253350516921522,1,1,19.402559047876665,0,0,0.0,0.06666666666666667,3999.914544360594,1.0
806.0831815188004,11,2,1,2,4,464.397340633158,4,3.246507416276118,0.14972556414619032,0.8695977561376649,0.5704880426503663,1,4,25.713921262283524,0,0,0.0,0.26666666666666666,259.7449617096402,1.0
12617.616506488694,3,4,14,7,2,257.89346391547895,2,3.0327538129569565,0.8433026752039908,0.7469523072020312,0.8133328284286068,1,2,33.25761705929762,1,4,20.614043553941084,0.4,4422.13691477821,1.0
8614.988031383635,11,2,14,4,3,592.7822658179463,3,3.1492482428382056,0.6174519819443163,0.9711805733820418,0.34856337497433365,1,2,28.12037706439434,1,1,15.112417344554144,0.2,2751.1825333244938,1.0
17080.117165833733,2,3,11,6,4,303.38444326035403,5,3.4780512736073383,0.36901469934594544,0.7552643280826257,0.380602571799484,1,4,29.58997003434103,1,2,15.234082089790935,0.4,5604.094291137837,1.0
7124.957665937171,7,2,6,8,1,111.35244904077153,5,3.641174611983468,0.2745717506497415,0.644161547218808,0.8695860960002718,1,3,26.26326222383107,1,4,14.193715308726954,0.4666666666666667,2651.51052120132,1.0
7429.251383727099,6,2,1,19,2,59.62255111739301,2,4.226572787666259,0.8137482955675476,0.41577086340256425,0.4604968383442206,1,4,40.866378953679465,1,5,26.339925909537236,0.6,2307.853017466436,-1.0
25481.95616267099,2,1,14,16,1,121.50382537802341,2,4.9273743319133025,0.9467897767251591,0.6016657877323623,0.6117981696301437,1,4,26.997336429516885,0,0,0.0,0.26666666666666666,6682.565778474147,1.0
1937.2852342834556,10,3,6,1,2,338.15142218741846,3,3.7911642238321934,0.9968149760709497,0.8396031820004011,0.8625501149646457,0,0,0.0,1,1,20.68067511007521,0.06666666666666667,519.0978116598807,1.0
17321.143995706956,9,3,9,14,3,198.06545551291893,2,3.446229917077334,0.605240757572182,0.45802630118430554,0.4730497727567917,1,1,25.42806846536061,1,4,15.334455194498508,0.3333333333333333,5791.977065177382,-1.0
2224.6596287754664,3,4,8,3,5,394.82132038296527,1,3.582013588758329,0.05776629897206842,0.4268331574911807,0.26393038442123135,1,3,31.296022507560146,1,1,18.74476100768875,0.26666666666666666,941.2768134566404,-1.0
11966.14976062148,10,3,8,6,1,277.61680951469185,4,3.095224756854976,0.5725654538976889,0.6015125895164993,0.24555312139874694,1,2,30.906666206067662,1,5,19.522420683010512,0.4666666666666667,4047.7354602092823,-1.0
31541.9665608854,3,4,14,9,1,406.44791165965097,4,3.5862810205161413,0.4502066161151195,0.5369862553751069,0.38900938325631595,0,0,0.0,1,4,21.317708159696913,0.26666666666666666,7937.540176268608,1.0
9852.332863402145,2,4,7,15,3,406.6331624743683,4,4.690670244045284,0.49329358056269235,0.6990111347862764,0.8812698713603074,1,4,22.35501594339285,1,1,12.518083606750226,0.3333333333333333,5072.416697148244,-1.0
1527.6882277574384,8,3,5,2,2,143.66758771892268,1,3.011866993492113,0.2155011558337655,0.41486447616063027,0.70363162615631,0,0,0.0,1,6,16.94609010133737,0.4,476.3279859562003,1.0
1296.4167477669482,2,3,2,2,2,445.0981204029099,4,4.1747671905372945,0.3107616953724214,0.9994897400671953,0.6990713507694809,1,2,24.060401627722268,0,0,0.0,0.13333333333333333,449.26752852692215,1.0
16289.681145504599,1,4,11,7,2,96.41491061360509,5,3.487538986165455,0.2970909687803208,0.7463213416755745,0.5357504747471813,1,2,43.02688969580268,0,0,0.0,0.13333333333333333,6563.539755173013,-1.0
2579.964337436213,3,4,11,2,1,209.6763321634614,1,3.111094466975292,0.14874150987149748,0.7460738250983419,0.6915291643653532,0,0,0.0,1,4,21.916821015347544,0.26666666666666666,817.5307949116769,1.0
2237.3274415435635,11,4,2,4,3,559.7358719251157,3,3.5248961339276805,0.2324690402167634,0.5785987035575886,0.4530488899107682,1,2,25.80806133437452,1,4,18.973039704238644,0.4,567.5114901755727,1.0
4604.346051234838,6,2,9,2,4,343.19335227854754,4,4.393482000419302,0.9006272945948973,0.5921510382221087,0.4685985079954975,1,4,38.538190529100525,1,7,25.831528207469837,0.7333333333333333,1549.4360822304438,-1.0
17238.17830597241,7,3,13,11,4,549.989889498712,1,4.048750973310714,0.842472128593358,0.4666886964802654,0.7357297234351695,0,0,0.0,1,3,12.799675732350586,0.2,4575.842494113679,1.0
25297.17170220973,7,3,13,8,5,584.9242452133566,5,4.452161513356377,0.4780183066595389,0.8491609957312958,0.6288905929155144,1,1,19.91855514861162,1,2,14.456256639196855,0.2,7561.040373880623,1.0
7022.702775632922,3,2,11,4,3,406.8034153449689,2,4.9410845123115195,0.9787479146154875,0.47813356957488323,0.1831482583778418,1,4,33.91231045080642,1,1,17.577534320885967,0.3333333333333333,2232.2119665232867,-1.0
53543.13081707484,6,3,13,9,3,521.6506244652646,4,4.167224432282099,0.042590953970313095,0.9815415983602653,0.664689648717005,1,5,35.15718386853126,1,7,18.916665074086158,0.8,12860.34577141004,1.0
1865.2112343354127,2,1,11,1,1,408.3025521438386,4,4.07381601582847,0.8327966737677948,0.60533586718292,0.2392408890920278,1,3,25.871429246989642,1,5,14.629306928070573,0.5333333333333333,554.466111107459,1.0
6280.915554427756,1,3,1,16,4,337.0301350206933,1,3.412885384258138,0.5274410455577785,0.5224051819064602,0.19655077427699236,1,5,34.699967814577256,0,0,0.0,0.3333333333333333,1636.181205994237,1.0
9020.9354606038,4,2,4,11,4,167.72183047348113,3,4.18494929512723,0.6722525000742134,0.4223387210513751,0.7842781349468981,1,4,44.74484667953104,0,0,0.0,0.26666666666666666,3177.7784739575545,-1.0
10857.402620047267,7,1,14,8,1,256.7786061887447,3,3.580721825616391,0.45431615187839103,0.8165481773977468,0.7655306500567685,1,1,19.04226347352036,1,7,12.324302399461203,0.5333333333333333,3602.2466239438336,1.0
4093.830519182917,6,1,14,2,2,258.3132966423706,1,4.019308832483756,0.7170150376639415,0.42722285336429394,0.5458495775872187,0,0,0.0,1,4,18.642687538694567,0.26666666666666666,1013.4090536205059,1.0
17880.89779075446,3,3,4,15,1,189.82376654537998,4,4.975431737489342,0.7631864379628072,0.7442615833476183,0.7052877517903936,1,4,41.99933580933829,1,2,25.175014138950225,0.4,6501.758815313032,1.0
14207.370887125202,10,3,6,17,4,390.4987109005906,2,3.7241117003449826,0.9353822607327862,0.9175535448048182,0.32843435029562673,0,0,0.0,1,2,20.65560786327996,0.13333333333333333,5564.668751446558,-1.0
29015.326801693125,3,3,13,7,5,574.0212434343332,3,3.078393670911486,0.5152177962712928,0.4294187478194087,0.15696007877959853,1,5,41.78665546968783,1,3,18.334505385269406,0.5333333333333333,7757.082121287502,1.0
3950.2442416248246,1,2,2,12,3,588.4661476838265,3,3.1264486785012675,0.7954509581775875,0.7730556316572383,0.3519522445449996,0,0,0.0,0,0,0.0,0.0,1709.9152615371154,-1.0
19715.946539406166,9,2,10,11,2,531.567001667243,3,3.2783096690364477,0.9728128614702146,0.6659687058560402,0.8583687334011157,0,0,0.0,1,7,16.589663365958643,0.4666666666666667,4631.018020373548,1.0
14054.764317645515,9,1,5,15,2,95.73895322285568,5,4.42916694242092,0.5242366565631603,0.5636902472580522,0.7835940907165354,1,3,24.056813583949438,1,7,15.836141612690401,0.6666666666666666,3950.4193983014425,1.0
22036.984189861974,7,2,12,12,3,583.729613662775,3,4.6038925514835505,0.6967136003530283,0.96240373787482,0.2323533120151022,1,5,22.429399931098036,1,3,14.328509468187018,0.5333333333333333,5674.463706863901,1.0
16501.848359009917,10,2,9,16,5,54.14760099379927,2,3.3469239962296258,0.20919416762862053,0.7715102671107106,0.29682818097138397,1,4,29.45748830976028,0,0,0.0,0.26666666666666666,5807.863262467988,-1.0
15005.144433873835,8,2,7,16,4,166.9729704053347,3,4.357084059581518,0.8890749167467196,0.6696016356612604,0.8151118101777532,1,2,24.466549156973244,1,4,17.357600304835316,0.4,5065.47502283379,1.0
4129.359542867374,9,1,7,4,2,418.9384525692623,4,4.495056639724274,0.8702664653510171,0.6323121858483153,0.6256007093052386,1,4,22.469737697419635,0,0,0.0,0.26666666666666666,1211.8210930916841,1.0
6302.721808320681,5,4,5,5,2,350.50267006437554,4,3.6054495921564382,0.8326515022526404,0.8707739702619928,0.1173926462693399,1,3,38.49877654371689,1,2,28.493896547540352,0.3333333333333333,2212.67127860899,-1.0
3389.138385978062,6,3,5,4,3,149.66638955416408,1,4.8283768482670215,0.5261828101048603,0.4822376175845077,0.5582026073985301,0,0,0.0,1,1,23.03517512891412,0.06666666666666667,1135.2261436756028,-1.0
7313.420839347686,1,1,9,10,5,173.31539671486377,1,3.8741575165793574,0.02403769666640887,0.9546572512944838,0.10845349765905068,1,1,49.38684576367919,1,4,20.040735991378195,0.3333333333333333,3555.0278192875558,-1.0
5862.217416521164,7,1,14,3,5,449.6850463014875,4,3.286751342136479,0.37397025927733263,0.8435737772478622,0.83294971845911,1,1,26.47689603513494,1,6,14.43867240030244,0.4666666666666667,1640.8229786535667,1.0
2681.066274532979,4,2,1,5,5,74.48536827637997,5,4.366099796059126,0.962264078035172,0.5803462648324134,0.7891583371234785,1,2,40.76819377855912,1,5,18.826378517653083,0.4666666666666667,672.7452733146557,1.0
16476.100747141554,8,1,12,11,4,388.3464423133558,3,3.077623962053694,0.034865906317025575,0.45435280127239946,0.3824649259206928,0,0,0.0,1,2,17.89177375469212,0.13333333333333333,4666.867871431087,1.0
4735.800675160018,4,1,10,3,3,171.67944135484618,5,3.4456136848005703,0.9942996338040386,0.5006989128188856,0.7310173724523947,1,3,35.92295986253264,1,7,22.066535773786022,0.6666666666666666,2316.7314998969837,-1.0
677.4112888459272,7,1,5,1,4,359.79559628634127,1,3.585977074525213,0.05021596492080693,0.8980100022248716,0.8250371215257287,0,0,0.0,1,4,14.402570086774245,0.26666666666666666,181.27189294990922,1.0
7798.705617810514,1,1,6,6,3,300.65007037413545,3,4.222417305631085,0.7864448231944233,0.6004088024545926,0.7652362650742373,1,1,42.554821207772235,1,3,29.704087327248665,0.26666666666666666,2246.961630074501,1.0
2202.986080026938,8,2,2,6,3,507.86290001754986,3,3.8666677510498824,0.9629802480652716,0.6344374337258134,0.42048873903787487,1,2,24.922672123924002,1,2,14.629303451562759,0.26666666666666666,711.0232409475361,1.0
8748.036635895072,3,2,6,15,4,167.10927276543066,1,4.98357271057586,0.0008536974374032669,0.5183235383386005,0.2507143859228591,1,3,32.394929232638724,1,7,20.387110580164638,0.6666666666666666,4068.734030458624,-1.0
4593.068202283113,10,4,2,18,2,165.05023910241073,2,3.837032773305368,0.3814912932422273,0.4589253334293182,0.5190844856342581,1,5,33.27038414110419,1,1,19.078680816900047,0.4,2039.0602578568285,-1.0
1417.8022538094945,7,3,3,3,2,122.87442594645763,4,3.887577676981812,0.2388598796332252,0.5576739834132516,0.29243031464404023,0,0,0.0,1,6,13.819775212872376,0.4,680.0509785794302,-1.0
2731.7060056109112,11,3,2,5,3,370.5873008509697,5,4.457418496950705,0.7612115151654739,0.8624636129263643,0.6307555149111728,1,4,32.090722975594886,1,1,15.625235377763463,0.3333333333333333,1198.3211234309872,-1.0
916.9092852506561,7,2,3,2,3,434.2371506922961,4,4.639764262518895,0.965510824567933,0.508386239934817,0.5756420498887584,1,2,24.569345348990648,0,0,0.0,0.13333333333333333,375.8453150232767,-1.0
34771.04166177521,10,4,11,18,1,509.8741778283074,4,4.503241101689627,0.38677020860295763,0.9392240977448758,0.24177790664517573,1,1,27.074389560205983,1,3,19.717813231441315,0.26666666666666666,10323.55245081892,1.0
58168.760276995425,2,3,14,16,3,150.13713136585926,5,4.430063683116573,0.7493831543598622,0.6615815596002268,0.18797186250536493,1,4,23.880980864636946,1,3,15.0021465873805,0.4666666666666667,18525.88991117954,-1.0
1306.535209889006,8,2,8,2,2,181.72925922216766,2,4.766351941228646,0.5610487353667037,0.765504927627795,0.8000471713351542,1,1,21.868090838903125,1,5,15.704777438743871,0.4,638.4502146969838,-1.0
11564.923181402022,10,1,14,11,3,472.17731503924693,2,3.0022919012565126,0.2824043288458643,0.7504231946959731,0.5763599451754373,1,2,29.0074748026733,1,1,17.927563454796125,0.2,5117.253522660024,-1.0
31558.6922714289,6,3,13,10,5,51.95194552562422,3,3.233827144351183,0.7704116367112732,0.9195795721004923,0.8557894322271411,1,1,42.942350133979716,1,2,20.25553191606306,0.2,11401.158387536218,1.0
19035.08710393749,5,4,8,12,5,194.91585742859667,2,3.0350951256453005,0.7200515995351068,0.7707421393398604,0.655508362009233,1,2,43.95274351633978,1,4,26.30141743551885,0.4,5731.457986171842,1.0
41218.05789214733,6,3,10,14,4,347.3904752039083,4,3.3101872125420044,0.26799644879536366,0.6359062189525603,0.3239436973251547,1,3,40.662255729329154,1,5,22.991091361255645,0.5333333333333333,15318.575965420801,-1.0
1855.6942054794847,1,3,3,2,5,596.0723263515464,2,4.465284484885042,0.2486141190217397,0.6212442561592055,0.7581729710527063,0,0,0.0,1,2,28.203205172068813,0.13333333333333333,663.9061908934223,1.0
19364.03710394816,6,2,12,6,1,325.5482601367076,5,4.543812486800178,0.6224833190290374,0.6855898329163282,0.7234906120381747,1,1,39.8128276828664,0,0,0.0,0.06666666666666667,6170.789843281395,1.0
18394.905605000924,3,1,6,17,2,290.399016076654,4,4.960897797272786,0.7039859218646632,0.852026527147821,0.1526213627289157,1,2,37.7476043538431,1,3,24.439621248893378,0.3333333333333333,6291.837821272057,-1.0
7159.3135460595295,8,1,11,10,3,176.52990226079336,1,3.2822836029514875,0.38725904025443403,0.6681853416416434,0.8881009789408995,1,4,30.02267468302001,0,0,0.0,0.26666666666666666,2717.22122286631,1.0
6071.921771818257,3,4,1,14,2,64.48628596170362,4,3.1406611841748777,0.7570330569412019,0.728101906161992,0.32308042406941184,1,3,29.409349273918735,1,3,23.287874320989044,0.4,1411.3416744511774,1.0
1920.2345203810344,8,4,1,18,4,130.77953170826407,2,4.561651425654269,0.6861957796855566,0.6706839397006299,0.43546932591898935,0,0,0.0,0,0,0.0,0.0,595.825647386895,1.0
3476.7349777357636,8,2,7,8,2,565.188323860224,1,3.782456442566966,0.06490669621466982,0.6328968687761902,0.2165929406991822,1,1,21.243042082306708,1,7,14.930941038497751,0.5333333333333333,1793.7972559097552,-1.0
11031.882121234525,3,2,6,10,5,337.01856947240657,3,3.0437027544155573,0.3600209378545035,0.933693994239718,0.652314670874947,0,0,0.0,1,1,24.361344889091264,0.06666666666666667,3499.49207741236,1.0
2793.097530611891,2,1,9,3,2,299.74187937178795,1,4.7010132087563905,0.9316074951476611,0.9577917266743337,0.10636334502283251,1,4,23.281111303574747,1,7,15.949078482896663,0.7333333333333333,800.3182873687006,1.0
29454.55806737485,3,2,13,17,2,517.3574004799564,1,4.21912164380962,0.6817359520656108,0.7033250340578436,0.6553855030585097,0,0,0.0,1,6,24.602581356597785,0.4,8468.650583789955,1.0
21905.351642942926,5,1,4,18,2,456.63490774280046,5,3.121299981066838,0.13873918710974475,0.6360102559381976,0.6597491359478147,0,0,0.0,1,7,23.57560752016307,0.4666666666666667,6661.801651152242,1.0
16417.114426665285,1,3,2,18,1,403.7387981398379,3,3.4702766160395404,0.6339032270481123,0.7859643962861775,0.4254570656741503,1,1,49.29147793138646,1,5,25.23242439128107,0.4,4260.511516416694,1.0
18731.92852613369,6,3,13,6,2,391.2279060924435,5,3.988200831516879,0.8569838057113758,0.7276927547243179,0.4293206374413051,0,0,0.0,1,7,22.6629080213803,0.4666666666666667,9742.506234631019,-1.0
1874.5075580610485,11,2,5,2,3,340.3005551734844,1,4.719119065306931,0.9426461464796643,0.7260219323463909,0.2205265855911346,1,4,33.508857532818936,1,2,20.146349750675686,0.4,451.5137139595842,1.0
3415.4768705624547,9,1,1,19,3,93.15773645923011,2,3.0554506495236984,0.05688743835614907,0.4402946694296928,0.6848286066626487,1,3,27.388411677689202,1,7,13.414934548455719,0.6666666666666666,1334.8919861838665,-1.0
46481.51070633685,4,3,7,16,5,187.8641190913069,4,3.458637900615308,0.15883769538201564,0.869463645699325,0.6663136245583465,0,0,0.0,0,0,0.0,0.0,11612.348599783643,1.0
7531.868777790014,6,2,7,3,1,438.237640025378,5,4.0140953180953565,0.018730292060419873,0.6349611285529333,0.15987425717712409,1,4,39.76310381513058,1,1,21.83931632317413,0.3333333333333333,1983.9819845191757,1.0
3789.0750243945895,10,1,3,13,3,572.8750652438954,2,3.065827537322347,0.6079571838100452,0.9694582533570558,0.891778506043772,1,1,30.57450497086598,1,4,16.957118933719357,0.3333333333333333,1636.1251330079888,1.0
5188.616120620669,6,1,9,5,5,300.6384564311636,2,3.904376209025173,0.090775818929554,0.4294532499693944,0.7857919324794618,1,5,38.88072118495617,1,5,21.836755459921644,0.6666666666666666,2303.9374960341684,-1.0
26621.02197650851,1,3,12,16,3,216.31918590593773,1,4.135781096610811,0.8351261633432041,0.5155113230918789,0.667522215775465,0,0,0.0,1,4,20.46809284712107,0.26666666666666666,11128.954204191128,-1.0
2246.2822702956782,3,4,6,1,2,407.5979692785566,5,4.012340171310405,0.5291631009556624,0.7086678568811858,0.5555934708160079,0,0,0.0,1,7,22.44938155183953,0.4666666666666667,547.8525786875085,1.0
13383.021042126518,5,2,11,3,2,394.576818996353,5,4.9214836434573375,0.47360180149468445,0.5516976671173242,0.3808609909945906,1,4,53.047276949060205,1,1,29.157475020149207,0.3333333333333333,3484.7185637836956,1.0
14000.124241546157,10,4,9,10,5,532.9641971581251,4,4.135642761000941,0.9987232545377139,0.9718312433209847,0.6240871765717652,1,4,29.079050591970592,0,0,0.0,0.26666666666666666,4837.475335014708,1.0
52617.615754865066,5,3,11,8,3,454.6572474413971,5,4.759971383121673,0.1008047848685576,0.48431423450805156,0.6875939204888407,1,2,41.160482884341214,1,3,29.926481961631186,0.3333333333333333,12804.628189698089,1.0
4205.575525022589,8,2,2,16,1,486.04194412143426,2,4.677155332742849,0.7417833308897033,0.9585022189359463,0.23241578848392772,0,0,0.0,1,5,13.308566272679348,0.3333333333333333,1435.799750321332,-1.0
35303.69570296993,1,3,10,15,1,411.9509085168173,4,4.3588946716331955,0.4511912805538396,0.6001597485053664,0.3428840376696739,1,4,45.028391576368406,0,0,0.0,0.26666666666666666,17460.3668659032,-1.0
4162.538503591536,9,4,6,7,4,448.31320248277194,4,3.739505015946056,0.7385570406335566,0.5763499581343394,0.5597625631355903,1,5,22.44749456653588,1,6,15.183263864043111,0.7333333333333333,2169.1626107394363,-1.0
35221.78060664052,4,2,13,13,3,242.2109727769931,2,4.132799389520937,0.7800739356232906,0.6954370752883116,0.8612238691346404,0,0,0.0,1,5,25.04598801563949,0.3333333333333333,8853.173607365636,1.0
23882.598415440694,3,2,4,17,1,369.17723525281167,5,4.485633381154663,0.07798283298998332,0.7404039577413615,0.44325821396400256,0,0,0.0,1,6,23.1009154012628,0.4,5912.896290276018,1.0
5553.1586304357115,11,4,1,16,5,584.0862076590141,3,3.0500726724748874,0.4482388465553965,0.7664688136467683,0.35485047850079166,1,3,34.02460012351974,1,6,17.27901023547748,0.6,1568.2201091052348,1.0
19316.772183950805,10,4,14,10,5,206.43117814708538,4,4.816148805059182,0.8136115153461169,0.9843543273323168,0.42660144333210837,1,5,28.570441844729736,1,4,19.52685926012835,0.6,7533.879044779631,-1.0
39624.93908997314,3,1,12,16,4,286.8704643153503,3,4.592564876590124,0.1733610124719337,0.9429879002718184,0.8620773992438491,1,3,34.70318013285466,0,0,0.0,0.2,9416.373027996846,1.0
27017.93726157942,11,2,7,15,5,350.15223006484797,5,3.0191653754263115,0.9664193168045985,0.604847351576469,0.8923182368735718,1,4,30.171258940973818,1,1,19.713245780821484,0.3333333333333333,7164.707282515296,1.0
5417.423765435251,4,2,6,7,2,557.5537305291043,1,3.813484774382623,0.5477157081792359,0.9655466391357324,0.23313555034528222,1,5,33.640754323606735,1,2,19.250125972942243,0.4666666666666667,2050.3418276475777,-1.0
11092.107326209563,3,2,5,12,5,267.56785308286806,2,4.905739040716167,0.2793563232407599,0.8389153691611488,0.562860329106579,1,1,28.553208824701738,0,0,0.0,0.06666666666666667,2874.1685335456923,1.0
3389.371153384882,8,2,1,11,2,343.4292143840677,4,4.55095548601189,0.3241212723323197,0.45258149066964093,0.5931040209190673,1,2,22.07518613242844,1,6,14.753265975059513,0.5333333333333333,972.2682276554203,1.0
16937.660208309117,10,3,6,13,3,98.49903368246913,5,4.862316182221244,0.3948409997650211,0.6569054124772902,0.5628480441592959,1,5,33.92558624418976,1,4,20.257868898124446,0.6,7848.639935090306,-1.0
3413.8172818418093,8,1,2,11,4,554.5125781381869,1,4.703861498247789,0.7748557974307065,0.5582405121670195,0.3593873010992663,1,2,21.052828517090685,1,5,13.155489018629597,0.4666666666666667,863.0032086470393,1.0
7375.45376874809,10,2,3,14,3,482.8278256303083,1,4.5335410902826645,0.7100355846022014,0.8422111818747162,0.1836958804394632,1,2,30.263074322123455,1,7,20.0400843294612,0.6,1995.4643749074708,1.0
2796.1569057455295,7,1,13,1,2,580.8339038381712,5,4.062934991914826,0.06767516322559997,0.6209899033756753,0.8079307657695949,1,4,26.416428529308053,0,0,0.0,0.26666666666666666,648.4125591801051,1.0
1887.3935758912921,7,4,12,1,1,320.47573511674216,4,4.593545721139691,0.8424308021504471,0.6407379997670151,0.44387659496508014,0,0,0.0,0,0,0.0,0.0,538.353676445249,1.0
1748.963691266131,6,1,7,3,5,298.64211387351634,1,3.3659954332041977,0.438737207510412,0.8797361897453373,0.46953543472851,0,0,0.0,1,1,23.062798707673323,0.06666666666666667,768.8912896659755,-1.0
10422.158465424514,9,3,11,5,4,99.38849634007317,3,3.5923486292032045,0.8709206608498986,0.4109957011271192,0.5362027570095763,1,1,21.55170193944533,0,0,0.0,0.06666666666666667,3041.6578822359093,1.0
9078.826837867464,8,4,5,19,1,563.0389312801384,1,3.5444376016795514,0.34207679597107077,0.9584436378174476,0.5628094339275563,0,0,0.0,1,6,15.44276422752174,0.4,2799.919878293983,1.0
3290.033956104612,4,2,1,5,2,592.898695834797,4,3.6596556588497586,0.06205105263543276,0.6855855811958477,0.31587008385430215,1,5,45.90282228462101,1,4,22.68461919276061,0.6,858.0008396769638,1.0
37990.73774049677,6,3,11,14,4,416.4446644054827,1,3.816250268415874,0.5926158115981464,0.4215570790335143,0.48626792112135475,1,5,39.33816883005495,1,2,21.81399586367918,0.4666666666666667,8833.821358197847,1.0
27076.720219369363,5,2,10,8,3,517.0922445748056,4,3.061505881019433,0.9343745403825013,0.48863698351034457,0.7477218656563615,1,4,47.963752753707006,1,5,27.590168407537316,0.6,7490.7363723846465,1.0
19789.623370230995,5,3,4,17,2,528.0505751892807,4,4.5023832729027715,0.2026719063073047,0.8005172909345017,0.6197862790059125,1,5,48.521099640908425,1,3,30.950002770655015,0.5333333333333333,9650.731261291663,-1.0
2696.356319693604,2,4,1,11,5,570.4280952444899,5,4.355347549536093,0.32820175053761746,0.6806657589916209,0.6453827496441075,1,4,24.864066303493736,1,1,13.808412302426564,0.3333333333333333,953.2761629425337,1.0
11296.88718063849,5,4,5,16,4,244.04330509624816,1,4.065771273281739,0.035503368718632355,0.9705046205374668,0.3203005451799557,0,0,0.0,0,0,0.0,0.0,3370.101424537559,1.0
77344.67598597292,4,3,13,18,4,227.35911206537403,4,3.626655664302631,0.4177606716245422,0.4956760586720603,0.5048591187733681,0,0,0.0,0,0,0.0,0.0,24170.323598110805,1.0
7097.1381917134795,2,2,12,6,3,448.30584565978523,1,3.1570367794024046,0.5826017407523671,0.7839993421580489,0.10068583255057284,1,4,25.866020283432146,0,0,0.0,0.26666666666666666,2069.429226537001,1.0
12895.624338881084,5,2,10,8,1,287.56338284991216,1,3.8716256822183084,0.1486268844364086,0.4251615250450612,0.15045516421130475,1,3,42.104537098697925,1,4,30.5781631466235,0.4666666666666667,4106.012346424331,-1.0
8901.723155680456,9,4,8,16,4,396.2574807973306,3,3.035240005459428,0.44569288862593814,0.9447006572748624,0.34421323040981333,0,0,0.0,1,1,15.685637954123168,0.06666666666666667,4628.918105451294,-1.0
14363.71172684508,10,1,12,6,5,452.45698547208286,5,4.35249362412368,0.6408723774527126,0.9782674818497821,0.8732980881278108,1,3,26.503810302065542,1,1,16.87305689100905,0.26666666666666666,3958.5782466894298,1.0
13944.34161751596,6,4,6,10,4,486.93510970106087,3,3.65986004168495,0.8771587082700529,0.46454722162831763,0.1303857767681562,1,3,32.56588251880447,0,0,0.0,0.2,3675.239470558848,1.0
892.5704289581292,7,1,12,1,1,182.17752267052677,3,4.121285850291972,0.7687292280120813,0.8546879834165596,0.6365502117309288,1,4,18.985078799071342,1,6,15.208925537809296,0.6666666666666666,445.9149435832048,-1.0
20734.33017231165,3,1,9,12,3,352.6850737690678,5,3.429108415285582,0.5194477378123405,0.8009736316826195,0.7396459017593487,1,3,32.864539084197986,1,6,17.156604169636495,0.6,7510.819306222375,1.0
4047.53888901955,11,1,3,12,5,269.92655467012673,3,3.972571144702693,0.7339267236324865,0.8643883577601462,0.7277407845831021,1,4,31.685629223157687,1,4,15.702156105930394,0.5333333333333333,1967.3557327726592,-1.0
26805.365531497948,4,1,12,13,2,223.20025113969396,5,3.716804477387633,0.02066185159343159,0.45814506080668665,0.33240259775889525,1,3,35.9840026065558,0,0,0.0,0.2,11181.601070353923,-1.0
5373.3807656570225,11,1,12,4,1,505.55567484253606,2,4.662106881794676,0.09889083998231696,0.48683976000284335,0.3451661850803605,1,5,29.591343912441022,1,1,15.09171262413581,0.4,1745.0141476534677,-1.0
2057.8182498305046,11,4,8,2,2,403.5034498986674,5,3.3447858454940196,0.5124386744880165,0.8637288322250352,0.2752634685340236,0,0,0.0,1,3,16.272068336988866,0.2,1029.8674541180783,-1.0
1077.5714750708462,7,2,10,1,5,81.26307287487043,2,4.713396446255137,0.5519741952717797,0.428066290114068,0.8794177924223568,1,4,18.34209588445295,1,1,12.795064944110026,0.3333333333333333,353.08744662514016,1.0
30626.274410910097,5,4,14,10,1,576.682404113894,3,4.259817104720591,0.5515324893305936,0.8871199720540406,0.5253299782915835,1,2,43.509675674832366,1,2,31.161767308557256,0.26666666666666666,9609.27962483677,1.0
5410.8660668314205,4,3,2,7,2,522.4927319476885,5,3.2185322227097948,0.41698860328350495,0.8585723391023299,0.41597999963561383,1,5,41.53606971244723,0,0,0.0,0.3333333333333333,2175.0803990208647,-1.0
50698.26825021534,5,2,12,13,5,159.9472801486616,3,4.775018522113835,0.23064847418528922,0.4511441786776924,0.35101358103075075,1,4,45.83794567728289,1,1,25.768252655760428,0.3333333333333333,11765.22688582455,1.0
7388.325907349184,7,3,2,19,2,349.2067602497104,5,4.404619313302396,0.8111693472424644,0.6061542530399829,0.844646123082387,0,0,0.0,0,0,0.0,0.0,2790.7635143451694,-1.0
1704.633672687191,11,4,6,3,1,197.20648930176705,2,3.1185455735359544,0.33750557844747253,0.6760118606528498,0.6496190704569642,1,5,28.943843459211212,0,0,0.0,0.3333333333333333,770.3661195261946,-1.0
5129.900434068995,8,1,4,17,1,384.76979007989746,1,3.33788818290317,0.9416948315016594,0.5920029314568089,0.3671628186315119,1,1,27.84735653267474,1,4,15.250051097349589,0.3333333333333333,1928.029916973526,-1.0
3483.528524766162,10,3,10,1,3,406.85423207533773,4,4.033997166425236,0.09947214991950148,0.795437317495187,0.5524188243052578,0,0,0.0,1,4,13.962714161101411,0.26666666666666666,930.1020188482629,1.0
800.0791625480407,11,2,2,1,5,345.11735978088876,4,3.0806719750655045,0.2592281950671309,0.5854805753521924,0.6501444329439214,1,4,29.724704672850805,1,4,19.79802092559991,0.5333333333333333,241.6322285512211,1.0
30798.175339859456,3,1,11,16,4,375.84169754341417,3,4.899921801753783,0.9838390085407746,0.9198692683805585,0.827641272620081,1,4,38.27154366514985,1,1,22.94459092318078,0.3333333333333333,8946.34685683581,1.0
10613.040125774658,8,4,3,17,1,235.31076995589353,4,4.500988768990193,0.001243438866102009,0.8593679704132992,0.691835994126287,0,0,0.0,1,5,15.195311316513934,0.3333333333333333,2643.927306667651,1.0
4993.704168472959,6,4,7,2,4,553.5455699617473,4,3.286312623328144,0.32901261378393265,0.6652165650582542,0.25378560362165115,1,4,40.07036771109387,1,6,19.23013127671691,0.6666666666666666,1165.4916907686966,1.0
11936.936524813751,8,3,5,11,2,324.66757954408615,4,4.719877493466971,0.3804642231542933,0.9789159512611421,0.3119942329764328,1,5,26.39017340183078,0,0,0.0,0.3333333333333333,4218.895987501127,-1.0
4461.5025295196865,9,1,2,11,5,289.94692414243093,4,4.810701804654074,0.5761854125072724,0.7397146524384441,0.3095279135003115,1,1,23.775817672024274,1,5,16.65663450816835,0.4,1180.6172965368148,1.0
7317.0269256208385,3,2,2,18,5,218.15561070804304,4,4.764539033139003,0.14791113634552877,0.705008257608182,0.617572547217047,1,5,42.23744439030681,0,0,0.0,0.3333333333333333,3299.6942228391595,-1.0
4220.064800212474,8,4,7,3,5,453.3230636962483,4,4.255213442664127,0.7698580056788935,0.7289295463929524,0.5316028723600049,0,0,0.0,1,5,15.413670273752867,0.3333333333333333,1080.0506101423323,1.0
11922.036421833496,2,3,4,11,2,444.51453342814386,4,3.8037390312984978,0.7425931846422301,0.9087626546551771,0.4680826393410099,1,1,23.770586786810213,1,7,17.35485602618368,0.5333333333333333,3568.088428426178,1.0
3387.739218154151,3,2,1,10,1,300.62601657572407,3,4.867622550019936,0.19503948473304944,0.9062748066799005,0.7546140545276724,1,2,39.27548175459957,1,2,21.59850416350606,0.26666666666666666,922.4589903074137,1.0
10388.549527559744,1,1,7,6,5,77.59286392427876,3,4.704139675657114,0.5063662535617891,0.694121712523377,0.38944589442839217,1,4,37.827179224445544,1,3,29.39684718031698,0.4666666666666667,2694.047097122845,1.0
9989.34560426176,3,3,4,9,3,509.90620376386966,4,4.515073573594458,0.6522565177735441,0.7042261221620258,0.21997684757079777,1,4,36.64270114769266,0,0,0.0,0.26666666666666666,3856.4526100777016,-1.0
4880.885335194866,9,1,3,13,5,223.1404543737202,5,4.6971534147916,0.2954703428875134,0.7849419913995355,0.14092761135701704,1,4,22.93492219558137,1,3,12.651478961577784,0.4666666666666667,2134.0677756412306,-1.0
5511.901902832318,7,3,3,12,1,168.72184542086683,2,4.398277659401598,0.2792874957941657,0.6004473373202905,0.5374416207316098,0,0,0.0,1,7,13.4761086867034,0.4666666666666667,1815.2812342260695,1.0
15593.101352508975,7,3,7,15,1,341.87847758434407,3,4.499535116668493,0.6703759104353387,0.5660840782696923,0.3045149372471701,1,5,22.42752948812614,1,2,13.71889074063953,0.4666666666666667,5857.335725108011,-1.0
19818.44377349549,4,1,14,7,1,577.754377864945,3,4.674775631883766,0.7968121186802541,0.4916394366722254,0.391061834850702,0,0,0.0,1,6,25.355726341628177,0.4,5371.890208325297,1.0
53376.61452415024,10,3,13,14,3,461.16142879890276,5,4.654357413316026,0.8328690417979895,0.910360328980934,0.7427388552785302,1,2,31.785741128249125,1,2,15.580181684169967,0.26666666666666666,16845.98973569469,1.0
3781.343875430843,7,3,1,13,5,452.4658205157857,3,4.574139005447863,0.6237219692791834,0.9035036863061783,0.707329984930705,1,3,26.463149489961342,1,2,10.948867267853903,0.3333333333333333,1106.9935827409984,1.0
36436.1031988743,1,4,10,17,3,477.2742940598615,5,4.778451204169787,0.3040745888313513,0.796441220574839,0.3232339097042082,1,3,49.52374368292736,1,7,28.029199118258685,0.6666666666666666,15607.032012020849,-1.0
34688.43811848914,3,3,7,15,5,471.9618611756264,5,4.448713869659671,0.14171520824757244,0.6806393626686823,0.38558544470220624,1,3,37.93056315566905,1,6,23.45710010187085,0.6,12625.458838926983,-1.0
4519.162136610034,4,4,7,2,1,247.86990393319957,4,4.403889649149177,0.045109006285336095,0.631337728066192,0.37458413997404116,1,1,31.926272151537187,1,3,24.965734492759736,0.26666666666666666,1044.2138931261393,1.0
4069.8971276988927,8,1,1,19,4,344.52484348230547,5,3.7059066631095554,0.33708684088107377,0.8557557296427847,0.45519921659738094,1,5,28.837607656172437,0,0,0.0,0.3333333333333333,1556.1621735010763,-1.0
13418.221524725433,9,3,5,9,1,516.1426019041098,4,4.245874116066126,0.4449376980079407,0.8354419060054228,0.3666653864922287,1,5,23.002814395474964,1,7,16.916835969364698,0.8,3564.06480563223,1.0
2837.2455768414457,5,1,3,3,5,424.9341722036432,3,4.514683561345103,0.05061084075717348,0.7320909721505968,0.33594090707625013,0,0,0.0,1,6,27.2170410734168,0.4,739.7774794725902,1.0
18528.497136595422,3,1,6,13,5,287.0339633779056,3,4.768341317021772,0.7877087308864188,0.7755341293232965,0.3704339327976318,1,3,33.04040302542161,1,5,25.02914543406958,0.5333333333333333,4411.280047783109,1.0
9586.72176519576,11,4,11,8,5,492.50068067839317,2,3.9458319419569152,0.19248076777042167,0.4598341600396413,0.6946890003903394,1,3,24.785455721462107,1,3,14.923502028679666,0.4,3339.2229210719015,-1.0
3856.3624940872587,11,4,1,10,4,369.39867637854314,1,3.1606738699987296,0.19084933306358476,0.5531536116212598,0.32101230330513986,1,3,28.05820536056801,1,7,19.546477927772756,0.6666666666666666,881.6045971103324,1.0
4117.908567324884,8,2,6,3,5,70.87874852960203,4,4.919397601102009,0.25223921907695224,0.44261659480076865,0.49395380869320127,0,0,0.0,1,6,13.917344565280255,0.4,975.1902019062974,1.0
8914.483657616713,1,4,1,19,4,422.5268733788109,5,3.9196910367244957,0.37066306791322123,0.5587097311511752,0.15318944241189758,1,4,42.3337374269242,1,1,23.363627551892492,0.3333333333333333,2492.736210451301,1.0
57961.80282825456,1,1,14,16,2,187.30755101706652,3,4.907804922258499,0.882142314225861,0.7382008270559792,0.6175515592645108,1,3,42.74628259245323,1,4,26.905775912377297,0.4666666666666667,13330.023441976819,1.0
2457.7964000484594,11,3,1,10,4,261.68370348637336,3,3.0667614066692295,0.7176283968694148,0.5512582390683853,0.8582810308273059,1,5,29.816198850013908,0,0,0.0,0.3333333333333333,1084.0729324969102,-1.0
2081.816616402099,8,4,2,4,3,101.31564809648948,3,4.1035538766244555,0.402752558490689,0.5140226887120964,0.7181349878913359,1,5,29.89547117936364,0,0,0.0,0.3333333333333333,474.5805200490512,1.0
2611.2845411811622,2,2,2,11,5,232.6985874468223,2,4.544299032041524,0.17688294015945139,0.5522492322369352,0.18051551544957,1,2,21.2094834748605,1,2,15.672829345325333,0.26666666666666666,986.2911541949172,-1.0
8657.235897799123,4,3,12,2,3,468.72257599658474,4,3.982671238348461,0.7822693506022277,0.6965711868429094,0.18920792349565502,0,0,0.0,1,7,25.708930294284187,0.4666666666666667,2719.2006194582295,-1.0
2837.648602464434,7,2,14,1,3,404.2979495931575,5,4.086165778211566,0.5658897560424324,0.46346307611295423,0.44875932034809785,0,0,0.0,1,2,11.15570654338926,0.13333333333333333,786.0311445288894,1.0
28885.07203682442,6,3,13,7,3,456.71597209173024,2,3.057291862620513,0.6168498512759222,0.6468617424559975,0.8374676079736857,1,4,35.394418152392674,1,7,25.16234440290987,0.7333333333333333,6929.72427792056,1.0
2027.965207467511,4,3,2,3,1,301.0120188879388,1,4.884293206132391,0.43593449089112823,0.9912428700883789,0.1454712488638557,1,2,45.78875000055747,0,0,0.0,0.13333333333333333,488.91167116453823,1.0
2065.8270408185476,6,2,4,1,2,263.86008437606995,5,4.273258236890097,0.14104663358372715,0.7897978980817166,0.2530758101614981,1,5,31.164707541390417,1,5,22.074186526871713,0.6666666666666666,471.5248459334566,1.0
25979.45742547351,8,3,12,15,3,198.9615406608753,3,3.99996035214275,0.6694708988116058,0.5685686954798204,0.5183635641480946,1,2,24.394230962567693,1,1,16.39928778148761,0.2,10605.806812408708,-1.0
10852.981002062828,7,1,7,17,2,62.465926587955494,5,4.054087993657362,0.8498022608023537,0.4359428206020183,0.2819664883783365,1,4,25.599702658016767,1,1,11.89287448413768,0.3333333333333333,5284.40486036224,-1.0
7324.337555382454,1,3,3,10,4,525.4976890936465,4,4.364574243527395,0.1353624617602578,0.48573276051536035,0.7042736123473071,1,2,44.146540690899094,1,2,22.923324908768784,0.26666666666666666,3828.2374714390867,-1.0
16005.38371403221,8,1,11,16,2,139.95344122762054,5,4.832629748962373,0.10754626195472239,0.5163881272636033,0.8890157978364523,0,0,0.0,1,5,13.129057863751592,0.3333333333333333,8445.028914213064,-1.0
41623.20469421822,10,3,11,16,3,462.1807279706548,5,3.8013100035460634,0.7060409839581683,0.7394851805117045,0.8402839256792943,0,0,0.0,1,5,20.545437983248018,0.3333333333333333,16415.093199017734,-1.0
9279.93680647826,7,4,5,17,4,274.4905656958552,5,3.6351162792393694,0.14854515150998093,0.40262420746058775,0.8761880499424165,1,2,18.335341536650027,1,5,11.16033094972331,0.4666666666666667,4243.906154830664,-1.0
27179.94392002654,11,4,12,15,5,296.36810620531236,4,3.376560697794644,0.0665719473024351,0.5132439074191044,0.42842634116470146,0,0,0.0,0,0,0.0,0.0,9019.48115802933,-1.0
4176.527911077788,11,4,1,10,2,109.32538614433336,5,4.442441833806129,0.6551364772498361,0.499084058849834,0.8929142189945096,1,2,33.74932323630322,1,6,20.080926627423352,0.5333333333333333,1074.4671197427035,1.0
13856.520054910123,7,1,13,11,3,543.4233145853359,1,3.4447723523937768,0.5771348348692575,0.5589884637501299,0.6290785650495357,1,4,23.879525435899836,1,6,13.121104737881515,0.6666666666666666,3280.715250609522,1.0
30031.847486953193,4,3,6,14,2,284.18003183529896,4,3.355401629579066,0.9951813258283256,0.8517926158773095,0.4269278379641447,1,2,35.71720707968777,1,2,20.160259959853036,0.26666666666666666,9120.883208171132,1.0
11193.702449985607,6,4,3,14,2,423.05936171745026,2,4.657516147486678,0.5958660535285966,0.9575493491458815,0.45622329346979573,1,2,35.41317976511588,1,5,22.30970414325268,0.4666666666666667,2625.9741168861187,1.0
10704.968062796628,9,3,12,5,2,551.6747460577508,2,4.883965771146523,0.6426925784552184,0.5998699347332257,0.10837485865320212,1,4,22.054304092680667,1,3,15.058958311901419,0.4666666666666667,2905.7853385979874,1.0
3939.698110741976,10,3,1,11,2,196.38247081135225,3,3.395194769682159,0.1290736653068295,0.5399545848723988,0.6138615135606387,1,1,25.662274464246615,1,3,15.596106682651289,0.26666666666666666,994.9598675889547,1.0
3815.3918656310484,8,1,1,18,1,455.4983257191374,2,4.398154366558849,0.26089230519753603,0.8375000216863506,0.6732388399316962,1,4,21.09823393764571,1,7,17.440747328339125,0.7333333333333333,1481.7706829973276,-1.0
5140.795290976046,6,2,2,8,3,496.8028415805794,5,3.380307725825221,0.6770406851477173,0.8276518012359589,0.8883081122143246,1,5,40.785999566802694,1,2,20.134033803346107,0.4666666666666667,1895.912711537649,1.0
9461.871516760182,2,4,3,15,4,235.34071734268784,4,4.710022018007463,0.7970257433424074,0.8646571491459046,0.11758616538752671,1,3,24.886042149066,1,6,13.081368043224078,0.6,2598.6260792418802,1.0
3344.8543646181174,6,2,11,3,4,234.86684470905683,1,3.3175525725745247,0.2061648446312071,0.9951738224818912,0.7024691155530635,1,4,34.230246684820855,1,1,23.06972931402603,0.3333333333333333,1435.0269348764084,-1.0
2992.6135158249203,2,1,10,2,4,360.01228479925834,4,4.9506023597999045,0.8705424631058796,0.6297684452188578,0.7696553940456564,1,4,27.572548095666818,0,0,0.0,0.26666666666666666,922.6702169064881,1.0
20015.816863509,7,2,9,14,2,414.16789234940836,4,4.451462178726143,0.32636128822461696,0.7758326774875228,0.6751783514451554,0,0,0.0,0,0,0.0,0.0,5417.486967039588,1.0
19471.286999472293,10,3,9,13,1,132.98292575353247,1,3.8061510854004563,0.9969869008908617,0.5040147581268296,0.21638611967940813,1,4,27.37753082659688,1,3,18.41754133370547,0.4666666666666667,5090.9227320682185,1.0
29393.419527146692,11,1,12,15,3,178.90437252209315,5,3.8871809327603035,0.4165345061206146,0.595939272975309,0.32907155404383187,1,3,30.045464236092542,1,4,16.25493740666001,0.4666666666666667,9956.263767608074,-1.0
26531.27142799186,7,3,14,15,5,588.9842092849776,2,3.338134122329226,0.49949670546804004,0.8351714617809682,0.16661670504645923,1,3,20.94190274804382,1,5,12.946166699534437,0.5333333333333333,9043.86606206323,-1.0
9135.522767068469,2,3,7,9,4,506.99665190386804,4,3.321173741446252,0.8958838370675472,0.7572732896247072,0.7599470701126357,1,3,30.593730002531565,1,3,18.328369047786396,0.4,4797.575161081883,-1.0
10662.963014080204,10,3,10,6,2,120.70337882324714,3,3.0525888813367734,0.22434718637176454,0.9671777469624308,0.11101175466831999,1,5,28.83676377310228,0,0,0.0,0.3333333333333333,4125.745896302407,-1.0
5066.758188799572,8,4,4,7,1,584.0660221848049,5,3.7598203217791104,0.13377126735678924,0.6591222337674816,0.580502932345625,0,0,0.0,1,6,18.198761503090353,0.4,1735.4628877736502,1.0
2195.9236867815766,8,2,8,2,2,598.4792893731727,3,4.831767068672812,0.8352242043392859,0.5093755233214555,0.7127035666798851,1,1,29.765790849417183,1,7,12.7258996603894,0.5333333333333333,835.378358118137,-1.0
20201.970502775235,7,1,9,18,4,236.82198620011783,4,3.5434995734410513,0.014928967236017665,0.873067756475799,0.7506273705341417,1,3,24.657723350782824,1,3,14.606283160517691,0.4,6239.676879261588,1.0
14399.582811154303,2,1,5,17,5,453.76341558543044,4,4.498377038070966,0.05151559325111532,0.9700592314226925,0.6621915907124281,1,1,25.168273108583787,1,1,17.826769023221114,0.13333333333333333,3665.857738076866,1.0
1903.3267501259838,8,4,1,12,4,472.983810359644,2,3.802330320654054,0.5673096308415861,0.5386465735732773,0.6195337389145535,1,1,28.539935206659585,1,1,17.73203921108904,0.13333333333333333,592.0018243886461,1.0
5649.712578850364,2,2,4,14,3,101.62556284957898,3,4.069333509785765,0.4225333548849768,0.5705355103825255,0.8232863243661086,0,0,0.0,1,4,15.597794155690618,0.26666666666666666,2545.267923682454,-1.0
25447.49213820589,5,4,14,16,2,481.5929368471007,1,3.886514682718669,0.36902975638259783,0.8018792366647692,0.8506638228612149,0,0,0.0,1,7,23.066341972545512,0.4666666666666667,10012.14636899088,1.0
2280.879480610883,9,3,1,7,5,440.5572520260572,5,3.6987693833396538,0.9269101886533835,0.7022872544658323,0.6174688292780276,1,4,23.415170312194885,1,3,12.669795535790911,0.4666666666666667,890.7802673459842,-1.0
1545.2100989309213,9,2,7,1,3,265.8446642973087,5,4.364345956472084,0.5736798202909772,0.9868403853077335,0.7928923025802325,0,0,0.0,1,2,15.501790959252189,0.13333333333333333,448.48418974078027,1.0
2626.0672096738635,4,2,9,1,1,539.2553129761036,3,3.801786636533253,0.4053516136255215,0.4588566197445889,0.8803923986648446,0,0,0.0,1,1,23.52527861904523,0.06666666666666667,671.8882156772344,1.0
3713.071386221114,2,3,1,11,1,118.03050763705856,2,4.996041029641046,0.1387379112267776,0.5147953016142741,0.22441091520695117,1,4,25.803042610063397,1,7,14.998353258259089,0.7333333333333333,1124.176239310002,-1.0
6111.358477198706,1,4,12,2,5,539.9168818549454,2,3.8377413244920944,0.6565330699030019,0.49933190786481635,0.4479487202907272,1,2,47.945906186338824,1,5,28.946102174972815,0.4666666666666667,1410.4063338273832,1.0
819.6337191336912,9,2,8,1,4,190.4762567904895,2,4.362308144660893,0.6824061619553177,0.9071510774543089,0.10773803107753538,1,5,23.21123082091949,0,0,0.0,0.3333333333333333,335.3896623074486,-1.0
22739.02964490184,3,4,13,8,4,383.8818958781297,3,4.850309636781088,0.5518799421186391,0.8742954137489983,0.2714466097294653,1,5,37.367202037180576,1,6,21.037366461210457,0.7333333333333333,6010.686788030696,1.0
6387.892053091138,3,1,3,10,4,295.4835572424554,3,3.0006659357702157,0.11424563079197747,0.6251171150607273,0.14266383415744013,0,0,0.0,1,7,23.355507657652186,0.4666666666666667,1881.9370957858744,1.0
2758.951734079906,7,1,4,8,5,292.35952781009274,3,4.490303307053572,0.3379960313119229,0.6108154085990685,0.19492467576751196,0,0,0.0,0,0,0.0,0.0,1015.4107336901704,-1.0
2294.789016709904,2,3,4,2,3,447.565231438809,5,3.963782462540879,0.9779579469545046,0.9077246619273778,0.4638638179509198,1,3,26.328330305946153,0,0,0.0,0.2,829.2866383695492,1.0
13859.60247423485,10,4,8,19,1,538.2120806542518,3,3.383599114913184,0.7155554957950951,0.5914418529212114,0.366693310460957,1,2,24.919427054513534,0,0,0.0,0.13333333333333333,6699.889586014119,-1.0
9390.875457082448,9,1,9,14,5,449.433423679054,3,3.408963900501159,0.05850715144943641,0.7276040509201525,0.6602444738515809,1,1,27.90048067962728,1,4,12.496658433474815,0.3333333333333333,4366.999485064012,-1.0
1884.3023793592351,3,1,5,2,1,314.64881251170584,2,3.577655560062156,0.7969926239790721,0.8790376894017946,0.7203316119731389,1,3,35.49767148229121,1,3,18.513279919706214,0.4,525.0201551888557,1.0
18666.957838213857,5,3,12,7,1,598.9264119501655,3,4.015461928024476,0.4069721949110915,0.753294935948976,0.25423234865528466,0,0,0.0,1,2,24.870846431463708,0.13333333333333333,8678.650250474608,-1.0
30709.339913597854,2,3,7,19,1,545.207750884512,4,4.667069134218514,0.5840191798678459,0.4876992122871024,0.3377194549511933,1,3,30.729916235618212,1,6,16.551204605108687,0.6,10165.872803476337,-1.0
22272.82510695316,3,2,13,8,4,250.1276533422753,5,3.0067247566458732,0.38066826380391905,0.7606582368235055,0.6033601259597287,1,4,36.285313070481955,0,0,0.0,0.26666666666666666,8319.318996650773,-1.0
3643.094952955236,6,2,4,5,1,51.81127587513666,2,3.0371606681101984,0.9535568067200983,0.9068896315432861,0.3084360112877903,1,1,38.28693339892858,1,6,22.71438737544116,0.4666666666666667,1246.0492704267956,-1.0
2262.9827348019608,8,3,4,4,1,73.50953358853494,1,4.891069571948145,0.3736109450736824,0.9897281750133716,0.12867532185964858,1,2,27.58736225550771,1,2,16.441180910454204,0.26666666666666666,696.1412497298893,1.0
28733.251034985034,4,2,9,14,4,380.00245768010467,5,3.657394774434527,0.12142212233126248,0.679754044670424,0.10270718925918194,1,5,37.461459515570645,1,7,26.96834323961299,0.8,11906.009795266247,-1.0
4344.572237982761,2,4,5,6,3,525.229218587116,5,4.400787159270595,0.12649095932025423,0.4318436693028203,0.7141403464298234,1,3,28.0672840102248,0,0,0.0,0.2,1747.3018815533444,-1.0
3105.1539331575327,7,1,3,5,1,430.5462727459915,5,3.5021026488785307,0.16314014355495954,0.6391380326764159,0.16562097988448005,1,4,18.99500208652794,0,0,0.0,0.26666666666666666,771.1582661300914,1.0
9283.603918456913,3,1,13,4,1,230.81918752836228,5,4.9669864115995495,0.4176052473023968,0.5272260173157758,0.5172331593548112,1,5,34.277322251493636,1,1,24.557496975777003,0.4,3536.887040271347,-1.0
2107.167587812144,2,3,6,2,2,63.437220119228456,5,3.3335779415074396,0.850308809581341,0.5449827688464266,0.5712303132922537,1,2,26.793810675221973,1,6,14.027673916333374,0.5333333333333333,1089.2908744688393,-1.0
13072.836605294782,1,2,4,17,4,544.2207492242651,3,4.222861614455778,0.11571329956896959,0.7065583459564886,0.49780345275877724,0,0,0.0,1,3,27.506844831465447,0.2,4964.568140868548,-1.0
8167.810974144599,3,3,5,14,5,570.5796080605677,1,4.494001172277461,0.506992970385584,0.5429114233597372,0.5449901805602323,1,1,28.51245385876232,1,4,25.304591528043986,0.3333333333333333,3932.064271211958,-1.0
8844.692172002975,2,1,5,19,3,522.0356841510704,2,3.717657213828767,0.8055842491436275,0.699044525627923,0.4172628490492619,1,1,27.541610211845764,1,6,13.940680692166342,0.4666666666666667,3265.558021778904,-1.0
8667.396849752779,4,1,7,6,3,199.1114690644863,4,4.602151840498988,0.9430118524931661,0.539385265829309,0.13897533721259833,1,3,33.28489439394906,1,3,21.730073766781363,0.4,2811.1578791210177,-1.0
11101.099956762879,5,4,4,16,5,374.0781444065185,1,3.141978382302773,0.00987960664205656,0.583597845254342,0.4138847683852478,1,3,45.49066145282225,1,1,25.1313164456406,0.26666666666666666,3314.6991239053846,1.0
10120.161217430337,8,4,10,10,4,380.1239759732728,4,3.4181425706006983,0.9945655682085767,0.8640887220271252,0.681256566662235,1,5,21.420497068555388,1,2,16.676435861995014,0.4666666666666667,4824.633701707724,-1.0
6113.148570709985,9,4,6,11,1,166.0572759430483,2,4.421340187883129,0.48561165849448507,0.969978347702219,0.6712102409986144,0,0,0.0,0,0,0.0,0.0,1938.0081822775783,1.0
12445.272196014614,6,2,3,15,1,221.7498310746213,2,4.1515237674324625,0.8508126664701222,0.4930565625164257,0.11217322375278177,1,5,43.60873217344885,1,7,20.99702979566799,0.8,3582.248843644282,-1.0
4266.953228876253,5,1,12,3,1,108.60958605757844,2,4.478540987703543,0.8037843785259304,0.9778258134365286,0.41643110108891157,1,4,51.61116901386138,1,3,32.17047150396783,0.4666666666666667,2010.3508091962015,-1.0
14310.13804224433,9,3,3,17,5,236.01908445037805,5,3.8767113070406327,0.17405033038656315,0.5048847362651117,0.6008872589755143,1,3,26.3310539651674,0,0,0.0,0.2,4227.2326793315115,1.0
31125.722832290285,4,4,9,16,5,572.5925874197015,3,3.3481347673267403,0.892492460003309,0.47189946802382693,0.32010192750346644,1,4,41.858855322929095,1,6,23.331658683535764,0.6666666666666666,9338.544371333854,-1.0
17682.54844636543,11,4,6,19,3,502.62267601221885,3,3.220272057304098,0.37850126087313796,0.815571214987632,0.28513367463398664,1,2,29.15229340039323,1,1,14.809887833378436,0.2,5206.013175785179,1.0
4662.404586394981,11,1,1,12,1,532.4618392517027,3,4.004256191571249,0.5220838091622765,0.5164567235737632,0.6515913250615657,1,5,34.34239925969472,1,7,15.766269800214081,0.8,1346.6853445023,1.0
18248.29339435104,4,2,3,18,3,352.4939401628193,5,4.526587105117895,0.8685756320374538,0.4120968292707365,0.2948050085908758,0,0,0.0,1,2,23.431712663800663,0.13333333333333333,4827.644538031387,1.0
44596.668681306866,4,2,13,9,4,571.5340423164592,5,4.897601659355271,0.5745782465305711,0.8555941411470411,0.1716125598359084,1,5,30.923924894481967,0,0,0.0,0.3333333333333333,10237.419255661718,1.0
2179.0534805508505,6,4,6,2,4,510.902791773169,3,3.9641786890489596,0.7385710386348938,0.9767247407337158,0.193237350172158,1,5,34.32438158093642,1,6,19.14028129241704,0.7333333333333333,908.1662310386299,-1.0
7639.200751151717,9,3,8,11,2,64.69847733484615,1,3.655310059843286,0.3198359232919671,0.595896596597951,0.6383713384894525,1,4,19.524157955648466,0,0,0.0,0.26666666666666666,3082.497753344479,-1.0
4837.495323969211,8,3,6,6,2,360.62261955523695,1,3.1467567794875517,0.8127300494315858,0.747778342141968,0.28860921029085845,1,4,22.62397535367576,1,2,12.943796905327977,0.4,1527.8762542537556,1.0
8727.616139242,2,1,6,8,1,333.83400229853737,4,4.302986622505584,0.7403129843309826,0.873170649584263,0.8958077098455972,1,5,29.751254791405987,1,5,17.958137324255645,0.6666666666666666,2440.7711522079253,1.0
19030.8430229212,5,4,3,16,2,224.87961035346643,4,4.839788361637929,0.42684278889562266,0.5760465460116371,0.6117314134318735,1,5,46.056742582097705,1,6,26.642356279866945,0.7333333333333333,5241.049641762005,1.0
31269.92361932098,5,3,12,8,4,482.461660862934,3,3.571921358950895,0.5995956622601574,0.9792090680057843,0.7345943856009871,1,2,39.71911151591569,0,0,0.0,0.13333333333333333,9903.714379246177,1.0
15330.892376877628,7,4,12,10,2,450.2853187810932,4,4.229291359062341,0.042352650887856114,0.7888486448894221,0.1941624498201173,1,1,19.715728344578146,1,3,14.219192787466866,0.26666666666666666,4885.04733928976,-1.0
2343.2389058286835,9,2,4,2,2,535.2911865118646,4,4.3041316393705555,0.45841383179219775,0.959773625285247,0.7645972437764448,1,4,24.929469641854237,1,3,16.047684778324264,0.4666666666666667,547.3903206940548,1.0
22428.797718553895,10,4,9,15,2,579.6852620196612,5,4.213244503619164,0.1857211855009675,0.8171848648561184,0.156527034139509,1,4,34.11360454751884,1,1,19.641033317402744,0.3333333333333333,8393.911796416976,-1.0
10228.0840261427,1,1,9,4,5,591.1126444180687,5,4.609391570079665,0.1738459978231528,0.6957275077264502,0.650429706842503,1,2,48.8359826723028,1,1,28.981503061646784,0.2,2920.7198001680613,1.0
18828.144008088235,8,3,5,19,3,192.9337945473938,3,4.959601990264689,0.36852947334645736,0.8172508995915548,0.6701412516873548,1,3,27.162661865954306,1,5,14.008620805972713,0.5333333333333333,6204.173249401921,1.0
31395.49517824084,2,1,11,13,2,593.8245893823199,5,3.0908203121674074,0.14958970291336182,0.6306218054406078,0.20483376731634595,1,3,26.14520409300948,1,5,17.952887831271404,0.5333333333333333,7233.537801497841,1.0
4420.002483830517,2,4,10,3,1,342.3271914765639,5,4.417186615244006,0.040445728123000735,0.4308166438196289,0.5865143539065201,1,5,24.371372603770798,1,6,17.07481485397489,0.7333333333333333,1768.1980896512018,-1.0
52942.33055395644,11,3,14,19,3,318.1338246591112,3,4.272289616878464,0.5366884118627729,0.8494891142085577,0.28807769221660184,1,3,25.34011360217526,1,4,16.01808552259474,0.4666666666666667,17853.514444760283,-1.0
30979.453815543307,10,4,7,18,2,388.25817210189535,5,3.4796831161151602,0.8623416119638762,0.7730944517834648,0.7538354092709239,1,4,30.668046172945054,0,0,0.0,0.26666666666666666,7810.725620495965,1.0
23243.887032115104,9,4,12,17,2,472.9412000970236,3,3.6147569420085475,0.7735653751951652,0.9271071830867507,0.5992159952912511,1,4,22.01313041698371,1,6,15.430984575242396,0.6666666666666666,7968.513298168846,1.0
17685.318244392158,5,1,7,8,5,178.43152222629553,5,3.7739221590354743,0.8336972169940262,0.6289655307896351,0.7593195241599131,1,4,47.332246036711304,1,6,31.807861024806417,0.6666666666666666,5302.170407449339,1.0
6662.823383009738,2,2,6,9,3,559.9942791865005,2,4.173916870307747,0.3296795737301249,0.7193780904899172,0.16906935172128207,1,5,30.79809488342676,1,7,13.95985973008836,0.8,2434.82985994211,-1.0
16671.08648998657,8,3,14,5,2,401.9430398457886,3,4.523101631092205,0.7388091151611365,0.8498941506166346,0.21510909948427132,0,0,0.0,1,4,17.083471442224916,0.26666666666666666,4230.092959669822,1.0
4193.704202058898,8,2,4,5,3,346.644928803793,4,3.541483626978982,0.023705242899748624,0.7121900333164393,0.8905888238838652,1,4,26.813778345497923,1,7,13.658175358465137,0.7333333333333333,1292.4267527859972,1.0
6167.858096478537,4,2,2,15,4,572.0226841041655,3,3.713533163124386,0.8889728842800945,0.8515814112094409,0.3220648594413296,1,1,38.54373902205908,1,6,22.816183466951458,0.4666666666666667,2601.106606794987,-1.0
8585.153971527254,11,4,4,9,1,384.98639308997406,3,4.302336778254167,0.765458447246864,0.6147331184354136,0.7410777151693698,1,5,32.51914259155235,1,1,20.595776530539688,0.4,1967.8369712838964,1.0
7016.987197856864,10,4,6,9,2,261.8053734172844,1,3.2914105049784075,0.004119817392669867,0.964514282120442,0.7634019932163664,0,0,0.0,1,5,20.321379121253923,0.3333333333333333,1733.0736718739429,1.0
12941.898258085701,5,3,11,4,5,154.94032979665928,3,4.880978574212256,0.7816100492305522,0.4792668408182002,0.7795437917741178,1,2,45.16577048668965,0,0,0.0,0.13333333333333333,4564.804305419986,-1.0
11200.80434539205,6,3,1,18,5,369.9298216112241,4,3.1235686884575404,0.4697519452994411,0.559817477610411,0.858375652435598,1,4,31.464875460274133,1,7,27.00611750845401,0.7333333333333333,3354.759915637587,1.0
7960.671382956707,1,3,5,3,3,62.544213378192694,4,3.4583698218555705,0.8830658080886833,0.8946881597529369,0.16922602305913365,1,3,43.7976290420189,1,2,22.15127382025392,0.3333333333333333,1855.288678519233,1.0
11783.595474227155,8,4,14,10,4,555.2762978688137,1,4.412758419806083,0.41703522451317077,0.5342156588588285,0.6788474335955349,1,4,24.245081734397914,1,6,14.561773556684232,0.6666666666666666,3851.9688105793502,1.0
2659.5162801848937,7,1,2,12,2,377.3144219535321,2,4.537327661017208,0.551788781106658,0.6481770508659125,0.6068229737402115,1,2,18.048185680498197,1,5,14.311907618913583,0.4666666666666667,974.3196361655982,-1.0
6811.340486885156,3,1,10,4,4,219.57788200085227,3,3.106299184345896,0.1916033575185323,0.5606423312647388,0.3258488462833654,1,4,31.277060925112004,1,6,18.20179123083091,0.6666666666666666,2147.177341839222,-1.0
3100.073406907565,1,4,2,4,3,407.763485902994,3,4.250045997862984,0.6228189228581973,0.4882722070405508,0.534991164931143,1,1,38.32829687636786,1,5,20.672150451898656,0.4,711.2276848065256,1.0
14616.466042015676,8,3,5,17,2,315.490525431528,1,3.0407542941604633,0.8438589879562556,0.9569710069904447,0.29034916193503046,1,5,28.83854163539868,1,3,14.09096264824162,0.5333333333333333,3764.2610785486117,1.0
2736.735368701266,8,1,7,2,4,521.8618595176936,4,3.466986556619501,0.10053155078621911,0.466172241054199,0.7240571188032399,1,4,29.080911071900097,0,0,0.0,0.26666666666666666,705.1421732729265,1.0
9674.287171745713,9,2,7,12,5,298.8790350526049,4,4.390816724791335,0.9509875363742522,0.46295358716478624,0.13248585156191456,1,2,25.485517813230906,0,0,0.0,0.13333333333333333,4015.109910091613,-1.0
5741.758023983406,9,2,5,9,5,596.9365985601488,2,4.747798735002898,0.7493221715832347,0.914869829919548,0.22944716758175937,1,3,24.051273227250803,1,3,17.31488793445417,0.4,1782.3933151299443,1.0
15756.400358697241,7,3,14,8,4,322.81914517344535,5,3.5918893304766604,0.35488420292685796,0.8259730631378976,0.24289712562368157,0,0,0.0,1,7,12.587486893995866,0.4666666666666667,8143.502784676538,-1.0
41032.079990498976,5,3,8,19,1,62.44185641990537,2,4.631592151342277,0.03643948610339409,0.4020950551617822,0.6822547252085904,1,1,44.63150868016778,0,0,0.0,0.06666666666666667,12410.93030405116,1.0
13089.987189637077,5,3,4,12,4,244.25408099423703,2,3.265904541531934,0.13971019064915835,0.4273152998798461,0.5330630874158431,1,3,52.24532918168211,1,4,25.242159632365414,0.4666666666666667,4671.451360637111,-1.0
4422.514359104185,4,4,1,16,1,383.78877496096413,3,4.192392893444985,0.9423813647342054,0.7656447501977828,0.7263373223527161,1,1,37.911864213889785,1,6,20.573459482783413,0.4666666666666667,1615.7966718113544,1.0
17973.628525317472,6,4,11,10,1,255.95678902180435,1,3.966619022419666,0.7420708576995805,0.5155308732128197,0.7167325168283387,0,0,0.0,1,5,24.826499003243477,0.3333333333333333,4277.536671488747,1.0
8850.33427226522,6,4,4,14,1,223.579359407066,2,4.378681729352425,0.3929401278174004,0.8210049501908598,0.11321818382922127,0,0,0.0,1,6,25.873104509970098,0.4,3172.470899937515,-1.0
713.0284123482962,6,2,3,2,1,211.97099325194702,1,3.587493603251122,0.9783402327965833,0.6624178377110665,0.47747157107588867,1,3,35.07571840316726,1,2,22.09637411057298,0.3333333333333333,363.1783844676538,-1.0
5114.4377621760805,8,4,7,3,3,239.55102130046407,5,3.2013327730386862,0.4443875316121423,0.701980465354977,0.7061312623880482,1,4,30.530431560649504,1,5,17.73078577146863,0.6,1283.7533377626312,1.0
21335.37025146371,10,3,13,9,2,470.97244158982164,5,3.0807993605539337,0.32999580361079417,0.8379553647143889,0.5174051500576918,1,5,27.44671933012622,1,1,17.05995314664418,0.4,11003.216715157836,-1.0
15483.150008927609,2,1,9,19,1,154.60258980060604,2,3.2775792674720288,0.18478811507414028,0.7170810037047247,0.8801691703793212,1,5,24.421589568733893,0,0,0.0,0.3333333333333333,5337.738648330491,1.0
16026.044803652889,1,4,10,11,4,85.6691420221403,1,3.249807810648406,0.40483213398522533,0.4237967829845623,0.31803951604931635,1,4,44.53599312957453,1,5,25.276455046160848,0.6,5051.245626772044,-1.0
2444.1162127530965,6,1,2,4,4,232.74834531059975,4,4.47676476605404,0.9870087503089592,0.776184927041384,0.8196361504687244,0,0,0.0,1,6,27.565441138141658,0.4,704.4939072941461,1.0
2863.876086009889,7,1,11,2,5,548.4513817741442,5,3.8710648830944923,0.9659770015516557,0.517086561908132,0.12721323907682588,1,5,20.277681974435875,1,5,15.931954012573357,0.6666666666666666,1070.3428440099353,-1.0
10582.1582380124,6,3,3,7,4,307.1636988873133,5,3.68376264411223,0.9576362939984354,0.5256810590831413,0.13061131599144105,1,2,39.20841862273375,0,0,0.0,0.13333333333333333,2762.7350084661193,1.0
9653.167903317668,7,2,12,4,3,297.0261954294558,4,4.451874427999578,0.3812351856571038,0.7135268987867842,0.3332077995564653,1,5,23.36575341214036,1,7,15.524936574145038,0.8,2319.8070554747756,1.0
12061.007300742307,9,3,14,10,1,308.9396782146944,1,4.119880878073353,0.292180999418017,0.8455805697205125,0.5046655497112568,0,0,0.0,1,1,11.801608641789127,0.06666666666666667,4651.14845326836,-1.0
14600.995130110723,9,2,8,10,3,116.37039728086998,5,4.862759438541907,0.8215557004579924,0.7829653716520868,0.20942667513641552,0,0,0.0,0,0,0.0,0.0,4240.693713854106,1.0
11965.882923689662,4,2,5,8,1,251.4915015897659,5,4.174383400934234,0.29741392950783496,0.9434106918763749,0.42493581276578785,1,5,41.44307588480524,0,0,0.0,0.3333333333333333,3792.429166847438,1.0
35858.41367697762,3,2,7,15,5,195.48457548176714,5,4.23163779957974,0.3151993466543491,0.8325595290051468,0.7258926361209278,1,1,41.148531909135585,1,5,21.406120067309836,0.4,8674.33938946838,1.0
3181.635011002775,11,3,2,6,5,119.20036746607194,1,4.8157330674655165,0.6475951176130154,0.6867297967791939,0.7517614072533236,1,4,23.137562217253347,1,6,19.884640261025584,0.6666666666666666,844.0599874180785,1.0
6024.1349726327235,4,4,8,3,2,58.50342608753553,4,4.730834070592241,0.5113587887333509,0.7713678976832903,0.34208449672696306,1,5,35.250489344811164,1,1,18.829228873059048,0.4,1759.63391401754,1.0
6486.911652731554,3,1,2,15,1,273.0779157396935,5,3.650027644045002,0.5338510392923871,0.791910161248264,0.2623246364441423,1,4,42.34357045278943,1,4,24.644826469976984,0.5333333333333333,2906.861205038708,-1.0
953.9642806416748,2,4,1,4,4,386.02347318995254,3,4.938917133641415,0.9186731725779644,0.628460543294632,0.5123379584055304,1,1,30.08700712518581,1,4,15.084962281907663,0.3333333333333333,321.09260320457685,-1.0
4072.458287276912,9,2,14,4,5,310.8209709401455,1,3.4818196724614365,0.7883630134983131,0.8054259314823646,0.27838877179242993,1,4,25.00549907862497,0,0,0.0,0.26666666666666666,1503.3244683018006,-1.0
13211.643495656996,10,4,5,19,5,187.57367643208434,1,3.4586731438101452,0.4301507529737574,0.9227781899335433,0.15488530923197077,1,5,23.290483924182702,1,3,16.651691949994646,0.5333333333333333,3312.3944407213785,1.0
936.1559778476106,4,3,1,1,4,430.7188340144626,2,3.444071812740921,0.5036775734210623,0.8982862172119745,0.217987179789814,1,1,45.24496191866222,1,6,22.039249766617775,0.4666666666666667,262.38063420116697,1.0
6503.71107324495,11,2,3,11,5,455.21832710265494,4,3.067745320443213,0.7501054973501461,0.7208238155678252,0.36579096150234836,1,4,25.700972654932436,1,6,15.514074918393476,0.6666666666666666,2406.7753260363247,-1.0
2466.275658825322,11,4,2,4,1,71.06897209529804,5,4.827996352079431,0.6643934148090167,0.70413043968655,0.7606521011533275,1,3,24.943657861583112,0,0,0.0,0.2,564.66913126355,1.0
5133.12168065586,3,1,7,5,3,334.5591008993978,2,4.9860160725683285,0.1831656544938871,0.5286963246336295,0.3311374654526775,1,1,29.265447504895395,0,0,0.0,0.06666666666666667,1444.8421290879025,1.0
660.9548003880878,2,4,2,1,1,569.6015705793166,1,3.204940532651168,0.28209307681563933,0.45297915406460276,0.8764629241581432,1,1,30.0692732580051,1,2,15.135012895906767,0.2,171.55086307134826,1.0
27294.430846646537,6,4,8,19,1,67.11608013678662,5,4.819353843810169,0.29402973815510436,0.6229630595805138,0.1816989584161707,1,2,41.78576008369808,1,1,25.944429469847478,0.2,12155.066280072891,-1.0
9626.647599818529,9,1,14,6,4,351.0810285301808,2,3.478035293413018,0.6027626521721712,0.788426557335695,0.5180559382599993,1,5,23.65173461297462,0,0,0.0,0.3333333333333333,2427.656774058584,1.0
11703.372864842193,11,4,5,15,4,256.4563406622118,2,3.962288719591951,0.7889583350103461,0.44410496608160516,0.2532751743223961,1,5,25.010552266348267,1,5,14.95721114817297,0.6666666666666666,3338.3784178322726,1.0
3752.4447037815357,8,1,2,16,1,313.70516952138036,3,4.2534601733775705,0.6851726903015473,0.4745219763782643,0.8550437671933916,1,1,20.932721121117346,1,1,17.374651616295136,0.13333333333333333,1299.2774873186174,1.0
35057.00554439158,5,3,11,9,5,219.96474694123728,2,4.963798108955996,0.7971388400703923,0.8663905736886324,0.3741301309529095,1,1,39.62582826964968,1,7,28.469789327901935,0.5333333333333333,8554.75989220031,1.0
34174.53669265251,11,1,8,19,4,236.7749077677045,5,4.716368820567082,0.8708395358672405,0.4119933993669342,0.14458017669865308,1,2,33.17269800300678,1,3,17.701223979838947,0.3333333333333333,8495.834775704037,1.0
14248.616745255998,7,4,8,17,2,586.4242494352193,4,3.7595805229559103,0.5985130794667752,0.7481126579827194,0.6091482756587844,1,3,23.480366463075097,0,0,0.0,0.2,5637.123807929405,-1.0
3364.114229808498,8,1,4,6,2,397.01020557415353,1,4.309952646124052,0.06110707846893304,0.6620420066767846,0.8304870295356396,1,3,26.756538008497184,1,3,12.77721553609872,0.4,765.4375761449356,1.0
10077.964983368363,7,4,5,13,2,156.96522690175317,5,3.0627720127937303,0.11652404749075418,0.8650644571035822,0.7045287238508798,1,4,24.625329325492746,1,5,11.104345957848308,0.6,3422.197564876774,1.0
9235.269985578861,10,3,10,5,3,358.4003440059796,1,3.3236573225365813,0.5352393369147335,0.9476154240666494,0.11247006782029115,1,5,34.66631753933196,1,5,16.804578953916778,0.6666666666666666,2360.8102838162317,1.0
19356.31887083923,6,4,7,15,1,332.83591285557225,3,3.972541821696155,0.27618628992555894,0.6386675303881887,0.31917547710048233,0,0,0.0,1,7,18.622325663527036,0.4666666666666667,6452.714767149612,-1.0
4622.028867144307,3,2,4,7,5,513.928046336031,2,4.2305307359419455,0.16434060122826777,0.4123135070275092,0.7266113590318207,0,0,0.0,0,0,0.0,0.0,1384.4330232279417,1.0
5613.178026922107,2,2,3,9,4,78.02309718651492,3,3.542189886159766,0.7030286165379459,0.9570811914370941,0.6490294100936341,1,1,28.88686922918796,1,2,16.646503949359328,0.2,1275.1455497167988,1.0
29193.33211346158,6,1,10,15,5,124.99458731091663,5,3.6493377557869167,0.457319956210711,0.5293978958904484,0.7928852490436337,1,1,33.758030984898575,0,0,0.0,0.06666666666666667,10553.795923893906,-1.0
13124.58126280096,4,2,8,8,5,537.0930490565643,4,3.3081215874610685,0.8399039545565656,0.43830482739346044,0.33186836990371227,1,3,38.657876038531164,0,0,0.0,0.2,4955.555187928764,-1.0
15711.159098787955,11,4,8,9,3,358.9313561683111,4,4.8435984580266656,0.16218168192912918,0.4834096316585661,0.5509707315126081,0,0,0.0,1,5,17.991321112740668,0.3333333333333333,3864.891006455367,1.0
15621.028002764788,2,1,13,19,1,72.8443990258727,1,4.443540554635619,0.17253170068710866,0.4169141892979218,0.42662681057855767,1,5,28.87254087281684,1,6,14.58253741442707,0.7333333333333333,6461.1711555074335,-1.0
13877.691899320862,11,4,7,18,4,518.10689528083,4,3.0569424517536423,0.6902434300916938,0.7565636863596115,0.21542452055099937,0,0,0.0,1,2,16.907248377371424,0.13333333333333333,6521.167255918943,-1.0
9845.819564048237,7,3,7,12,2,500.9143934491536,2,4.379550911992139,0.010722802894385097,0.5830672838070455,0.41905722512603505,1,1,18.08279226619103,1,1,15.785387701182493,0.13333333333333333,3623.213007001341,-1.0
5755.43623317764,6,2,1,16,2,536.2015868269433,4,3.0120440807368127,0.12717719819187734,0.7227757789864594,0.2980496535094124,0,0,0.0,1,2,25.44487796880418,0.13333333333333333,1481.7427521951934,1.0
8096.3855833542075,11,2,13,3,5,327.7253190757654,3,3.175714027162691,0.7125410555436151,0.9837146376908449,0.5299905222673533,1,3,29.944205056380483,1,1,17.183888709083448,0.26666666666666666,1939.603963268216,1.0
17785.105783688003,10,3,11,11,5,201.9199926810224,2,4.212532127064743,0.8457626461178046,0.5773951431058589,0.8296544479106547,1,4,33.322900167333,0,0,0.0,0.26666666666666666,6644.376291957023,-1.0
21498.086081561018,3,1,13,9,4,372.23627152866,3,3.551288460484555,0.33025824836885564,0.648608865058976,0.4469826238196878,1,2,32.31876969077321,0,0,0.0,0.13333333333333333,5676.797144988955,1.0
9502.219989391273,11,1,11,4,5,74.20468346271305,5,4.638795689411083,0.5524104668680087,0.9249821226867173,0.8914917140414903,1,3,31.28479989218153,1,6,15.030550645083338,0.6,2497.8605602746065,1.0
2314.3949553050525,9,2,4,3,5,370.7389412885547,4,4.315514930052404,0.8158391711776937,0.6365248929104496,0.12636334009171035,1,5,23.160501457045786,1,2,15.387541435612174,0.4666666666666667,734.0999793124433,-1.0
52544.503112234524,1,3,14,9,2,79.72177579134629,3,4.265067537608879,0.5521857391706481,0.7514562150225348,0.3419643038648086,1,4,42.851208382506194,1,4,26.863391105243974,0.5333333333333333,12355.018237115459,1.0
37227.16351829898,1,4,12,16,5,273.6088268830126,2,3.413677869363874,0.9714447450464361,0.41116660981369446,0.6008450707434593,1,2,48.21430210168611,1,4,27.7857850305445,0.4,10370.716359599684,1.0
2546.5690525628816,9,1,9,3,4,87.51342910849901,1,3.567183532657773,0.9152433100276822,0.67774461304283,0.617656014831186,1,4,27.6412814125609,0,0,0.0,0.26666666666666666,663.0768684155274,1.0
5791.720701133391,4,2,3,13,2,57.19049078299601,1,3.4343070996703746,0.7434986191164329,0.4258404557836583,0.7652437505452622,1,1,44.90052567435211,0,0,0.0,0.06666666666666667,1656.250802866064,1.0
5521.426579133254,9,2,7,7,5,451.8252882031394,1,4.896506570706603,0.6887269488817191,0.9708483486143624,0.549893598896968,1,5,22.60698018970869,1,1,15.79490574024437,0.4,1474.0428986967622,1.0
3885.5924422661597,4,2,1,9,4,165.8209544957296,5,4.0856217912962185,0.7905562387626373,0.5207581613565355,0.4880421344763781,1,2,33.13370969265894,1,5,20.44668793907155,0.4666666666666667,1178.5638048196647,1.0
3304.29966268768,4,1,11,2,3,554.7317843672632,3,4.0890957074249545,0.8049786047345435,0.5864539649221346,0.2520752717504652,1,1,39.70906722389319,1,1,23.085510605389224,0.13333333333333333,1248.2610237552315,-1.0
25134.21347390965,2,4,13,18,1,266.72489035385047,2,4.457522916664767,0.1041707266620383,0.8989217719056122,0.6457414669596041,0,0,0.0,0,0,0.0,0.0,7198.103555764836,1.0
2242.768730827033,9,2,1,7,5,412.7359750684752,2,3.995240130649294,0.8501504977106406,0.5482386644737867,0.24021648179420244,1,2,26.287019902998814,1,5,15.883896724627213,0.4666666666666667,536.8983780549803,1.0
4475.574948563824,8,4,13,2,3,328.716799913073,3,4.723056260596077,0.04509197191137804,0.7440699917359123,0.24499581723875066,1,4,21.447764962272494,1,3,18.107226798684408,0.4666666666666667,1111.9189626613631,1.0
10240.413362476746,10,1,8,9,3,110.55241789403752,4,4.376672696759788,0.7549010792811566,0.5935037133926919,0.6834018155225889,1,3,33.406182709899525,0,0,0.0,0.2,3490.1580382141956,1.0
17567.577144948682,9,3,8,17,1,111.94799622631496,2,3.9338115436542225,0.14252779402940852,0.8798576205947249,0.39333917716335987,1,3,27.261899566152326,0,0,0.0,0.2,6211.812956089325,-1.0
6340.919215251561,9,2,5,12,5,105.5037909549307,1,3.2942000210065943,0.766345725285428,0.4209108169837519,0.5996334378718492,1,2,27.459890467416248,0,0,0.0,0.13333333333333333,1623.5168429619237,1.0
15983.073946780516,5,4,12,5,5,245.89414484303103,5,3.078112357632878,0.4644761457173383,0.8904697086857805,0.6809622301112803,1,4,50.698751825296924,1,5,31.160553436661942,0.6,5846.87173316405,1.0
21867.79884908745,8,2,7,17,1,245.48569177937213,5,4.540171299240966,0.971199567916089,0.9975844351087901,0.2925956375771033,1,5,29.304529895627663,1,2,13.41026007591966,0.4666666666666667,7388.9274440458885,1.0
21369.477197994544,8,3,6,9,1,310.93275685883924,5,4.41745963721291,0.10279602298136903,0.6681430550821045,0.8533876239057794,1,5,25.383635422476704,1,4,17.074833869718955,0.6,4851.599777428588,1.0
4514.501718527664,9,4,14,2,2,518.676395142757,3,3.0351054351166242,0.630516985213998,0.7890900051220766,0.5669572662427325,0,0,0.0,1,1,12.126114636051502,0.06666666666666667,1088.8273527720391,1.0
7281.418750518511,2,4,4,18,3,517.6969578817451,1,3.8422405685830068,0.5342817452283175,0.821987848880666,0.656038300559416,1,5,21.054247131814197,1,4,16.925786235298578,0.6,2533.6845992077074,1.0
17371.69228482147,9,3,7,13,5,553.4297053126513,2,4.420972136579128,0.29451225543776693,0.5250384881297019,0.1097103974534071,1,2,19.417490709523253,1,3,12.680801174457587,0.3333333333333333,4317.178287790758,1.0
1040.8060750059267,4,4,5,1,1,505.76399244993075,3,3.0136398900051056,0.6278717809361053,0.8861776166178075,0.5726144476611863,1,5,32.449776916630945,1,4,27.438087357642353,0.6,444.7523477317881,-1.0
6675.445987029932,2,4,14,6,2,553.7747467345905,1,3.9942616069684256,0.21909482270011538,0.9903841349094243,0.7778119871239711,0,0,0.0,1,3,15.056778566944136,0.2,2160.513094410972,1.0
1705.3641174875509,4,4,1,4,2,225.94664642815005,4,4.500463997448594,0.35884244114579533,0.7310146276650613,0.3244464937382717,1,1,45.34716005411915,1,6,26.278853094510243,0.4666666666666667,526.4768312567613,1.0
4483.794174915286,2,3,12,1,1,94.76563190987703,5,3.5336133506233223,0.5357922618156125,0.8996297748625363,0.3230402101261116,1,1,23.51543951062175,1,1,13.770868819373506,0.13333333333333333,1038.9053100461404,1.0
1492.8788370756813,9,4,1,9,4,206.5339665048731,4,3.8524095445786246,0.25919102110768844,0.8602687367079995,0.40458157596621924,1,5,20.572289862865922,1,3,15.033892261577867,0.5333333333333333,739.7458693516037,-1.0
54316.43690599104,4,4,13,12,4,306.03600292278225,5,4.449729230680756,0.40150890047450893,0.41976117869790747,0.31898868707987094,1,5,34.01219806741559,1,4,25.183804693435537,0.6,12777.93226043639,1.0
24998.406655348994,4,3,7,8,5,146.3751321593665,5,4.2111785471435805,0.9846654944557015,0.5732892437787207,0.7289143854954119,1,4,31.52602892699085,1,5,21.415821054344356,0.6,7244.212911372426,1.0
9503.539697137447,1,3,4,7,4,308.3200691372248,4,3.209868437028809,0.02723710258421408,0.5754280676291583,0.41661666573363065,1,1,49.825083852605765,1,6,27.461966942850964,0.4666666666666667,3611.461921273168,-1.0
14608.827490803229,1,4,9,9,3,243.09119811386165,2,3.360044613728169,0.19925237327458,0.9549548288284102,0.29136003293546453,1,3,39.93986907961215,1,5,26.97944041978115,0.5333333333333333,4622.702990434294,1.0
2232.6959612650817,2,2,1,12,4,321.93771045594355,1,4.971149259808692,0.7077603058254037,0.6693588672601067,0.10969221608768187,1,5,28.23108411079252,1,1,12.466361620268932,0.4,802.016336328838,-1.0
5127.174543629464,5,2,4,6,3,436.775528275825,4,4.116285456881311,0.590686146382252,0.7233952054551765,0.6656394439383907,1,1,38.14970810290182,1,1,26.64843405856697,0.13333333333333333,2219.2155624289594,-1.0
1520.220932952548,5,2,2,2,5,277.7153580654484,3,3.478554925766212,0.8302963112692476,0.8567516515559399,0.3694320926730885,1,5,36.01201014729494,1,7,30.35411656067392,0.8,548.2247160455037,-1.0
30954.49812808806,4,3,11,10,5,405.7303420033102,4,4.137600697767516,0.09703577850992506,0.7570058665110406,0.8989231348871022,1,1,41.01795909334513,1,4,19.08385128848973,0.3333333333333333,11743.525940123038,1.0
2725.2210809703256,3,3,7,1,4,461.9805867146244,4,4.362257902648606,0.876017669650776,0.43088541044028195,0.3408157408216972,1,3,29.2459669114454,1,7,20.257812438995348,0.6666666666666666,873.125625462977,-1.0
22009.221805594803,6,1,13,12,4,437.12802091678896,3,4.549720537393304,0.8544204093813946,0.6522573736842708,0.6342468575244256,0,0,0.0,1,6,19.522241479877476,0.4,8401.311846859575,-1.0
19409.124102911694,8,4,8,17,4,126.66514555169289,4,3.5563478397506474,0.18082533115237387,0.41314064555582075,0.2787527597514796,1,1,30.06986228966892,1,6,14.459478210945317,0.4666666666666667,6544.73780912967,-1.0
3502.095512497042,8,1,1,12,3,378.42341686958497,5,4.516366220540334,0.8231128908522648,0.6047737500159802,0.7117015128222358,1,1,28.67138693469096,1,4,16.894737451722158,0.3333333333333333,910.5291857604348,1.0
16663.192898306403,11,4,11,17,4,410.11939067843775,3,3.8522228727202714,0.18670198455830744,0.7080032242158449,0.1270124617763722,1,1,27.253809222252656,1,5,14.375591697466017,0.4,8354.448981262793,-1.0
11670.357020880965,7,3,9,9,4,168.49419291148402,2,3.4773582137487624,0.4473250411116366,0.9702562897780824,0.268630107163507,0,0,0.0,1,4,15.086409981410712,0.26666666666666666,3465.669603856585,1.0
11220.00092908908,5,3,13,3,3,264.72007248216016,1,3.8782016114986217,0.7312903860658883,0.9564767681460561,0.7000272783575231,1,5,52.92285681837116,0,0,0.0,0.3333333333333333,2627.05715903318,1.0
12919.724131513643,1,3,3,10,2,546.5130582357427,3,4.950326759829537,0.2133701571552944,0.5014319981004404,0.3898812949675743,1,5,41.56945032511443,0,0,0.0,0.3333333333333333,3425.3382714462896,1.0
27346.077979704045,5,3,6,13,2,474.36359376649347,5,3.7397470772273556,0.07975704172102849,0.4828932339715208,0.3979033507128886,1,1,51.368818861943616,1,6,27.860473717677944,0.4666666666666667,11780.864287921162,-1.0
21485.3856677772,2,2,10,14,5,592.014962814381,2,4.318877122232207,0.9619105848602607,0.6531583784390678,0.7119513917375307,0,0,0.0,1,6,17.177247131053427,0.4,5114.386821782216,1.0
2732.4883971962604,9,4,1,13,2,119.83358221616298,2,4.2847196474335565,0.8869877578719892,0.5202096183091617,0.2968628839617734,1,4,27.397405083826374,1,7,14.835212608600463,0.7333333333333333,1076.5695666522752,-1.0
1773.0163557765286,5,4,11,1,5,216.14009543404333,1,4.893312061771689,0.8879838539831117,0.8615454275052737,0.32096770613216724,1,4,48.306039189365116,1,4,26.626817220361556,0.5333333333333333,584.103418343079,1.0
3359.6833050747878,10,1,9,2,5,310.73471828497924,3,4.813892006297328,0.5663818006102074,0.8798717148760637,0.8845941801801581,1,5,28.12493664752968,1,5,17.793168090063702,0.6666666666666666,861.6869170054633,1.0
5558.12493586513,10,1,7,11,1,578.959028493702,1,3.838062834168255,0.48598849456590587,0.8815012203192641,0.3369722093213644,0,0,0.0,1,6,16.471904232748372,0.4,2267.015922186221,-1.0
17588.39476390459,4,2,5,17,1,441.84792059158764,5,3.3230478445985225,0.3841765552044174,0.7510733950342926,0.680160317276603,1,2,32.77455164369992,1,2,19.99876343721692,0.26666666666666666,7646.007826954969,-1.0
3860.383534636635,2,1,9,4,1,194.51398929682722,4,4.831913190931356,0.5859372296875067,0.5260706117394152,0.32727204825504574,1,1,22.16615515648806,1,4,14.663251562637205,0.3333333333333333,1573.955698463065,-1.0
5312.832009321735,5,2,2,7,5,94.28399396219325,3,3.6078473672265328,0.8603533475036956,0.5191241216967364,0.1027747673947963,1,4,42.77319458243467,0,0,0.0,0.26666666666666666,1308.41162247518,1.0
5212.264516874934,10,1,10,4,3,340.00769821852634,4,3.4874233925623717,0.6240584427773487,0.6681364960339458,0.8284128079456051,1,5,33.77209133944581,1,1,20.360250969513306,0.4,2045.0683051244744,-1.0
42001.31677439329,4,3,10,16,5,521.6181564730543,2,3.6261359786251335,0.033844370833002846,0.8863558965262057,0.20312404310530996,1,1,44.044029177401505,1,1,23.10301124350021,0.13333333333333333,11393.722313669363,1.0
17595.497791642003,5,4,8,12,2,555.0322762570545,2,4.7966440393827385,0.31740532915896913,0.9775437316967158,0.7499161933968376,1,1,39.629076267913604,0,0,0.0,0.06666666666666667,5333.539290465444,1.0
33690.967691544094,9,4,13,15,4,293.14239039139375,5,4.679881634293827,0.08734041411394433,0.6501652097626356,0.40056061953766686,1,3,21.289500099443337,0,0,0.0,0.2,9615.486771050348,1.0
42747.70429433657,3,4,13,18,3,506.57885077892684,3,4.179764901834062,0.703942941806841,0.44694393546056577,0.5450459764917432,1,4,37.1584602623708,1,5,20.432728059423862,0.6,13174.508984238895,1.0
53181.13899342994,8,3,14,19,5,317.6677393548621,3,4.9278315811716595,0.6242632353761045,0.5038891367117765,0.1934130878562681,1,2,30.16386070778771,1,5,17.958088606307083,0.4666666666666667,16011.24578838814,-1.0
32646.763565246656,3,4,6,19,1,158.56211803537843,5,4.55845330216451,0.6410862839596584,0.6044436134266078,0.1379953797458578,1,4,41.406402807853645,1,1,24.11964962256656,0.3333333333333333,8868.632462462461,1.0
9742.702089671944,9,4,7,16,5,557.2776838132679,2,3.871330041403265,0.17788996685296066,0.4476417730616078,0.41163801111915044,1,1,25.609209813443083,0,0,0.0,0.06666666666666667,3399.2374944846138,-1.0
57517.394743410376,1,1,14,15,1,386.1899785325166,4,3.2519335526093727,0.8358430248681552,0.7947181033629819,0.15161792887811584,1,5,43.045744101752064,1,5,23.071044942005997,0.6666666666666666,14924.647699452493,1.0
10982.997017529598,4,3,7,6,4,569.2830000780496,1,3.106907095609735,0.1968671510108072,0.8234456477185024,0.562062127905575,1,4,40.5545745761854,1,3,18.622988179063526,0.4666666666666667,2644.5873437196715,1.0
8012.974836368579,4,1,2,15,3,74.61372055648192,5,3.2961756760803205,0.6357393575301872,0.9340855860879326,0.8295748638905805,1,5,43.42419687249061,1,1,23.6153825531764,0.4,2928.571560211577,1.0
31649.098971244162,5,2,13,14,3,388.71384572794614,1,4.8783184651102385,0.043338733302479726,0.7687112078049099,0.6547100220922497,0,0,0.0,0,0,0.0,0.0,8182.335531067928,1.0
1716.0234619521107,7,4,1,5,4,373.06240491734405,5,3.0304449429829816,0.7008024813019439,0.7300838048951901,0.6206377133760637,1,4,23.93772081859952,1,5,13.730267636852746,0.6,498.76556393976296,1.0
2580.00936904541,9,1,14,1,1,333.2573628012046,4,3.8168733537841133,0.5598368028535897,0.6495004301608178,0.8106441218373179,1,5,27.359222993395854,1,2,15.917209910686921,0.4666666666666667,632.865956017291,1.0
13323.18949782146,4,4,4,19,1,120.05681789031806,2,4.474437432873881,0.32528861426542144,0.8207637908049971,0.6170257163275401,0,0,0.0,1,6,25.82845256184686,0.4,4267.803314822564,1.0
5883.883570985291,6,4,4,11,3,69.4162399827383,1,4.292844108231118,0.7618711339537392,0.538669182908867,0.8730354637745169,1,3,34.451514885042116,1,5,25.978073339798783,0.5333333333333333,2212.857945646937,-1.0
3327.1133268187455,2,3,14,1,4,444.32893581721754,4,4.151195497533591,0.5650515862904033,0.7690739737909702,0.5017903789505825,0,0,0.0,1,3,14.358527202666314,0.2,1124.3514816347024,1.0
7839.993547197725,10,1,13,6,5,573.1253755429825,4,3.8728688829894944,0.6699958735292785,0.4246526697804551,0.4115613304194803,1,5,28.43536020949191,1,1,19.13368927236089,0.4,3838.042674007573,-1.0
9517.339671061003,11,2,3,16,5,108.67953880209926,5,3.1859466268916004,0.9087189280149103,0.5639787200373858,0.5948973483264445,0,0,0.0,1,5,20.721816645856656,0.3333333333333333,3487.1542967415476,-1.0
3240.2059952138725,1,1,2,13,3,151.76252734326755,1,4.426838121801343,0.07455188487023212,0.689734873596566,0.4872424953217658,1,1,34.06429982136843,1,5,22.383772247615713,0.4,1435.3797765675483,-1.0
12521.146679629155,11,4,13,4,3,531.551329855987,5,3.0712653764794595,0.9746858584883918,0.40859951157185714,0.8685430703664468,1,5,25.3261720802749,1,7,18.077677534992386,0.8,3331.9061855056743,1.0
18277.12604823897,1,3,5,16,4,521.065347432984,3,3.823322210339973,0.8903295253423688,0.4055523521301781,0.8810158440263618,1,3,34.17491737029253,1,3,24.106717085119918,0.4,8258.658466757197,-1.0
1456.339932206852,5,3,5,2,1,57.968774327295776,1,3.1623891816406484,0.88973897623042,0.7469839896686374,0.8604995754162533,0,0,0.0,1,1,24.62560978621132,0.06666666666666667,673.9293829852094,-1.0
4868.153975619911,11,3,2,9,5,365.76715157571203,5,3.1015672784735027,0.6093957634322407,0.7684092489367511,0.4997338334251529,1,2,29.087234910935873,0,0,0.0,0.13333333333333333,1871.0554043046277,-1.0
18623.269985707448,8,3,8,9,1,597.8633436061018,4,3.8554510307086387,0.5660864010680784,0.8215605800738577,0.5909419013415164,1,1,29.840414029465308,1,7,14.015173441021918,0.5333333333333333,5411.033923021497,1.0
5520.062171279849,2,3,3,10,3,249.31639860759617,4,4.403006915374981,0.09037353797248393,0.44855164730540764,0.20905935746715454,1,1,28.98811292058135,1,4,12.4264737680449,0.3333333333333333,2354.7781745959373,-1.0
8198.313057493755,2,1,5,15,3,236.39951180604757,5,3.445732619784881,0.9601754387183332,0.8121765729921068,0.8792991090768848,1,4,22.89901429796421,1,3,15.894666268574733,0.4666666666666667,4009.055997112891,-1.0
4264.135803003036,7,1,6,8,2,596.0995056286624,2,4.881870952250629,0.7133675535640704,0.8777811378539687,0.8236728126825347,1,5,25.8013781132833,1,7,15.572477595317784,0.8,1725.2461541884554,1.0
3138.9507948274913,9,1,11,4,2,469.9033720935251,1,3.495088574036092,0.8824212084869503,0.6165099557676154,0.5964421268759049,1,4,28.837356962651718,1,2,14.150793381410802,0.4,1117.3031188762345,-1.0
24268.05828273216,1,3,8,11,2,482.2055781396455,4,4.544644090452731,0.45645340319572836,0.46449959259534546,0.3186099636444658,1,3,36.902309311694296,0,0,0.0,0.2,10238.76112022377,-1.0
51579.88041992404,1,1,14,14,3,372.90684528467057,3,4.221568539609075,0.611336346952953,0.8418637852679614,0.36656338570068725,1,5,40.4742322609218,1,6,27.256803471159056,0.7333333333333333,12122.938829257437,1.0
19546.487105226606,1,1,9,9,4,295.9363262244672,4,3.780956881052213,0.3507167174921658,0.6589572463586018,0.6944609078261408,1,3,45.837134783030066,0,0,0.0,0.2,5619.7131358377965,1.0
13594.689323975655,4,4,6,16,5,570.761385196331,4,4.7712436469178945,0.7128055923916904,0.7317040052584317,0.703630380920883,0,0,0.0,0,0,0.0,0.0,6473.537340742333,-1.0
16713.12155369325,11,1,8,11,4,348.2595764562518,5,3.5576402724933933,0.3217969085876088,0.6012771484846935,0.6589885641202404,1,3,25.831497369399614,1,4,19.259593535078658,0.4666666666666667,5050.269559444572,1.0
3336.1023148106183,8,2,3,11,4,588.6149985795729,2,4.5591623335492155,0.551466684712365,0.5089846084404793,0.44460547868879075,1,1,29.846877623759106,1,2,13.70720729059128,0.2,1364.2461286689327,-1.0
1673.259540609408,10,1,1,8,4,478.82640095106785,1,3.612878381846555,0.382722160427296,0.6960753962331643,0.11312514298155901,0,0,0.0,1,4,18.803481944384952,0.26666666666666666,435.58720576402607,1.0
1547.51299369018,5,3,1,3,1,531.2015082901337,4,4.384229993172617,0.3984702448588554,0.4168859686275488,0.17530520018936846,1,3,46.60832816588291,0,0,0.0,0.2,627.3122535437025,-1.0
14264.392770685716,1,3,8,11,2,499.1119653565808,1,3.99743427241601,0.7973290857389358,0.43674526393089613,0.8111186370013049,1,5,49.55092601977792,1,3,25.56661302894498,0.5333333333333333,5889.207368172392,-1.0
9376.928114084592,9,3,3,15,1,444.65072255858354,5,4.327800184232582,0.43475172623998914,0.43580431620226434,0.47774688530757403,1,4,26.320530718319926,0,0,0.0,0.26666666666666666,3879.428676853452,-1.0
23544.024324621285,5,2,5,16,5,185.89833664176635,3,4.483764336646338,0.6829377976993461,0.9099468610552828,0.2725787923724876,1,3,49.81030166835181,0,0,0.0,0.2,6281.45247758016,1.0
11633.282914871696,1,2,7,6,3,471.16071801887006,5,3.558662037060681,0.6747630413914187,0.8671250890516705,0.7991656981978759,0,0,0.0,1,7,27.588635987734293,0.4666666666666667,4214.145564507082,1.0
20761.104786940956,2,4,8,11,5,137.92776038041478,5,4.081863161365277,0.9543858319312717,0.8644861718449381,0.19247348831303093,1,5,29.750962392097193,0,0,0.0,0.3333333333333333,4904.088744211724,1.0
1725.1299270316579,9,2,1,9,3,248.92283676788946,3,4.174222254116066,0.5295318839442055,0.4701929414094328,0.2747647419482607,1,3,27.99484557199197,1,7,16.161440985702953,0.6666666666666666,840.6668651981021,-1.0
11059.846631542252,10,4,4,17,4,84.9734233561826,5,4.156324401198927,0.5434296812585927,0.6032031549324983,0.6651645482532645,1,5,24.10778246382299,1,6,17.11288581830281,0.7333333333333333,4844.527803136908,-1.0
3516.8134719586374,11,2,7,4,5,367.9506664362738,2,4.109492607663851,0.1694882749200567,0.4005951186817763,0.7953600704518456,1,1,32.10690158799326,1,2,17.15448593114482,0.2,1193.543926229792,1.0
8505.29252482128,5,1,9,3,4,517.3799343071267,4,4.973579891140166,0.6971445504103851,0.8506322747281203,0.8862420317640152,0,0,0.0,1,7,22.39178650872273,0.4666666666666667,2106.518726053776,1.0
19084.543780092048,1,4,9,10,5,345.55855335253915,3,4.013876557514882,0.2775187905478407,0.7750567351368318,0.8694332030489745,1,5,33.78132355883334,1,2,29.081620843345213,0.4666666666666667,6061.001145098836,1.0
29331.407744195316,4,2,12,19,1,230.69431412791326,2,3.94452792800743,0.40783930667511004,0.6120169429245543,0.4384135619510505,1,4,45.536731357165415,1,1,20.372229394206478,0.3333333333333333,12227.161635573679,-1.0
22258.60753510807,1,4,12,12,3,298.53537150801264,4,3.191721279696656,0.09178543098187342,0.8664050734266127,0.46141529391654845,1,1,48.66681150965418,1,5,25.47664865067901,0.4,10929.78452987057,-1.0
15875.885592510329,5,4,7,7,3,310.10606427397863,5,4.784316266379628,0.4435201843907496,0.75858600799803,0.1256756097543411,1,2,38.82993452848531,1,7,26.4595960900554,0.6,4900.284842550038,-1.0
2212.4159341696163,1,1,9,1,1,456.67708916887887,4,4.267876720390249,0.2868544338938106,0.46226077969877244,0.24291354473476218,1,1,36.576463301903914,1,5,22.097368507917963,0.4,706.4329631779544,-1.0
23186.88579388366,1,2,10,19,3,517.1763733721257,2,3.8266845282976307,0.5582596312485993,0.8283345778444196,0.12411305417802243,1,2,46.858812078912806,0,0,0.0,0.13333333333333333,10703.184948566714,-1.0
10122.358507612653,7,4,7,11,2,142.92637260572522,3,3.6312762544013077,0.03710851153829664,0.790929869772087,0.8907897160270729,1,3,19.128406760351893,1,5,14.143548928486148,0.5333333333333333,2902.1584814889197,1.0
4732.53212474563,11,4,2,10,1,432.41812268126307,4,3.9721242486459003,0.5998486332100811,0.9607413680262732,0.2912910074878531,0,0,0.0,1,6,19.27465067111418,0.4,1378.3401229904919,1.0
861.0538007029066,11,1,2,2,5,476.56248129518747,2,3.4822740354200077,0.8866906933167867,0.7827410374295916,0.8626106693766948,1,3,26.529011112274983,0,0,0.0,0.2,246.9989965681365,1.0
33938.40257868311,3,1,7,18,1,145.59081891987665,4,4.527715516228277,0.5919376787062978,0.7292643393596578,0.47261193864041307,1,5,34.00875155803193,1,4,22.63522357605342,0.6,8089.960810699886,1.0
20117.262176830747,6,2,9,13,5,285.23473310629527,2,4.658920187962444,0.8988857538621452,0.44088055826589023,0.34166303941879744,1,4,38.70944784232011,1,1,24.628378078850407,0.3333333333333333,6399.929015883697,-1.0
3485.826694343038,10,2,8,3,2,368.74558541748706,3,3.262892033296425,0.7974489200763102,0.4714889160835564,0.42640818519802937,1,4,27.71227808352918,1,3,19.768101585063174,0.4666666666666667,1306.5035746104265,-1.0
17957.076103022056,11,2,10,15,1,186.09399043988662,4,3.950509805216057,0.2148809720927891,0.5705263521514381,0.14966278722562887,1,5,32.03787500245915,1,3,19.332477540341326,0.5333333333333333,8959.04908707979,-1.0
11370.624723303843,8,2,6,13,5,500.042340569497,4,3.8095908117234765,0.5386724999816228,0.906165897482465,0.14832959335559537,1,5,30.59821601571765,1,5,15.032148098504365,0.6666666666666666,4565.051333372104,-1.0
6567.930744276078,7,4,10,5,5,104.13642794413714,3,4.592799977541292,0.2523724765214709,0.4351248531700468,0.4209833447844846,1,2,26.437963156803423,0,0,0.0,0.13333333333333333,1735.532423705551,1.0
10933.608809715088,4,1,5,16,5,470.2009325143984,1,3.424394511032806,0.6213551549925544,0.6516501573381355,0.5033394963503198,1,4,35.398274196861,1,2,25.380141675338223,0.4,3415.763391718664,1.0
2721.813754156162,9,2,3,9,4,484.92724471491846,3,4.93635280805896,0.8547201364105933,0.5235035721971657,0.7191936564537164,0,0,0.0,0,0,0.0,0.0,1137.2900388436378,-1.0
5378.177212449493,3,1,11,4,2,183.52888017814374,1,4.427416204548648,0.662523910383704,0.40377132752115474,0.21371465070431156,1,1,39.15873144282076,1,1,17.591263264194122,0.13333333333333333,1422.7771563671674,1.0
4494.359539710828,8,4,5,7,5,539.5457432507169,3,3.0092006057853036,0.296381523494719,0.7741981886711953,0.19621249759103965,0,0,0.0,1,5,15.488327768889283,0.3333333333333333,1549.9900831719756,-1.0
40602.691608055575,1,2,8,18,2,428.7790330121421,3,3.716851484760298,0.905548281603916,0.7403038601111209,0.2735981968482535,0,0,0.0,1,3,24.07394129021301,0.2,9938.534533410562,1.0
24863.46168229505,2,1,13,15,5,117.10543061791824,3,3.284292740913034,0.6739198740845365,0.6347220650286551,0.41983019803379873,1,1,25.74115717951073,1,4,12.385833766512677,0.3333333333333333,6950.99820426179,1.0
5927.815280483258,11,4,5,12,3,367.4144364742732,1,3.436764260512648,0.647536668271193,0.9538193024780034,0.1039522440039658,1,5,23.3387513549602,1,7,15.428633888796266,0.8,2315.672460523448,-1.0
14995.518984291331,11,1,8,18,3,299.9549287628082,2,3.3375076155335464,0.8379535544990658,0.9258270580406031,0.5324636885709377,1,3,24.229358074054968,0,0,0.0,0.2,4879.952922763302,1.0
14536.062971207873,1,4,9,6,3,429.51601238200254,5,4.36305946224911,0.21120249134904945,0.8774190454871195,0.4833345693985067,1,5,46.25110405025404,1,5,20.084245263828542,0.6666666666666666,5030.722945066388,1.0
2956.06165588305,8,4,3,5,4,251.6963795705363,3,3.5053484239151538,0.13408314219804696,0.5158433642780388,0.8767893215228856,1,4,29.189026544408527,1,3,13.595956911972776,0.4666666666666667,806.0511826578203,1.0
12619.000483671181,7,4,14,11,2,365.89528866713283,1,3.0976658672594573,0.31961782258475613,0.6370201793660516,0.2984482156103716,0,0,0.0,1,5,13.10285085436796,0.3333333333333333,3446.5327992039365,1.0
22021.930077886886,4,4,11,12,5,237.1575569041183,1,4.888925015021082,0.3934707441633918,0.824825402203313,0.15594829151241188,1,4,38.90170005469834,0,0,0.0,0.26666666666666666,5153.9739753792755,1.0
21847.49899741353,8,4,9,15,2,269.90869870345733,5,4.556953658232474,0.8311879560164448,0.5877297475575597,0.6452852721346474,1,2,25.307366366229665,1,4,15.530893893182908,0.4,7363.935401581003,1.0
47279.47624631292,5,2,11,15,1,416.7507075627167,3,3.132479004176707,0.4574669923029103,0.8426324417009137,0.22616611576956105,1,5,39.88209234580301,1,2,25.38191186890882,0.4666666666666667,12689.317805330104,1.0
4422.825609406934,9,4,2,19,2,250.94059267932508,5,4.869131149414278,0.28930431710405324,0.835699851819496,0.684688658435656,1,2,27.160272371678555,0,0,0.0,0.13333333333333333,2112.3449243785226,-1.0
10653.78742109986,11,3,12,8,1,122.11447972678471,2,3.4946763141027892,0.7981759384617949,0.4795264630750455,0.8953325058348272,1,2,24.20732601164025,1,5,17.792425618981298,0.4666666666666667,5280.655724105671,-1.0
1411.0762032762475,10,4,9,1,2,152.6418203617547,1,4.5113225038358875,0.2974012926509706,0.9598993449829055,0.8690408555165855,1,3,28.128365838146212,1,4,20.441118792486684,0.4666666666666667,329.0380849393188,1.0
28241.47933021019,5,4,12,11,1,148.3171769090854,5,4.957354633639182,0.8472888121203486,0.9472380964502581,0.21372353492425378,1,5,41.33047356051177,1,5,21.817819983627604,0.6666666666666666,12651.666679672513,-1.0
22715.7665636149,4,2,14,9,2,123.10517247074411,2,3.361273101895065,0.7450365341015921,0.47083533985708853,0.29187339878471164,0,0,0.0,1,6,27.318079138807676,0.4,6665.934477787893,1.0
37614.48563459713,6,2,12,17,1,89.99116788952544,1,3.281986796731955,0.6116720776304204,0.534215285999238,0.6113242765202319,1,3,33.459352410938976,1,6,22.81675247274259,0.6,8787.727449774946,1.0
21996.1681683319,3,2,7,12,4,364.00718349020514,3,4.841376882339391,0.4858233671513007,0.7838128612872575,0.10238410462586477,1,2,32.93328218883988,1,2,19.676103875832684,0.26666666666666666,5078.432992677334,1.0
6218.150782026981,11,1,2,18,3,520.1491105130149,3,4.294124414098099,0.05558063448407702,0.8301993148498713,0.17989388233759193,0,0,0.0,0,0,0.0,0.0,1469.7332203826054,1.0
1138.2421852077507,11,1,8,2,4,539.2952184490065,1,3.82029943977728,0.14541615009261488,0.8137583741966399,0.2036657343439382,0,0,0.0,1,4,19.80752761797936,0.26666666666666666,527.2654806776733,-1.0
1548.2381758468637,9,1,4,2,2,457.00304623497516,2,4.938538488697052,0.9556995589188719,0.6474576940076552,0.756497803426523,1,5,24.260994234123245,1,7,15.762151840626013,0.8,402.90929484059177,1.0
8227.170194363642,11,3,1,16,4,178.26270415762968,5,3.903347456150343,0.9703394127248511,0.7850384245546065,0.22369001173079753,1,3,24.22185264829742,1,5,13.882882168491973,0.5333333333333333,2070.4938844077783,1.0
18797.149960030176,9,4,9,11,5,174.67962466768233,4,4.695970919856492,0.5779111725598561,0.5597339163878294,0.318842512454809,1,2,25.16103206501005,0,0,0.0,0.13333333333333333,4277.963722190988,1.0
811.6527696207528,2,4,3,1,2,347.051381603743,1,4.978176679712212,0.02027137268275836,0.6359436590351165,0.7540884247337949,1,5,30.0197310302512,1,6,13.015655283405463,0.7333333333333333,202.19597640886025,1.0
56559.01653605502,6,2,13,16,1,181.01772905603121,3,4.937144030098397,0.9351167434991574,0.6470914013860484,0.7317661391750775,1,4,37.01540255155525,1,6,26.780278885029098,0.6666666666666666,13917.944227685057,1.0
13014.023469235239,8,2,9,10,5,500.945236491452,2,3.4615678450273504,0.6631287382441872,0.8783884864519751,0.3554973331506094,1,2,30.545352261632246,1,2,13.363009063837866,0.26666666666666666,3286.322442834916,1.0
12485.443274652735,3,4,7,13,1,319.4375421593732,3,3.8312831332956607,0.07198193705642875,0.6536820834692911,0.7325018715064617,1,3,40.123074489230106,1,2,17.864594168058886,0.3333333333333333,5211.2350432455005,-1.0
16607.04639439451,8,2,14,7,3,85.41125826077445,3,4.348480561328675,0.1334064812782133,0.5954907274634099,0.1516382440191066,1,1,30.063377695647667,1,1,17.54336981401574,0.13333333333333333,4105.479063745253,1.0
19595.183484407502,2,1,7,18,5,80.92370370330626,3,3.007556370406954,0.9768293218758518,0.8373120219242596,0.36279913575826217,1,2,23.071379519730932,1,2,15.66433592338741,0.26666666666666666,4651.460673007016,1.0
27400.886176414613,8,1,13,16,1,258.9862084521245,4,3.1405688412811026,0.8696291927489054,0.673739889140505,0.47036127971091835,1,5,24.38826617813764,1,5,12.819805134402598,0.6666666666666666,9098.73171998677,1.0
16123.382399342221,6,2,7,10,4,488.9233438443781,3,4.857083526854764,0.2864648171450218,0.5673019679264177,0.4523869210717425,1,1,40.71650578981793,1,4,19.23261855202518,0.3333333333333333,4661.879684481181,1.0
44516.10492248718,6,4,13,15,2,599.4073796548331,3,4.633801189369767,0.476770520606426,0.8703631812174588,0.8441349717181424,1,4,43.30973906433974,1,6,27.505212889406465,0.6666666666666666,12240.354822090225,1.0
8138.769919218956,2,1,13,6,3,539.5999804364499,1,3.997825746579152,0.21145950938688673,0.5038820747642996,0.5067332410860135,1,2,27.8725856235696,1,2,17.616027543370695,0.26666666666666666,1925.5503415329913,1.0
5146.797392817114,9,3,5,4,2,373.45634437473643,4,4.986529936290544,0.7092868733480133,0.9566924810502596,0.7867282031063633,1,3,20.315994023436918,1,7,14.60496164749204,0.6666666666666666,1580.2849996767443,1.0
15930.595830975808,6,2,6,15,1,572.4137956430774,4,4.787041509178082,0.43395492024951776,0.7439970955666981,0.8740153502441926,1,1,31.879317011943673,1,2,21.933609911927515,0.2,6910.268687089907,-1.0
1321.1532931061442,3,4,10,1,2,271.6002889989089,2,4.9747204090706685,0.8535658372113794,0.6327798000302945,0.8311332631168264,1,2,32.86073814430131,1,3,19.462499064707508,0.3333333333333333,515.852432129152,-1.0
10535.692450081257,8,3,5,12,2,410.31431157663707,3,4.8287270404895235,0.25376261234499475,0.6410916442505965,0.6146419827953464,1,2,30.02127682378093,0,0,0.0,0.13333333333333333,3733.9978362926977,-1.0
21659.37945587607,2,1,14,15,1,599.8759626830408,5,4.102933757474539,0.4143135078056419,0.4886063427031454,0.3426597122244788,1,4,26.732136705189443,0,0,0.0,0.26666666666666666,10164.666706886088,-1.0
5835.601469527,6,2,9,4,2,522.9682304830372,3,3.5523676288130073,0.8693493438130818,0.4870303844808558,0.4963681065378882,1,3,34.929065486078926,0,0,0.0,0.2,2402.1867508966925,-1.0
15812.799249361691,8,3,3,16,5,162.79665758458634,5,3.4612395385072108,0.8911770791617145,0.5228322438504213,0.8033925340132083,1,4,24.14123517325975,1,4,15.953407859780398,0.5333333333333333,4529.0283528162645,1.0
19397.252642114978,3,4,12,7,1,576.6572456781516,5,4.901499212084517,0.36653905440895607,0.9880594618647867,0.5338400592192676,1,5,36.22177201376158,1,5,17.139828882414424,0.6666666666666666,6441.029963047598,1.0
10351.935377597845,5,2,4,19,2,459.2234749900006,2,4.788195055978059,0.18129247201391252,0.6752399962820452,0.5704381746765103,1,1,40.12481194417394,1,1,28.81315876243361,0.13333333333333333,4804.2005554100015,-1.0
47219.693450409955,7,3,12,17,4,391.1578552186805,5,4.158393226815399,0.9099344479417872,0.8799823359300588,0.43438432606099997,1,3,25.013109483294283,1,2,12.045272999555284,0.3333333333333333,14808.243754144612,1.0
16952.451707836794,5,4,14,4,4,73.3418491854577,4,4.115689650078225,0.8260471865372462,0.5103376135150084,0.701252789634758,1,1,36.863912611527226,1,5,25.83589168257813,0.4,4533.713350592693,1.0
3622.4244793653374,4,4,4,5,5,510.3561932766592,3,4.944273915542875,0.09665193958190432,0.707042872421751,0.5481676352302369,0,0,0.0,1,5,27.197222837654476,0.3333333333333333,1394.1602361039957,-1.0
10807.921069517095,5,1,13,3,5,97.14763263610526,5,3.888337561745609,0.9935973657117101,0.6931378306992276,0.5403275545427887,1,3,50.04875430054048,1,6,25.01267901268153,0.6,3406.840883469988,1.0
6759.603676331666,3,3,5,5,1,244.792806816516,5,3.795132017578354,0.07403128740591358,0.617718297938023,0.4264545624287447,1,4,33.614630303325036,1,2,20.14222836203766,0.4,3056.4562718270604,-1.0
3002.601295856604,9,1,5,4,1,501.82968429395055,3,3.5554280650371304,0.3029170681310124,0.534305433138039,0.21599436625580273,0,0,0.0,0,0,0.0,0.0,727.2164678468508,1.0
15126.551147282928,6,1,10,7,4,432.6597992402621,3,3.1602867106670884,0.7086544047393853,0.7020704164012215,0.5578301551554058,1,3,31.749069162378838,1,2,18.766796187401095,0.3333333333333333,3868.5597948196723,1.0
11198.152198061389,6,3,2,14,2,99.2550502090894,3,3.394031759230039,0.3296388243277235,0.7656138243567954,0.39371452744965907,1,3,39.69335486146507,1,3,23.65303975067966,0.4,3094.021605144993,1.0
28558.959549175914,1,2,10,15,3,178.7538554631997,1,4.300712803971722,0.7173445183964586,0.8726051084288686,0.6869674475981056,1,4,40.565418911380114,1,5,21.963839499535094,0.6,7209.826949835452,1.0
39589.96213244105,5,3,10,11,1,536.8912112892539,4,3.852088206928524,0.5341199810253421,0.4744495513693885,0.7469045017945001,0,0,0.0,1,6,23.966936522660266,0.4,13777.181795829652,-1.0
26342.883639656357,10,2,12,9,3,469.1193319005132,5,3.13540786035625,0.03761947755155426,0.8608361708155502,0.40835113374499665,0,0,0.0,0,0,0.0,0.0,6894.780846333415,1.0
8351.310692588766,3,1,6,11,4,125.62475478658325,3,4.9588507916638775,0.43111288781834967,0.4403339409727587,0.4687119757021734,0,0,0.0,1,5,19.192509185617315,0.3333333333333333,3397.815970184697,-1.0
25971.142277822895,11,3,9,14,4,512.0622403102474,3,3.125352536469607,0.19484593196746092,0.8409764109779669,0.2557018328392131,1,2,29.969093468160057,0,0,0.0,0.13333333333333333,8456.012988002738,1.0
4041.1472418876756,10,1,2,18,5,91.4782787465904,1,3.4270369808867285,0.016867181734858683,0.8348210877493634,0.6152757547489485,0,0,0.0,1,4,14.293183357871348,0.26666666666666666,1182.9456104482622,1.0
10844.375192422558,9,4,11,8,4,485.9018077112718,4,4.449150115504775,0.568649636179005,0.6045051130468408,0.6806994747962278,1,1,25.21858553003026,1,4,11.672088524885854,0.3333333333333333,3883.3921773572442,-1.0
30556.3965773913,5,2,8,12,4,380.01507147352146,3,3.9618353518173057,0.5564543785958399,0.9048079982484691,0.26551064436589467,1,1,42.94063595500962,1,2,29.712110755739644,0.2,7214.343302942553,1.0
8267.502387603854,7,3,3,9,4,83.75511139741337,4,3.2731778767528477,0.5258685282282677,0.7113887521139672,0.5600377331551601,1,5,22.48959480220776,0,0,0.0,0.3333333333333333,1912.4566888309857,1.0
2985.409734202244,8,2,5,9,1,354.2954211180018,1,3.9977732704862543,0.5056106428274088,0.4319459722383916,0.292049821589933,1,2,25.015926541653716,1,2,13.830451099415335,0.26666666666666666,1394.1291685128313,-1.0
13790.28912194992,11,3,10,7,5,75.12165621149427,2,3.616602207736417,0.573297370086664,0.6457368161760663,0.3258168537992804,1,1,26.501159614932448,0,0,0.0,0.06666666666666667,3706.7291823085047,1.0
4594.151492829044,5,3,6,3,1,54.248827689353305,1,4.502977114741912,0.9604315793155815,0.6586509554451394,0.3923128098668264,1,5,46.93659578781152,0,0,0.0,0.3333333333333333,1296.9907544568368,1.0
7690.212304775593,9,2,6,9,4,572.5570655533462,3,3.4204024289050405,0.8753051567568016,0.6927766270249225,0.2799851324590497,0,0,0.0,1,5,17.2790638213752,0.3333333333333333,2377.2459778876764,1.0
46483.139290681596,1,2,13,15,1,501.1508616503606,4,4.976495464791818,0.6051447854452936,0.906646689365598,0.15825237566273778,1,1,35.64093503945923,0,0,0.0,0.06666666666666667,15520.573094837939,-1.0
17818.311954630444,4,1,11,6,4,164.05788923998793,5,4.7190907775685575,0.474296502490115,0.43583397338316654,0.1886271292764229,1,1,44.32507026613047,0,0,0.0,0.06666666666666667,4681.3296669249985,1.0
4583.150035754311,4,2,12,2,4,555.1805828787025,2,3.86208683042367,0.6136608074093272,0.6701791757462481,0.35750372070889647,0,0,0.0,1,6,18.652728363399337,0.4,1365.287772612059,1.0
13535.144190067916,3,4,4,18,4,99.07166615350195,3,3.383968535121297,0.37798925056923505,0.6355012073621308,0.7992808504132528,1,3,35.80659133580465,1,5,22.640612681671772,0.5333333333333333,4685.9033382040825,1.0
634.0304512500558,8,1,3,1,5,461.0287657499077,2,3.099436584975938,0.6549035322851401,0.4464976129970453,0.1464237016754246,1,1,22.681937109279065,1,5,18.482630981316557,0.4,196.26012260372212,-1.0
2744.583952594207,11,2,1,15,3,331.7226815961464,2,3.541590592694827,0.16054008660175978,0.5867433212005322,0.5069466621501835,0,0,0.0,0,0,0.0,0.0,641.5432827930392,1.0
9125.805775144752,5,3,1,19,3,493.23797528729455,1,4.499925443440054,0.6510789757492527,0.8393227267716099,0.17037262481044618,1,2,48.864238657425155,1,3,27.00323067089952,0.3333333333333333,2108.5919201098404,1.0
4472.021278833051,10,2,4,5,4,407.21945275824993,3,3.157414002737033,0.17536780254037732,0.5552981860415683,0.6989950813315866,0,0,0.0,1,3,20.696999870996976,0.2,1089.5154682003456,1.0
16663.65101643872,1,1,12,8,5,300.0817907090603,2,3.672895173985982,0.00020139813431041542,0.9346174111667513,0.722165288122236,1,5,46.2358379540587,1,1,26.21705107007483,0.4,4885.849303443094,1.0
10656.65391241897,9,4,7,14,5,75.59702176073569,3,3.640870433262624,0.5591079205878501,0.5675180146939478,0.23290019036355628,1,3,27.92099634751467,1,5,17.14118438835671,0.5333333333333333,4034.699135922933,-1.0
7442.410356905052,9,3,8,4,5,572.3829057194035,2,3.394596149076866,0.04816954313643107,0.8690067527808649,0.5334999179656811,1,3,19.962487316721745,1,6,14.679226006041315,0.6,1698.0359403384155,1.0
10888.213064092775,10,4,6,14,3,283.7756265914552,3,4.141681670644249,0.5927796939767489,0.8651267903405028,0.5922491257819514,1,2,25.722998690844538,0,0,0.0,0.13333333333333333,3757.1650178751456,1.0
12675.347698847214,9,2,3,18,2,338.93102274751345,4,3.4857293010625323,0.1662594283013965,0.7556624318458134,0.7090479323619034,1,3,24.015366193793184,1,1,13.506696164343678,0.26666666666666666,2878.331040719266,1.0
28302.51267843986,5,1,9,14,5,574.1952717223108,3,3.173672840880023,0.8951380259615161,0.8737817515884417,0.8778723012765464,1,3,43.89773644655615,1,1,26.63440827775194,0.26666666666666666,8106.722835850318,1.0
7686.55310796409,11,4,11,4,2,302.4847428154794,3,4.279147746664162,0.44587734191484274,0.44886452039315977,0.4022472803459469,1,1,34.400656838844206,0,0,0.0,0.06666666666666667,1950.3618963224537,1.0
6659.985935212074,10,1,6,9,2,286.1385055148106,2,4.924743508606763,0.4323007699841961,0.7992335423008106,0.5250483495114362,0,0,0.0,1,3,19.728536564268637,0.2,1894.15612444258,1.0
14135.624437991455,8,4,11,10,4,574.841760160225,3,3.147322144034119,0.5448552571193019,0.7316174132576713,0.7995510281285951,1,2,29.678944455063377,1,7,18.00221608515979,0.6,4669.304163559345,1.0
10669.512872798994,2,2,12,5,5,492.44217698473443,3,4.739901887832838,0.5592028846502348,0.932381263453306,0.43031042389228646,1,2,22.60370921673288,1,6,13.683519557187669,0.5333333333333333,2702.492546787937,1.0
17557.894527310127,5,1,6,19,4,97.19162922431326,1,4.044013984028998,0.7257078171576892,0.5568612258121015,0.847818120638324,1,4,42.02035117482659,1,1,29.311216049850515,0.3333333333333333,5246.187243856581,1.0
13999.764255653621,10,4,10,16,4,198.1020659309134,3,4.00868465981654,0.6692585429895663,0.9389326182762888,0.6219572669681075,1,3,26.934494172950757,1,1,16.498092233862987,0.26666666666666666,7131.212861737619,-1.0
1332.817287532631,2,2,10,1,5,154.50511215718876,5,3.3850328333735136,0.4395581892158208,0.4146916664312144,0.23120842238198894,1,3,28.827816538364683,1,3,14.59606148562585,0.4,645.3401645633849,-1.0
17142.48090582926,8,4,11,14,2,277.70037558659874,2,3.10614077087849,0.7625518094447068,0.580270474030417,0.4277025329919073,1,2,26.91173522770828,1,5,16.815458436736673,0.4666666666666667,5227.968524423589,1.0
13126.715190794315,5,1,14,6,5,112.0359115347292,2,3.429295097540396,0.09419245708313717,0.7191826102386353,0.6974612049192752,1,4,42.560078259113936,1,6,24.70931091429685,0.6666666666666666,4599.191058317065,1.0
6584.960964235502,2,1,7,10,3,100.95000277829331,5,4.066273444090754,0.7499286191925413,0.7421078211923371,0.5759963536919779,0,0,0.0,0,0,0.0,0.0,3273.771428924228,-1.0
9845.96351267573,2,4,7,14,4,182.542074250462,4,4.176359879909056,0.9484606443029328,0.8199325471308923,0.3210823751201335,1,4,22.983118292423843,1,4,16.977694363207803,0.5333333333333333,4912.788215221407,-1.0
39028.074527733086,5,1,13,8,2,539.095835153721,5,3.9114387601305736,0.9486101697909433,0.5075813588449867,0.6400040708658856,1,4,43.62749364785101,1,3,23.589964760831187,0.4666666666666667,8960.32429053375,1.0
20022.08108924299,9,3,10,10,5,514.4602971326162,4,4.514711541410105,0.7932982758544875,0.8172122238884234,0.12568569803381477,1,3,21.155773746563884,1,7,16.416856208430747,0.6666666666666666,7031.574736253785,-1.0
9410.01232392474,2,1,9,9,5,444.44426563204735,4,4.447392794937325,0.9208659530831547,0.5955007375538592,0.18402245182410581,1,3,25.342203707292754,1,1,12.500327677795763,0.26666666666666666,3512.7453065399304,-1.0
3431.035200679028,4,2,1,6,1,438.0938711343383,3,4.1370566353760685,0.025872105892631003,0.5305751875297199,0.4507753082359426,1,3,44.72243865975234,1,7,20.797085943670286,0.6666666666666666,867.7243652023399,1.0
4194.366319642279,11,1,10,7,3,275.5758921467928,1,4.961768921590004,0.6511676780825323,0.8296549028444307,0.2561670931217356,1,3,30.708210042366222,0,0,0.0,0.2,1923.695569676667,-1.0
11356.128721487912,8,3,10,8,1,451.9917297476824,2,4.5215518266771,0.13231701585710054,0.6726946481592728,0.24809266845191377,0,0,0.0,0,0,0.0,0.0,3812.378983273258,-1.0
3989.6812747986446,4,1,7,3,1,588.7054473380317,3,4.803021514268346,0.13536752050300238,0.8979961875174616,0.3169738665679807,1,4,44.75141725820691,1,2,25.92455365662549,0.4,1330.994267128874,1.0
5953.09053931569,9,2,6,8,2,297.4391727813223,2,3.728919695879287,0.15989736029393808,0.642469708927696,0.5442492458296461,0,0,0.0,1,4,11.615730702799889,0.26666666666666666,1659.073743613441,1.0
14059.836729980772,5,2,10,7,2,341.28266973627865,1,4.389842729279723,0.8094632669059946,0.821261547871526,0.2682669618314121,1,2,42.62871405746478,1,3,25.6632644989719,0.3333333333333333,3466.5224051473083,1.0
13521.786313675131,10,2,6,13,5,405.70842234650127,1,4.085489286712577,0.7900090160284455,0.6254321407838318,0.8963575980759878,1,5,33.473389178294056,1,6,15.662241964859193,0.7333333333333333,3118.48168806122,1.0
27049.728541113123,10,3,5,14,2,401.8646911022457,4,4.5352382456531934,0.2227658764169499,0.9814849720299159,0.6088896457623506,1,3,27.04151160466281,1,7,19.866688149458277,0.6666666666666666,6290.148352514699,1.0
7156.671722367019,8,4,2,13,4,128.25339977718386,4,3.732001095501041,0.6526296360752237,0.5833984435554744,0.29070855372277454,1,1,27.124607785584143,1,7,17.507484389465702,0.5333333333333333,1678.8231188259215,1.0
30941.96626229627,8,3,14,15,2,211.38295245358088,3,3.0794583067293817,0.14720022816015577,0.9793281507363673,0.46967745935421557,1,2,27.340237685545947,0,0,0.0,0.13333333333333333,12280.21657324973,-1.0
1448.8723634416067,4,3,1,3,2,310.40209383087296,5,4.2472805395419755,0.7270525595527633,0.8750564513802305,0.45280381319155205,1,3,45.7456560320515,1,4,20.969798662955156,0.4666666666666667,636.9235779490314,-1.0
23988.7065689111,11,4,11,12,3,467.3663579363009,5,4.866547000915474,0.5963337084626196,0.6877846773849241,0.21349326892944448,1,3,31.21878104008399,1,7,13.90310929736265,0.6666666666666666,8222.25939303626,-1.0
8701.157318078216,10,2,5,11,3,124.87392215991444,3,3.882011201862327,0.6188063073304236,0.9397016560789279,0.36427840952573,1,5,27.542440617183715,1,3,14.28522089762711,0.5333333333333333,3022.2065893774243,1.0
8802.657137524495,10,1,3,12,5,216.3009658145368,5,4.512467884372034,0.03589076425771032,0.8276273969239076,0.7593853987294067,1,5,32.247522514398696,0,0,0.0,0.3333333333333333,2354.830581565257,1.0
24006.06957967623,4,3,9,16,5,86.11716153808081,1,3.9842679847946796,0.5179217336414418,0.9273414721875222,0.8158696373650012,1,5,33.251579119167346,0,0,0.0,0.3333333333333333,8064.976603754582,1.0
1589.2381860781534,9,2,4,3,1,342.34523832469444,1,3.4918582087721184,0.8331441773865687,0.7288521208363897,0.7854075612639975,1,2,23.384154004429213,0,0,0.0,0.13333333333333333,402.97970348601586,1.0
6442.777624519146,9,4,6,12,3,360.1472278332252,4,3.3782586736514135,0.9373992755778612,0.4061820390722434,0.43009574004722795,1,2,22.243438376887525,0,0,0.0,0.13333333333333333,3181.509846748147,-1.0
43885.22152462095,1,1,14,16,1,77.09340409090267,5,3.2907738577617724,0.5634320050095457,0.9825524241968755,0.3760263731720501,1,3,43.82244873687824,0,0,0.0,0.2,17327.5148060938,-1.0
13203.004565758596,9,1,13,14,2,157.1595374257526,1,4.980345610836864,0.4218367323682938,0.458241596892962,0.19645521356409212,1,4,27.708599272930527,1,6,14.126498219275058,0.6666666666666666,4418.203678350623,-1.0
11771.18290604834,6,2,6,14,1,121.95178444584998,2,4.6847225491327045,0.4712247512082587,0.9783773259233384,0.6435114549013625,1,2,33.93278394820049,1,7,20.89982376946541,0.6,4942.4141717884895,-1.0
19811.589378040015,9,3,10,8,2,384.0914925052625,3,3.1533984332302394,0.9335880524162132,0.7581998278603993,0.8449193756830558,1,1,25.697749114185005,1,5,13.444446117411553,0.4,4607.047076246206,1.0
13361.447078851506,7,3,14,16,1,307.09078969046334,1,4.676058824720651,0.5440558018647006,0.8429137459230946,0.7325272408054107,1,1,20.36440800170666,1,1,15.321991924238185,0.13333333333333333,6975.403478894354,-1.0
14226.588712625411,2,3,5,15,5,312.6528604684441,3,4.221741883933234,0.3922049108235336,0.7071956501167476,0.7098394563855326,1,1,24.612961106893703,0,0,0.0,0.06666666666666667,4489.817694277371,1.0
2099.8593187110746,2,1,2,6,4,336.6028379460146,5,3.48489757858188,0.6377627200472377,0.4981734957134693,0.32709181385188224,1,4,27.64786544981141,1,1,15.1861916684634,0.3333333333333333,793.4028554742418,-1.0
9649.95131777908,10,4,12,7,5,233.37139271077734,2,4.931567500873121,0.07404796561391391,0.5587026426225156,0.2604628393560011,1,3,26.68024484609119,1,7,19.476749592483788,0.6666666666666666,3308.7953365024614,-1.0
21434.594025279017,6,1,7,12,5,186.45181614092866,5,4.961054336594586,0.29891915928407686,0.404315773604716,0.5125119792158762,0,0,0.0,0,0,0.0,0.0,5873.073246494087,1.0
27217.5366706122,10,2,8,18,5,346.03169653592363,5,4.540641868065356,0.5698610742823985,0.7853330054862677,0.18326341669980659,0,0,0.0,1,6,19.24251642431613,0.4,9665.89500550123,-1.0
27012.90633955269,4,3,11,10,4,308.68678804429015,2,3.545439219716484,0.9001740208993524,0.4532711654164805,0.2155250410428196,1,3,38.65399795735767,1,2,25.361688029172875,0.3333333333333333,8050.4876370173,-1.0
21259.841737030132,11,3,11,14,1,420.93840982850895,1,4.788010829462632,0.05594794659862057,0.7548879316446448,0.39798722600328695,1,1,32.98880965464,1,5,18.22003101216141,0.4,6514.385993227902,1.0
7775.999837419023,4,4,9,7,3,556.0988252312482,2,4.488173072326242,0.03516054474684216,0.6670580121235268,0.46928257341705604,1,3,31.19894650078038,1,1,21.662701202522882,0.26666666666666666,3172.120670364972,-1.0
17421.658980951543,2,2,8,17,2,541.0119524861934,1,3.4842893994785014,0.869569744942646,0.7752389457948714,0.10115777641679946,1,5,24.3237508201174,1,2,17.965031678104697,0.4666666666666667,4186.16444815382,1.0
28477.676172413165,4,4,14,9,3,98.56376132713385,3,4.268794518994169,0.10368029037102922,0.7117642572834078,0.5620170303299545,1,4,39.60323285050406,1,6,26.389032034857554,0.6666666666666666,7777.384553757385,1.0
10496.147296668616,8,1,14,11,5,51.250490782819334,2,3.7430939900063507,0.9812896599200519,0.4631638373238031,0.5498982258969596,0,0,0.0,1,7,13.244915431641115,0.4666666666666667,4593.138726000705,-1.0
13540.923963025072,4,4,11,7,1,502.0463414837079,4,4.936829725391236,0.5921455999888638,0.8319397818308196,0.6211065369248117,0,0,0.0,1,5,24.077347116379627,0.3333333333333333,5418.31319775438,-1.0
16975.01484550232,6,2,9,10,5,68.9397833055872,2,3.0395643521237736,0.1978269896046735,0.686876783344517,0.4563886338030325,1,1,41.336973238711295,1,6,20.681914869841624,0.4666666666666667,4906.844640659102,1.0
6273.52040510189,2,3,1,19,5,495.6040023993862,5,4.758602093178718,0.7403284847553586,0.6770337509000146,0.8874847907153812,1,4,29.5253221804169,1,6,12.447281933630585,0.6666666666666666,2544.648334649152,-1.0
22574.30282638075,1,4,7,16,1,356.272315655494,5,4.365073550738541,0.8445392428593794,0.6815306317876697,0.7632647920880301,1,2,40.82685516911345,1,2,21.232510591839294,0.26666666666666666,9833.014720312445,-1.0
20976.72544442242,10,1,12,10,3,551.1828255636968,4,3.747498883492872,0.44008344453742665,0.9528255937168871,0.8105588567304508,1,5,23.170974747215986,1,7,20.632405450649987,0.8,6136.784746544266,1.0
11116.750326582844,11,1,4,17,3,370.35043286916687,2,4.358908288099839,0.2281537282590791,0.5556235201145177,0.4008979447378189,1,2,23.237089439686297,1,5,14.317397791763259,0.4666666666666667,2694.2114132228894,1.0
11717.300628865203,4,3,1,19,4,320.1790128575368,5,4.126811076507815,0.480703984669963,0.5553839109945397,0.4770039757176844,1,5,42.041519631239964,1,4,21.693157189877724,0.6,3710.107705481008,1.0
5120.707545133523,3,4,1,16,4,449.8314894535719,5,3.3832984512639888,0.6024445664274584,0.5180118415908702,0.2448512080952747,1,3,41.90617873451296,1,1,21.895870206636634,0.26666666666666666,1751.8536236122834,-1.0
3469.7431758400653,1,2,10,2,1,239.5381360021246,2,4.341861585908218,0.06717283689500897,0.43246928068218965,0.5691742176324378,1,3,48.05117931051173,1,2,27.946835246256256,0.3333333333333333,1235.2425059978514,-1.0
2134.9190235422707,11,4,1,10,3,294.8598054488489,5,3.661121638170753,0.7816582193950619,0.5729568058441497,0.36757488070897415,1,2,34.00397067901015,1,5,14.226689380442943,0.4666666666666667,976.7651038653466,-1.0
17872.12625384575,7,2,14,7,1,382.9990213758547,4,3.6375968160881387,0.725271203161024,0.5513512305443212,0.18986978563523246,1,4,23.711754513780033,1,3,12.296484839939293,0.4666666666666667,4443.438363323491,1.0
36049.443541083936,4,1,13,15,3,566.390049705919,5,4.682739070498131,0.19975139753295013,0.8327447649957156,0.45663332082240504,1,1,36.814952608682376,1,1,19.10833536424074,0.13333333333333333,13812.829538617276,-1.0
23240.745836431586,6,4,5,13,3,252.9336152445455,5,3.6401861960911113,0.02165128552553519,0.8498475192671877,0.8604718206019211,1,4,42.4558939523517,1,2,23.894560987837856,0.4,5690.229058816723,1.0
6461.261606949317,3,3,5,3,1,498.0218234622952,5,4.977506834390521,0.9220096204897769,0.8395095819596283,0.49747411309719336,1,1,32.6391916176495,0,0,0.0,0.06666666666666667,1837.955133331361,1.0
32455.355369107667,10,4,12,12,3,452.6501821225011,5,3.158334000950724,0.5824561304695721,0.9492871617218288,0.10775613466749966,1,2,30.41938781317259,1,1,14.23694745965941,0.2,8568.575553279097,1.0
12010.275975451723,9,4,3,15,2,290.8826783817956,5,4.869665148543818,0.8737126849058887,0.7134587878299998,0.8073313401547865,1,4,27.570145375823635,1,4,14.328553211524362,0.5333333333333333,2809.6393222887527,1.0
12293.512249071244,1,4,11,9,2,75.28481296026371,2,4.754968082635067,0.12028859342571152,0.7702103241602261,0.5804903815284146,1,3,42.238162559678635,1,3,29.553493313935885,0.4,5398.265045647956,-1.0
13002.066694900122,9,2,5,11,4,346.19999317707203,5,3.435167427735912,0.7258713861149484,0.44873717693278514,0.46083082358505234,1,1,25.81858771330139,1,1,16.841194133450177,0.13333333333333333,3077.81131122391,1.0
16668.186177004187,11,4,6,17,2,576.1492574126871,5,4.783645575235565,0.752762841135952,0.7799574466710966,0.8421409273489099,1,3,25.163502973445347,0,0,0.0,0.2,6253.779118091336,1.0
24877.04899673328,4,2,4,18,4,320.1756761629792,5,4.052181675567523,0.6758547376271449,0.8361292337911584,0.3853890151136863,1,1,38.41538543694473,1,7,20.278456171816103,0.5333333333333333,6919.425421176526,1.0
22985.957141162457,4,4,12,9,3,349.6336876495541,3,3.9893702976331635,0.4725779348875353,0.7477044654606264,0.27551736845086083,1,3,36.21170362539366,1,4,24.73616159636943,0.4666666666666667,6569.9485117262475,1.0
7445.616136562531,10,3,7,6,4,417.16576784255597,2,4.294070049134175,0.7557674009492923,0.5929298248076272,0.49173845241324954,1,3,30.520424887585317,1,6,16.138348382634867,0.6,2576.576543773135,-1.0
8551.730532996791,2,2,4,9,2,229.42992327806772,5,3.9056556094028507,0.7719760792342106,0.901365223274964,0.7436063021465814,1,2,28.100983632680613,0,0,0.0,0.13333333333333333,2191.995985844702,1.0
7715.320394443898,11,4,10,6,5,102.30158989150115,4,4.469613662015786,0.06400785252931152,0.6392230759437392,0.16893839971758517,1,4,34.24670812226042,1,5,18.19524453683467,0.6,3347.3226288219635,-1.0
8555.792137008433,4,1,14,8,4,379.17828253234353,1,3.7594104452877772,0.1566933338525145,0.6120803158582365,0.22050626102975387,1,1,39.57056465672979,0,0,0.0,0.06666666666666667,3813.227452409722,-1.0
2309.7247053988494,1,1,11,2,5,247.9993451918751,2,3.9402395321329378,0.9634586620379475,0.6114296554638792,0.6922274722102681,1,5,44.44436237107833,1,5,22.834379777337308,0.6666666666666666,1212.3762898073005,-1.0
10351.459879766191,9,2,6,12,4,163.5594347448919,3,3.0747313202772224,0.23706290109768058,0.8675315700233794,0.5847890162120458,1,2,27.134060211082907,1,4,15.399350449177195,0.4,3133.0053924339823,1.0
52352.5883885229,1,3,8,17,5,457.7809399746499,3,4.23146766696429,0.8706235634113132,0.6747410712868827,0.6794356057530632,1,2,45.17941035617314,1,3,27.457870832741484,0.3333333333333333,13482.186286169446,1.0
12202.467945793038,11,1,13,10,3,129.12234382981464,1,3.610737688450735,0.06464641962497297,0.4546403961134626,0.2145657244159498,1,2,24.081304488166804,1,3,17.599104391055683,0.3333333333333333,3477.1954621433642,1.0
76817.31486437428,4,3,13,17,3,442.2346911411451,5,4.339837430941264,0.2596080707181935,0.7819867155337259,0.5305511556869325,1,5,35.28376369321439,1,6,20.010208973311602,0.7333333333333333,27857.743812801382,-1.0
50368.81527239819,1,2,14,12,5,334.10843949986867,4,4.087121179388939,0.06892322134514528,0.46027972690510044,0.5435135826935323,1,1,44.522711589853365,1,1,27.43520638570686,0.13333333333333333,13460.45173917698,1.0
4202.038178332932,11,4,12,2,2,260.17853781963197,3,4.6808225630149565,0.32926387648621336,0.8488400813512117,0.7539604488352918,1,1,32.366862611294515,1,7,17.864630535521652,0.5333333333333333,1151.6437497372983,1.0
25225.996755727134,5,1,11,13,4,277.92035625498136,5,4.303331991375114,0.4837932330545136,0.8183398842641624,0.7827386156073144,0,0,0.0,1,2,27.883851689118483,0.13333333333333333,11811.921351630368,-1.0
6021.570806346802,7,3,4,14,2,488.89465467911083,1,3.3411659105976,0.7727487884998386,0.644101460393664,0.3883453501444034,1,4,21.817862691518545,1,2,11.53704293445958,0.4,2197.574911190081,-1.0
410.1332226610949,11,1,3,1,1,182.53434419781522,2,4.132903499402074,0.9019314590929315,0.9412115796937259,0.8553182403395837,1,1,23.58056317997344,0,0,0.0,0.06666666666666667,148.1016291762246,1.0
16588.58740063215,10,3,6,10,2,312.0654487960931,5,4.412967976284762,0.8540998271078831,0.9676942730733655,0.8326824799534019,1,4,30.045091815558283,1,2,16.467555625018456,0.4,5872.632554740634,1.0
6272.757229326906,4,1,10,3,3,596.2469199690183,4,4.392376358545565,0.9545430347720139,0.6199734578514237,0.23812635691923437,0,0,0.0,0,0,0.0,0.0,1906.8250057103517,-1.0
30759.103283711847,6,3,9,11,5,550.2400740840006,4,3.9730987611823965,0.6283572298285682,0.4665613584413867,0.5861473923610158,1,1,42.56597340781664,1,7,24.11557620395475,0.5333333333333333,10937.129379354541,-1.0
15619.851044219928,2,4,9,19,2,492.39718123498284,1,3.3986649194284273,0.600144038432514,0.742929264909552,0.25819344064092126,1,4,23.823160687601884,0,0,0.0,0.26666666666666666,4540.117739725766,1.0
439.37664800734603,8,1,4,1,3,117.84545429738758,3,3.904525525047217,0.12860035622519184,0.9281033083844539,0.4427162791405269,0,0,0.0,1,1,15.84339514087635,0.06666666666666667,180.51203105766862,-1.0
41582.467884855316,4,3,10,17,4,281.4537240772868,4,3.3287168827311024,0.7993957423348363,0.4375941801583979,0.6979545894133536,1,1,43.32292872238593,1,7,25.591622221134486,0.5333333333333333,18537.446215970278,-1.0
5290.591857052468,6,3,3,8,1,576.9829112679348,3,3.971265590043611,0.23780026138902965,0.6298065253726793,0.32881416226424454,1,2,31.458236504181595,1,1,26.754751243207107,0.2,2408.349155636289,-1.0
10118.880674221558,11,1,3,18,3,523.6411694878511,4,4.164950135108213,0.683042747084586,0.8081635713794817,0.6096275272581677,1,2,27.662771494784725,1,3,18.413456459307323,0.3333333333333333,3003.434802700252,1.0
16123.301969290475,10,4,9,13,2,128.64981418600152,2,4.105733639073756,0.2520569285440468,0.4665349139465027,0.8190073807839798,1,1,27.20974374869872,1,3,16.118361845070552,0.26666666666666666,4296.633007639067,1.0
1372.5788648484258,4,1,3,2,4,489.4398072751079,3,3.6595061845755312,0.5024798726438054,0.5698082818485685,0.4555068880700158,1,4,45.81717911400145,1,3,20.442626551093777,0.4666666666666667,506.43705822022264,-1.0
5220.5242688481185,7,3,2,16,4,497.8833629638332,5,4.205264800709405,0.9981301159238253,0.4604891284392331,0.7569841701354121,0,0,0.0,1,6,12.021551419401113,0.4,2699.2595781691684,-1.0
58583.73298457043,1,3,11,16,5,443.20771953161847,3,4.328361643604722,0.05666730887771987,0.41691129721560627,0.2219296207284046,1,5,34.289685209693,0,0,0.0,0.3333333333333333,17105.596241711595,-1.0
25856.196137866165,11,3,9,16,3,556.27644437349,3,3.1891919639620685,0.08600389773472894,0.9858857434592055,0.6944868106259461,1,2,23.339116260069947,1,5,18.021579449434462,0.4666666666666667,9969.328451514124,1.0
16478.827004059513,10,2,6,15,5,350.4726436276117,4,3.7685611369195104,0.19294899243760621,0.48793720168861887,0.7335171613294466,1,1,31.681111157977927,1,6,17.410764436989556,0.4666666666666667,5476.654929662165,1.0
39786.376064784374,10,4,11,19,4,66.30177074682065,5,3.169527320449127,0.26323100506527664,0.6651354951799904,0.6136425981247117,1,4,23.417119603853834,1,4,19.786978081179875,0.5333333333333333,12818.023754633914,1.0
15492.196409894279,2,3,10,7,3,329.82173960932505,5,4.341726709095229,0.8752616076579979,0.9966865466245737,0.5144035618858027,0,0,0.0,0,0,0.0,0.0,5726.148033240315,1.0
4422.2887634358185,3,2,2,7,2,568.4339268984294,5,3.5237994712001477,0.5039218177414254,0.680003691431187,0.736042085502691,1,5,37.952865926555596,1,7,23.865660599183983,0.8,1789.7130394088379,-1.0
30112.15640578397,5,3,13,5,1,295.6618926194956,5,3.3133437891669617,0.28744559739058506,0.5967517308228699,0.43909979474757166,1,5,49.64009411078212,1,2,30.809053795962498,0.4666666666666667,9572.038252943177,1.0
3793.089308813932,9,1,7,6,3,156.32269848486803,3,4.997806735878903,0.5187662288844505,0.9785208914658134,0.11308937505426081,1,5,26.996982465759356,1,6,11.814848599782623,0.7333333333333333,1673.24868280909,-1.0
8467.494450165854,11,3,5,10,3,285.93079377169613,3,4.788983089749583,0.20602737192094267,0.6497155046048827,0.3492875322393103,1,1,33.0468771004537,0,0,0.0,0.06666666666666667,3403.4210269942687,-1.0
1914.5797494897827,5,3,1,5,5,70.49090446756892,1,3.249209139238896,0.7971820284078925,0.6974515771962129,0.6049681094790251,1,5,44.1754664295341,1,4,21.66724152824999,0.6,719.87768422842,-1.0
4039.2020161751593,6,2,12,1,3,241.90007482573014,4,3.428158842912536,0.11277502847009202,0.8498116946171812,0.2996000049898225,0,0,0.0,1,2,23.644386773699555,0.13333333333333333,950.7241448415189,1.0
7558.041000598939,6,2,2,11,2,535.7580457414995,5,3.7405095678448603,0.19046682349785016,0.8899198591403229,0.5825930571158493,1,5,36.88441346094707,1,3,26.922413752548444,0.5333333333333333,2637.041480693489,1.0
3248.9496353994496,2,2,1,16,5,361.4026920469696,4,4.273345736002767,0.8807650116081029,0.4209481687619305,0.7630333642401567,1,5,26.446755337683626,1,6,13.897899463784546,0.7333333333333333,1670.1835948420385,-1.0
1683.5339065489202,9,1,1,5,2,577.2326462147445,4,3.674154979969674,0.9258905537259499,0.938768540469498,0.7921964565660818,1,5,26.073203467721672,1,5,14.4354428135768,0.6666666666666666,523.2961826801787,1.0
33544.909024673645,6,4,9,12,4,131.2022353189074,5,4.771726052151321,0.6872150411811148,0.928553979452943,0.3690677762837381,1,2,41.292715164984955,1,5,19.861549806677836,0.4666666666666667,8839.908892503427,1.0
11536.195251031642,3,4,13,6,3,433.3189942118369,2,4.579149896464751,0.3088748420893458,0.8593543971491732,0.8558346733628576,1,1,32.168172376608844,1,4,22.25868688365694,0.3333333333333333,3537.6084633470787,1.0
14734.711333235355,6,1,12,10,2,467.20291110945834,2,4.4138582703763705,0.3221944239762873,0.9065903448437941,0.5278624625920918,1,4,42.63851707206528,1,5,26.18003028395672,0.6,5824.749477403136,-1.0
11205.26808200539,7,1,12,14,1,274.7099825848525,2,3.7865473153179785,0.4399603764622122,0.7209759495602985,0.41550967979331255,1,3,23.853479565638793,1,2,11.459609362760796,0.3333333333333333,4471.070330790339,-1.0
6450.42066901313,7,1,3,14,4,530.2186893362726,4,3.462907024647433,0.485634908131234,0.986457021449482,0.7611548114198158,1,2,19.566809828496602,1,4,13.650833244026446,0.4,1883.2870722874372,1.0
25913.520740350785,3,2,11,15,4,95.33626699105547,5,4.328043213439958,0.29599298216572867,0.5878340123298338,0.19965403820369243,1,1,32.28767560238307,1,4,20.62424016566482,0.3333333333333333,13144.968969927766,-1.0
2819.517705187788,9,3,14,1,5,208.62381257202438,5,3.6450589089551184,0.34546177306327874,0.9086765338168099,0.10896089231058817,1,5,27.195842245938756,1,6,14.325461882502324,0.7333333333333333,1199.338261690735,-1.0
12932.634848220723,5,4,4,14,5,510.4763179658028,5,4.782121674505093,0.5931073576836771,0.7231220612604543,0.8987079040064868,1,3,52.31809038819074,1,6,29.771780230387964,0.6,6227.5967720569815,-1.0
879.5516698370183,2,4,5,1,5,148.89196583285886,4,3.751512757013824,0.13224012441065802,0.7645681156199409,0.6821385458462668,1,4,23.645515647881933,1,3,13.385524984422732,0.4666666666666667,302.0108217147525,1.0
7447.136645565396,7,4,3,16,1,453.9039335504766,5,4.47096881165743,0.9034018551257333,0.4327318689277048,0.4648529674135332,1,4,23.132678905923285,1,7,12.503098266495009,0.7333333333333333,2922.0566316701684,-1.0
4872.1722872793025,4,3,1,11,4,372.15225015567285,2,3.8323009121952145,0.3460262840267472,0.43457402901049713,0.8443932975011474,0,0,0.0,1,4,23.704440212193777,0.26666666666666666,1155.4001533606272,1.0
28268.584549304705,4,2,11,16,1,377.5356754331388,1,4.359346710407323,0.01663408380976783,0.9300913458447895,0.5703475761167068,0,0,0.0,1,7,18.824454746150963,0.4666666666666667,7331.885391419586,1.0
20996.835236233983,4,1,8,9,1,593.7356333128296,5,3.9170873290831487,0.7131347533722072,0.534508398557617,0.1878274609564402,1,4,39.72588989948738,1,2,25.47661396966801,0.4,5527.06346665252,1.0
4957.580331678817,6,3,2,13,4,252.48262786145634,1,4.562894757251345,0.014679235067735275,0.7962951557927433,0.10008818544145798,0,0,0.0,1,7,24.905360860955952,0.4666666666666667,2020.4673782773605,-1.0
15065.49724488414,8,1,9,16,2,504.00348664615814,5,3.314646123575296,0.6278142966875447,0.7553201080051084,0.12156380783850498,0,0,0.0,0,0,0.0,0.0,6745.397268145545,-1.0
3685.50931194475,2,3,7,4,3,580.5150776345837,1,4.224218818812674,0.8761443499618431,0.7162235949505593,0.17189637655147197,1,2,28.556999824109926,1,6,14.361142187655755,0.5333333333333333,1284.1395038869662,-1.0
19441.914433374248,8,4,12,18,1,425.2553225311607,2,4.25455891538485,0.3043643946670277,0.9151025796639306,0.21153358965247604,1,4,29.66972678096961,0,0,0.0,0.26666666666666666,7146.894960285679,-1.0
13672.904109293884,6,1,10,10,5,88.8068753959833,1,3.6231785413468742,0.9629579361817271,0.48355736193300763,0.1350032487695649,0,0,0.0,1,3,26.425650129970908,0.2,3514.2026518341895,1.0
4244.826283405606,3,3,10,4,1,393.275987052956,1,3.200705427812758,0.4393305027932003,0.9864177447451817,0.40365442285594066,1,4,32.59942621807158,1,2,20.198152318268743,0.4,2183.9170599266795,-1.0
3815.316081810248,5,2,2,8,3,104.68462467211968,1,3.2635551261979616,0.5112688191348344,0.7333451186717721,0.23431100562460463,1,5,41.069871351310944,1,3,31.751310381132832,0.5333333333333333,1318.071069679529,-1.0
16654.57129728242,2,3,6,11,2,423.0002399149445,3,4.088520043618965,0.13322970727684236,0.4032155827753577,0.32446774695479264,1,3,30.46824474967592,1,7,14.870855927937505,0.6666666666666666,4434.003605972913,1.0
14949.836998069892,7,2,12,7,4,139.02006496641627,5,3.5738498838756314,0.6478801735123026,0.6151133072817077,0.5458972461744177,1,1,23.175614308131173,1,7,11.100144798504456,0.5333333333333333,4334.665466252199,1.0
3136.40326767598,4,3,1,4,3,498.90508451761866,4,3.6444847005480567,0.0623334981584408,0.5006895168700375,0.42854873299392715,1,3,31.700068353156315,1,7,24.892362349451933,0.6666666666666666,839.3804140261748,1.0
22967.616157756805,3,2,6,15,5,101.81058740118286,4,3.790371015275731,0.49619888066776285,0.5018928746284839,0.6192482004571065,1,4,34.83214454557146,1,7,25.408921280114342,0.7333333333333333,7161.33484195054,1.0
35472.41700501306,3,3,10,15,5,558.3178068025686,2,3.302480592215824,0.9150399438365512,0.7492945869403775,0.7361503800770127,0,0,0.0,1,2,18.560363345524998,0.13333333333333333,9750.535579490326,1.0
34716.79219324983,6,2,6,19,2,155.6273715178207,3,3.142554815752936,0.4277721020060995,0.9492336493731283,0.4824499412751847,1,5,42.098559700929684,1,5,25.02851255007165,0.6666666666666666,8497.630114182914,1.0
19474.99868125685,10,3,11,9,3,452.6341533881376,2,3.5881423183460885,0.14826057567132944,0.6750660402005155,0.8199594314178261,1,4,32.49611492976107,1,2,16.97335306280373,0.4,5584.379046150939,1.0
7667.200122868117,10,3,1,18,3,149.26218285000783,5,4.8685078440223,0.7026911932759836,0.5650522276307653,0.36188824780907825,1,2,31.663564427455455,0,0,0.0,0.13333333333333333,1956.4661780029787,1.0
18801.961822301204,10,2,12,10,3,144.50934167732385,2,4.323121161708555,0.11728987764318077,0.6066294774880229,0.36003001718586924,1,1,31.84447596165093,0,0,0.0,0.06666666666666667,4582.592381768323,1.0
3089.1825398090764,4,2,6,3,2,171.20326286671073,4,4.86713650241596,0.32268345384350583,0.6963494096898214,0.20253999895874328,1,3,33.82753592013376,1,7,22.222315441976082,0.6666666666666666,1547.9523832239356,-1.0
79822.34188840137,3,3,14,18,5,173.40483711465566,4,3.949044331560292,0.6304170878533453,0.8175411383577991,0.4130506598976481,1,5,40.51133343011623,1,2,21.321237879109063,0.4666666666666667,24854.06961423862,1.0
5229.301549180671,9,3,2,8,4,130.18588302994266,3,3.189148972416633,0.3422263089272676,0.47085505491828006,0.480560017004394,1,5,27.47239449295626,1,2,12.59668746960119,0.4666666666666667,1231.1441452971833,1.0
7552.0401403131555,9,2,6,10,5,84.56240514125194,2,3.664477731793232,0.5785964696795464,0.5440201506245981,0.7379002998161444,1,3,19.277264925124694,1,5,14.810697767614835,0.5333333333333333,2218.898944985028,1.0
7318.652564471933,1,1,5,7,3,448.5415712623019,5,3.0386542955040814,0.2266682313623034,0.8257949467807184,0.34074441862942867,1,3,37.99716275101417,1,4,26.721063392330723,0.4666666666666667,3078.57991775652,-1.0
26819.80448716176,3,3,12,5,4,271.1716804553886,5,4.186417390546219,0.7401507472509984,0.6643853597857723,0.7001995037278548,1,2,32.766177766641825,1,3,23.995290612310153,0.3333333333333333,6876.408092716114,1.0
6226.550963974786,5,3,2,9,5,474.1882440614723,2,3.793714948308084,0.1109921844050974,0.5437967114957148,0.23158742925786957,0,0,0.0,0,0,0.0,0.0,1600.5210104908267,1.0
12388.76185736993,9,4,8,15,5,507.23571436428017,1,3.3608839972919378,0.1960543514547023,0.9447172523040989,0.8449103273540984,0,0,0.0,1,7,14.060028672787025,0.4666666666666667,3133.1106285644555,1.0
698.9584590393789,3,2,3,1,5,68.36481395593663,4,4.898057301903195,0.10149126820876953,0.8333930157272966,0.7595606491436004,1,5,33.702779494752846,1,7,24.440683144290226,0.8,322.5428447040091,-1.0
14307.54763297309,11,3,6,12,2,443.56966132588224,3,3.359828393221396,0.4248620580135287,0.8527130348409134,0.772186383638102,1,5,24.408484487321388,1,3,17.620857108085723,0.5333333333333333,5268.353739420564,1.0
10509.125226694532,11,1,3,18,3,580.3242757322129,5,4.186498030805252,0.0252118322394288,0.4392786909184677,0.6617752655733604,1,2,29.352249816792135,1,1,18.29532356149238,0.2,3225.5425603052504,1.0
8120.298256585023,3,3,7,5,2,347.73154265014375,1,3.6708883737449245,0.6099907288150554,0.42780033468075007,0.6821320035637479,1,1,28.636176574071744,1,5,24.25417463298418,0.4,1966.2250056052515,1.0
21689.069280227603,2,2,9,15,4,271.13872088958533,2,3.5455729413616632,0.25646279180623477,0.5507388290886773,0.5929165011263354,1,3,22.967825258333885,1,5,15.094031717669704,0.5333333333333333,5049.110399727776,1.0
6725.204924288703,11,4,3,17,5,532.3248589406264,3,4.493923571929611,0.062117900859970154,0.7778880622961066,0.2749393743327526,1,4,24.179642534056732,1,3,16.70291655650027,0.4666666666666667,2828.3416402062203,-1.0
16725.434406743298,11,3,11,6,1,115.5649012776762,5,4.048317796497459,0.5959473043293955,0.6174939942384922,0.6310990220577971,1,2,30.346773885239283,0,0,0.0,0.13333333333333333,6096.059230664846,-1.0
19157.67715641817,4,2,5,17,2,111.01508738362277,5,4.951421132567816,0.3495846498895404,0.55492263570223,0.2779543646352821,0,0,0.0,1,3,21.18034657478455,0.2,7447.512915537467,-1.0
9321.367863446338,7,2,12,15,4,544.0806397581191,1,3.0954439674004988,0.3322938058058842,0.5681233641016417,0.701134416439896,0,0,0.0,1,4,14.513281682473178,0.26666666666666666,4339.262806551674,-1.0
4626.578887357767,8,1,2,17,3,312.02259530609797,5,3.8107040680443474,0.45723040573236506,0.8209612560820704,0.5193997850734994,1,2,26.678807294421166,1,4,14.682097719069295,0.4,2091.7050056022326,-1.0
3857.0259656876206,6,2,2,7,2,417.64176898265777,4,4.295203603837892,0.3822571474051205,0.5991986516867176,0.6371804328580817,1,4,45.70375922998006,1,2,23.98669328004244,0.4,1481.0366762334647,-1.0
10113.210512618916,2,4,7,10,2,211.22900459306692,2,4.822470726516296,0.2833028631997023,0.4163899436352622,0.6242948488894062,1,4,20.814013295678535,1,1,17.951636367650362,0.3333333333333333,2422.68524294828,1.0
7280.567678685564,5,3,3,8,2,68.2585747107558,2,4.002984292790137,0.502523914693815,0.954061687207359,0.33193458874286386,1,1,41.712598882083284,1,2,30.087155246546114,0.2,2180.2857371201662,1.0
11797.035987247964,2,2,4,19,5,560.2636940623493,2,4.425889370313909,0.6535753394149114,0.5458100577824415,0.13286258240329485,1,3,21.16766875239508,1,3,17.682150471867402,0.4,3153.977108498061,1.0
5899.604133632073,9,1,5,11,3,525.9253444702954,5,4.249470404245925,0.8727178412956929,0.6736587330351635,0.7467923633529076,1,5,24.091769953107516,1,6,12.305503663370452,0.7333333333333333,2976.2329760027674,-1.0
23447.297959490916,11,2,14,7,4,552.747670537421,5,3.744861360835235,0.5689048205046101,0.6748716074368389,0.4917080113636437,1,3,24.2733432504988,1,6,18.315505211103243,0.6,6588.124747982259,1.0
3633.9023351014416,4,4,6,5,3,417.7883930898912,1,4.457698038729222,0.008503141740954234,0.5323743449861525,0.49352681173189383,1,3,38.08731550449892,0,0,0.0,0.2,1278.0703459325998,-1.0
40468.27288418637,1,2,8,15,5,107.68228859195054,5,3.2854007196587016,0.2976210020509741,0.7741392437003609,0.6809805637551126,0,0,0.0,1,3,28.51646045474541,0.2,11269.978958941845,1.0
7739.851071946345,8,2,6,11,1,468.1472769781791,4,4.60404515591357,0.09030774856562673,0.8183645342047258,0.3062910044421535,1,2,22.25799419152034,0,0,0.0,0.13333333333333333,3399.6338885836517,-1.0
1180.6669751516285,3,2,2,3,1,225.49587389881162,2,4.904079849091682,0.6588967054113456,0.40340506771162526,0.38719833325569153,1,5,39.307181986172246,1,4,24.457719284111846,0.6,545.4817310894249,-1.0
6036.857178529567,11,1,1,18,2,419.62055829482154,4,4.463639649770482,0.0429268471050499,0.8453783602022432,0.803818101698118,1,4,31.68965103173832,1,5,17.670696416206788,0.6,1802.189453106168,1.0
1243.1908469909656,8,4,4,1,5,457.8831692134643,4,3.0686110801290605,0.04264849794656744,0.6568494891897569,0.6276974678476906,1,2,30.375170857093213,1,5,13.502313957922187,0.4666666666666667,301.39108608815184,1.0
60749.91229939188,5,4,10,19,1,259.52259500435684,4,3.109191172838906,0.658750171066226,0.6128509863894013,0.840831647265999,1,4,53.81659984349452,0,0,0.0,0.26666666666666666,15667.881993468529,1.0
9644.268750917843,11,4,7,17,1,333.1839559847435,1,4.233154358000755,0.24159044085388726,0.834914827461622,0.5858892146052582,1,2,25.39289663076026,0,0,0.0,0.13333333333333333,3430.0265777794384,1.0
9051.878757150755,2,2,5,12,4,294.89851549985883,3,4.08188416982411,0.8509388412331164,0.8844912611740082,0.6590868799243563,1,5,28.311891735719794,0,0,0.0,0.3333333333333333,2894.142447825448,1.0
12000.37053890337,9,1,6,19,1,570.6275753240224,5,3.7974082568558636,0.18710075923528757,0.766129583947121,0.24744830401560405,1,4,24.712470487163056,1,7,13.176664371594605,0.7333333333333333,5900.302079106143,-1.0
28039.409117965428,8,3,10,13,5,390.1175164340015,3,4.382652054025593,0.6594593969773114,0.4083085813038292,0.47386343742866655,1,1,28.56095923472681,1,5,16.81956004356299,0.4,7929.241266230726,1.0
1098.6056131421926,8,3,2,2,4,516.5301726731083,1,3.754250199712504,0.6313685291006369,0.8674428691592655,0.708802102208019,1,3,20.806271246884364,1,7,17.74776479972119,0.6666666666666666,398.5901379360708,1.0
3428.8001305131343,3,1,2,7,3,573.8152691068713,1,4.914979601912187,0.277931600345224,0.43806918107873555,0.7180156836424185,1,3,35.912660283185694,1,5,18.497989723197,0.5333333333333333,850.7256908111411,1.0
19584.983322080643,3,1,7,13,2,72.2139450018727,5,3.2433437860077508,0.31520899251972134,0.7969761169194343,0.22593136047374218,1,1,40.90745295717383,0,0,0.0,0.06666666666666667,5936.299492035249,1.0
19649.211011382646,8,2,9,14,4,302.5662032496783,5,3.3742008357293454,0.46811892960495916,0.8590151940940884,0.7763164033284119,1,2,24.95471942330887,1,1,18.342557926348125,0.2,7340.264206697394,1.0
4267.13521481481,1,4,5,6,2,369.7733862711115,2,3.305151146619063,0.4637013974582308,0.576870525507155,0.656736231009038,1,2,34.70938258054089,1,7,25.62172037345701,0.6,1932.9671879513332,-1.0
5575.3115768846355,2,3,3,5,4,242.43505909843114,5,4.7043124166158785,0.39736089778514083,0.7369609832358308,0.5102498375402973,1,1,30.66943987913908,1,6,15.004332269706543,0.4666666666666667,1453.7375582138943,1.0
13591.47164088566,6,2,7,11,5,553.6564611204427,3,3.0928427708935082,0.8379000508609878,0.9432488880016612,0.3379352993832792,0,0,0.0,1,1,24.820211388300844,0.06666666666666667,4882.300346278498,-1.0
5534.134550431174,10,3,1,19,5,118.42184935037697,3,4.439197906739794,0.5482432115040483,0.8328891515742777,0.3681757378748006,0,0,0.0,1,5,14.402564158513988,0.3333333333333333,1644.733734304713,1.0
14039.572843250333,8,2,10,13,5,460.59197675040843,2,3.097739917414131,0.5969512171607357,0.7859042772036051,0.5818936314786237,1,5,23.652629927752596,0,0,0.0,0.3333333333333333,4738.56846034538,1.0
791.8107688548262,4,2,2,2,4,181.54611792391216,4,3.9033544143153733,0.4977257122150923,0.5811481243206889,0.8974996799804241,1,2,31.370231221393816,0,0,0.0,0.13333333333333333,377.9713353593202,-1.0
5230.095088160249,9,3,2,16,4,461.0285126484475,3,3.894055236078687,0.6839161100307959,0.5436778604899558,0.576678875597669,1,4,26.768604004078895,0,0,0.0,0.26666666666666666,2252.382490117165,-1.0
3379.772770001122,11,4,1,17,5,513.1367680165562,5,4.57117616810584,0.5510004857614442,0.4666461787304683,0.7476640963654879,1,3,26.258797053605665,1,4,15.31309793573368,0.4666666666666667,1640.2168660714556,-1.0
2644.763357083818,11,1,7,2,5,438.51319900713503,3,3.745090224830761,0.7036074104611557,0.6017308581706102,0.8833325010841133,0,0,0.0,1,4,17.160622819290435,0.26666666666666666,651.947068459147,1.0
2021.0015938778631,1,4,2,4,4,488.64549332003213,3,4.679966049723495,0.681474906378319,0.8683520275819988,0.45821266797125504,0,0,0.0,1,1,27.01911754590075,0.06666666666666667,611.1592533780625,1.0
18225.918236219557,4,3,5,10,1,434.1905963949568,3,3.4754360520415846,0.9704028006829069,0.7393885380252385,0.20478552301432995,1,2,40.492569140956135,1,3,21.75175573187625,0.3333333333333333,4782.406683439566,1.0
4029.736248468334,2,4,5,3,4,452.4762819597479,5,4.413399178057526,0.9648059198489284,0.6078993337121917,0.8028723395006717,0,0,0.0,1,6,15.498919311518373,0.4,929.777385704048,1.0
28429.80615858252,9,2,13,16,4,92.58603277516772,3,4.823562843470567,0.6011416668628448,0.5415975975026994,0.35617472129243766,1,5,27.61859403192347,1,7,13.611417859812084,0.8,8848.418197591893,-1.0
17299.32044774668,5,3,11,6,5,329.5224859285472,1,4.513623638484701,0.06644827686128185,0.5648531657047074,0.2224300723268333,1,5,41.50603768081416,1,4,28.405018618493067,0.6,4535.919051815421,1.0
4644.239857527791,5,4,12,2,3,561.392888660642,1,4.4648435518586735,0.2935383387370837,0.6003905309596009,0.12170657989445291,1,1,44.65203933910597,1,2,28.10530556934807,0.2,1149.1671850139528,1.0
8241.0758538277,9,3,11,8,1,318.8965612597004,2,3.4320804489471595,0.3002698358518022,0.9802710126969895,0.3309187888079488,1,5,25.75417205406049,1,1,15.918884251800018,0.4,4156.244475450791,-1.0
3378.728432128423,8,3,6,4,1,381.2100678330308,3,3.073797678897467,0.8826048156188958,0.9087140414798461,0.3012007359475223,1,5,24.834553934868357,1,1,14.117147589602698,0.4,1634.5289454760823,-1.0
1879.8621058957804,3,2,2,5,3,452.2662309540216,3,4.446072589718562,0.5605385880517497,0.8821444512303237,0.45472657039577324,1,1,31.38239894423873,1,2,18.072454292800924,0.2,743.0321098807154,-1.0
40746.57119843426,4,2,13,11,4,225.28271082347683,4,4.0144202080578495,0.056414372660091305,0.5444526488906842,0.7198846944544721,0,0,0.0,1,6,25.1388637376027,0.4,10839.356622462592,1.0
28934.924751025563,11,3,14,11,5,575.5285667934173,2,4.455799211727851,0.8990645917806059,0.9116527399307751,0.27472147977529526,0,0,0.0,1,2,20.026717604240023,0.13333333333333333,8216.544969818948,1.0
8889.330400542076,10,4,5,8,2,324.89931557462774,3,4.10876941166302,0.9382854151526105,0.9861005023902307,0.8962738532870584,1,3,24.671172310523954,1,6,20.177190714307283,0.6,2132.534765160249,1.0
683.2937940714936,9,2,3,1,5,269.8404537290984,2,3.429655082200051,0.9068107423588597,0.8297186982804174,0.3270062144739958,0,0,0.0,1,1,14.922633960983028,0.06666666666666667,171.2248679470907,1.0
5328.66128714055,9,1,13,9,1,399.8749395410647,1,3.9345904772569,0.3766972592935105,0.7334147166871833,0.1964530795373337,1,3,25.689311728445926,0,0,0.0,0.2,2626.0247515822393,-1.0
3535.862253300849,7,1,14,4,4,88.41032421026328,1,3.2207357373784546,0.8009850039758747,0.6076756915396921,0.1630772146175973,1,5,26.72344890918765,0,0,0.0,0.3333333333333333,1225.6166394961056,-1.0
18371.66160833212,9,3,6,11,4,589.2081579823086,5,4.047353245608227,0.4425112319453147,0.723788632318219,0.4702717617501887,1,5,21.160680788199205,0,0,0.0,0.3333333333333333,5396.537247248381,1.0
2214.21872175176,9,1,1,13,4,504.37626319543244,5,3.915323176658637,0.6325719807953342,0.6584265013656081,0.20096718712895534,1,2,21.939313726541624,1,1,11.670324468447978,0.2,818.0690125628855,-1.0
14132.511452599292,7,2,11,8,3,160.72294801239946,3,3.8135234136774594,0.17726429877590355,0.8724382238042323,0.26019442920098446,1,2,24.287323037431037,1,3,14.093819375409073,0.3333333333333333,3358.406610804216,1.0
7524.011718091472,9,2,5,12,5,164.64928509621691,5,3.9283917332898945,0.7911866872343638,0.496431646059597,0.7693098177719383,1,1,24.234776934886796,1,2,14.180495021814387,0.2,3351.7975470539664,-1.0
16614.485132190814,9,3,10,11,2,57.40297411230921,3,4.0213679682306545,0.857505573360398,0.9188417419671395,0.12054707444491274,1,4,19.51373825633528,0,0,0.0,0.26666666666666666,6144.944561549003,-1.0
5856.166549196806,7,2,7,5,5,511.77577707643763,4,3.1634295140726096,0.9642488410362291,0.47850646246015616,0.5839027846003523,1,1,22.41309197414395,1,1,14.979513256780335,0.13333333333333333,1634.6830995158234,1.0
8519.70351801177,7,2,6,11,1,340.82717167018916,2,4.175251356895524,0.346180925409702,0.6434237323848199,0.1952501958900376,1,1,19.107660181930633,1,1,11.37753109123624,0.13333333333333333,2071.00471201233,1.0
16640.29701127242,7,2,10,14,1,594.0030076013074,3,3.9252601013504496,0.528477401003397,0.592135296686065,0.6263779127950331,1,1,22.135191700878675,1,1,15.165192971782512,0.13333333333333333,5226.595728175628,1.0
16894.38117674993,1,4,14,8,2,532.7172696134337,1,3.034101092128357,0.14741877335525955,0.5837768747791262,0.47176054551796553,0,0,0.0,1,4,27.107043856750803,0.26666666666666666,4623.639077479005,1.0
27558.19529009429,1,3,10,15,4,562.2964968877628,2,3.931677277838492,0.9605627016256751,0.9628511557096924,0.8223277905874556,1,5,41.07788857747989,1,5,20.281024182700207,0.6666666666666666,12395.293007601756,-1.0
8438.42935430138,11,1,6,17,1,166.27146382525962,2,4.327608573821572,0.31207301829542244,0.876016007342008,0.4906955895638808,0,0,0.0,1,7,20.69558788400056,0.4666666666666667,3877.6916038371296,-1.0
4920.084916153377,4,4,5,3,1,181.4211635849495,5,3.1404318457214524,0.5340089097405041,0.9496153116111687,0.8565551079060203,1,2,31.515472370362613,1,1,22.982530665363043,0.2,1262.5912956081338,1.0
43399.81052033942,6,4,9,16,5,556.7010940468911,4,4.210433434270183,0.8056080068369498,0.9620608964047601,0.15428838286186589,1,3,35.14432633184849,1,1,22.09413553282951,0.26666666666666666,10117.895172029026,1.0
619.4244725309118,8,4,5,1,1,405.4372260232092,1,4.248362617881655,0.8747588473885994,0.5816594503495023,0.2056189415306685,1,2,27.24022975633995,1,5,16.803809721633137,0.4666666666666667,238.0312102399532,-1.0
12674.343210493273,6,2,4,15,1,263.2783507289772,2,3.8437681999494746,0.08734341585367633,0.46946246619447307,0.8601376742692557,1,3,45.03828595536897,0,0,0.0,0.2,3495.3476771297182,1.0
924.0433926475898,5,3,2,1,4,286.88276526489676,1,3.568295357179137,0.18581745729879473,0.732230149095326,0.8096602760976801,1,4,52.918571905057966,1,4,30.9204621777146,0.5333333333333333,314.3744616671497,1.0
5711.776934641351,2,4,12,2,3,555.0147304998259,5,3.756699297653382,0.8375678660808568,0.844746734215178,0.8643005822455341,1,5,26.815949284405615,1,3,16.68362781807017,0.5333333333333333,1418.0157737277768,1.0
7421.678848141922,3,1,11,5,5,347.72881550010857,1,4.054972757590671,0.5522754525804121,0.4536689490549075,0.6289081175346798,1,5,33.50935570663028,0,0,0.0,0.3333333333333333,1907.4619844654203,1.0
14206.660888873203,2,3,4,17,2,59.696605683955205,2,4.693422244665038,0.7742912903811602,0.7868564291362528,0.7963667333000809,1,5,26.727196601711512,1,2,13.351184559965983,0.4666666666666667,3790.5374197129768,1.0
5537.484121111706,2,2,5,9,5,158.207287337798,5,4.889523525819089,0.61565481741636,0.815271189741178,0.17539692621815553,1,1,25.731176305215925,1,1,13.639476213830038,0.13333333333333333,2653.7823121051856,-1.0
14162.9281002164,6,4,10,10,4,411.67003774183087,3,3.349976705190305,0.651937757885946,0.7634075895385899,0.22274537900775454,1,2,45.90215352662966,1,7,27.020982865898635,0.6,6371.764033919671,-1.0
44040.961948115866,5,3,10,9,1,463.7220569704069,4,4.627818213569618,0.2175436320975107,0.4069180220398833,0.43168756738895453,0,0,0.0,1,5,27.84339657817758,0.3333333333333333,11276.239307791173,1.0
18746.079408865015,1,4,7,10,5,424.8288626189093,5,3.247206198095701,0.6477562995215262,0.7342731389929829,0.40502036421235765,1,2,48.869072354469886,1,3,20.45356793059479,0.3333333333333333,6268.960517928686,-1.0
1914.9824077417306,7,1,9,3,1,330.0579942259328,1,3.7488296112072113,0.1333171562810509,0.6681625919535054,0.5789410552540112,1,3,26.28076995825553,0,0,0.0,0.2,635.8704915642486,1.0
16564.082891653394,2,2,11,18,5,375.76048563936706,1,3.268812253775578,0.9539757140805427,0.7558089755633715,0.6010053842565363,1,5,22.735530567613655,1,1,16.62323400761614,0.4,5650.66452009175,1.0
32484.364924647438,4,3,6,13,2,304.56324136888054,3,3.1227845954843376,0.8171409702270372,0.5294853993795197,0.5340233923793464,1,3,36.15843387152401,1,6,21.449887206073086,0.6,7544.133535675628,1.0
22565.066111234428,1,1,9,14,1,67.66171236435773,1,4.5471329767572595,0.5037894579563624,0.7836754516839968,0.6117931725762535,1,4,47.54018575721953,1,5,29.56194996484683,0.6,5623.145766558786,1.0
18984.006382291394,1,3,2,16,2,337.8912898730074,5,4.06506593857786,0.02207978405540456,0.771840901811684,0.844058878539516,1,1,38.713154623460156,1,4,28.901552120018305,0.3333333333333333,4895.48103737538,1.0
13696.48190933907,9,4,10,9,4,430.7024586090644,3,4.379987012459553,0.6295984977303652,0.7146399834645156,0.6605395316756457,1,1,22.2016119614669,1,6,16.224719281671643,0.4666666666666667,3507.0140110157254,1.0
7318.153214789813,9,3,3,12,3,173.64686493436534,3,3.4745980721871703,0.6999187748384222,0.9469536326036383,0.17481045314541266,1,2,27.66248235892533,1,5,16.401332612718587,0.4666666666666667,2414.9932754734004,1.0
3510.9141309506426,5,1,12,1,4,153.0225603498671,3,4.413604528246517,0.3710623032077538,0.6963847919652886,0.6172103741640987,1,4,41.131099076234804,1,5,23.14442033624403,0.6,825.4456453645652,1.0
5202.941876629001,4,4,1,17,4,257.10818235932976,2,3.642613898721663,0.4391586709577402,0.5650318380043923,0.8550235797890888,1,4,36.57355689642702,1,4,20.12141476207368,0.5333333333333333,1742.6047471074392,1.0
9051.089473066137,5,1,3,11,1,457.0041320250281,5,3.126398594258656,0.257643486858529,0.6995752887825873,0.7881916288023988,1,4,41.87099799327756,1,3,28.92802298446049,0.4666666666666667,3404.612126283402,1.0
27641.747659323468,10,4,12,19,3,180.4777264139692,5,3.3966142393928185,0.08440339768446259,0.6434512743725396,0.2963643860884613,1,2,26.71099267397049,1,2,20.227665160709602,0.26666666666666666,13568.840762825232,-1.0
12446.92662741799,11,2,8,18,3,259.52530264801067,1,3.412909810085412,0.14950331558022834,0.7055159484747568,0.8424420192550349,1,2,33.529774386704915,1,2,15.571329003475235,0.26666666666666666,4597.830870212399,1.0
19353.991619448087,9,3,13,12,4,73.35048964895003,1,3.468292469354561,0.27688051035236283,0.5144306614802797,0.5943328168818559,1,2,27.155896157124875,0,0,0.0,0.13333333333333333,5224.200610373463,1.0
21753.77105246726,8,3,14,15,3,351.063168281835,2,4.99853527019304,0.6721554147823683,0.7064011729244224,0.8638731262027485,1,4,29.312094029272238,0,0,0.0,0.26666666666666666,10122.033436647876,-1.0
40286.66361523058,5,3,10,11,4,497.8304860894191,5,4.517177638550361,0.3873848994693605,0.7540030521763497,0.7225078525490497,0,0,0.0,1,2,23.679695681216973,0.13333333333333333,15698.455717002054,-1.0
11381.08236725731,6,2,10,3,1,516.8975094055968,5,3.6528910502816654,0.5465561451762878,0.6666613658647234,0.2027162523981323,1,4,44.3922469166876,1,2,22.602356847617834,0.4,2780.8999814830286,1.0
6805.521000679897,7,2,6,11,4,172.40931697975526,1,3.3989513702213134,0.01113757647217306,0.5985717430904668,0.12439951171830509,1,5,23.752272351712893,1,4,16.004598584182283,0.6,1994.9298457758862,-1.0
12122.804317781945,2,1,8,12,4,226.6138738645506,2,4.0085277054198905,0.5145368986920066,0.9951968897944832,0.2864793171137705,1,5,24.500973565638198,0,0,0.0,0.3333333333333333,3062.7575997786116,1.0
8054.810760881805,2,3,3,17,4,283.7889100186255,3,4.837829193991992,0.600465813176246,0.8389676915880199,0.14527267808173258,1,4,25.65454732234795,1,6,13.551450906533791,0.6666666666666666,3768.18937429552,-1.0
16084.002751033999,4,3,11,5,5,488.8137724466955,3,4.666426836341607,0.7006642057232902,0.45242614954407445,0.7096348063079905,0,0,0.0,1,4,27.242973752162833,0.26666666666666666,5016.666002974485,1.0
16296.345428472721,1,4,5,14,2,495.95993960443906,5,4.742670235342213,0.16984987569196308,0.9109519246090642,0.7182780640595601,1,2,44.68091283218681,1,2,21.609769490891335,0.26666666666666666,6337.773555850422,1.0
4553.3828603143165,3,3,3,8,1,559.0220906870475,1,3.1491059497041047,0.17650440908958487,0.45571740058795046,0.29472994566410915,1,2,30.049384545784502,0,0,0.0,0.13333333333333333,1418.9903729930388,-1.0
5335.885560553776,11,2,6,6,1,120.96589326148761,2,3.3150800751831184,0.4165338974751863,0.5814557121955293,0.17034173696162772,1,2,23.367049195513598,0,0,0.0,0.13333333333333333,1450.4019555152568,1.0
28494.164841635535,10,3,14,14,5,383.25343076579594,1,4.9329633180734875,0.888641031548605,0.8767205215396747,0.6558060133714984,1,3,25.974785482771875,1,5,19.44296678476418,0.5333333333333333,8286.953938480838,1.0
8695.739911661562,6,1,6,9,1,534.0922574054584,3,3.971632572346841,0.9293245985612092,0.4652256398800857,0.5150935358238163,1,1,31.72319376567862,0,0,0.0,0.06666666666666667,2913.235880535225,-1.0
7244.73586627563,2,4,11,5,2,154.32499404559405,4,4.384523808023932,0.40884316553323397,0.8437785592965648,0.8201127725652374,0,0,0.0,0,0,0.0,0.0,2481.094046768418,1.0
5904.96811436032,7,4,13,8,3,463.14963882453713,1,3.603869875370799,0.281730683804838,0.8678457786335065,0.40482098080200735,1,4,26.78941391566098,1,6,14.8167245829817,0.6666666666666666,2615.194423228046,-1.0
2818.7772678337747,2,1,8,4,4,507.47690811994465,4,4.975988222812654,0.7933680346575439,0.6282614817351893,0.5606768463228564,1,2,28.11738869040856,1,2,15.44613734286527,0.26666666666666666,1455.270926637652,-1.0
9995.400358935787,4,1,3,17,2,469.70672998647575,3,4.542545232416268,0.04444347632452306,0.9370609389775532,0.8114264841693397,1,3,38.081532287019,0,0,0.0,0.2,3120.0613951241803,1.0
8355.536746623466,8,1,8,5,4,551.2213701965943,5,3.394326623624929,0.6682233605931954,0.9158991672485813,0.5169736659593724,1,2,24.60647244556262,0,0,0.0,0.13333333333333333,1998.9631286341512,1.0
12225.422960279215,1,2,5,8,1,65.28603448189291,5,3.247026525773633,0.12017932919579455,0.6933097312220255,0.3642108486696921,1,1,43.735913211260204,1,7,26.378126347377588,0.5333333333333333,4126.763235424292,-1.0
9671.25717941787,1,3,1,14,3,150.7742267979449,4,3.972907891991612,0.5377125192762898,0.6905651462930225,0.43682249503574455,1,2,43.68593279120719,1,4,28.32486416190735,0.4,2318.18376738399,1.0
13970.396409178904,6,1,7,11,1,395.19805217637736,2,4.341722910172848,0.3101568086177675,0.6425568083404137,0.5942044113052609,1,2,43.38034977761699,1,3,26.445844655692365,0.3333333333333333,3735.970446462263,1.0
2746.408611731371,6,4,5,2,5,495.63170459459724,4,3.463744462050344,0.8147331707919729,0.5330120447838882,0.8477033749942239,1,2,41.60191590397768,1,5,22.633908005318645,0.4666666666666667,856.6955224257954,1.0
24959.95775266065,8,3,11,6,2,459.1016115116599,5,3.8187992704176077,0.6138414836549797,0.5117106055699135,0.21642331926386937,1,4,24.01466652921114,1,6,17.54366645071184,0.6666666666666666,5725.406412731744,1.0
10117.476978755603,6,4,3,12,4,423.8647649335658,4,3.705917454918678,0.9127384734310597,0.9993602422627235,0.7192034417243519,1,1,42.32482481867082,1,5,24.348842524840038,0.4,2959.3054329807183,1.0
1740.708375731373,10,1,2,7,1,536.8035233890479,2,3.8196797365990918,0.7137904504916113,0.8051317885237792,0.10819040206079632,1,5,25.049316649495097,1,3,19.521348229912647,0.5333333333333333,832.5042277875497,-1.0
4016.224387578522,2,3,2,7,1,232.09110628399708,4,4.649709548827478,0.09422428516449166,0.8264023594247627,0.3585159555483042,0,0,0.0,1,2,14.944918472480708,0.13333333333333333,1116.0163227316766,1.0
2245.3528547755004,11,2,12,1,3,150.6916482108657,3,4.811269742872721,0.5107405703748936,0.5830247275488345,0.5089638636143884,1,4,23.922040323440907,1,2,18.80950210146998,0.4,635.0548382137839,1.0
17093.615341005752,2,4,9,11,3,517.3190993496844,4,4.570540131820149,0.11081160283663549,0.9370902400541682,0.7723373540326356,1,2,22.693326500395752,1,3,15.080883038325402,0.3333333333333333,4714.668614293729,1.0
19185.576680286475,10,2,11,17,3,366.6973875164993,2,3.2811197935393377,0.5348537675454644,0.6322074419671737,0.6876134194190155,0,0,0.0,1,3,18.23733910820862,0.2,7271.88321567402,-1.0
3951.06512584398,6,2,11,2,1,229.52554731893423,3,4.827395632082036,0.8794573736562602,0.4903758856526624,0.8507631496684168,1,2,41.338018520455506,1,6,20.060704378384635,0.5333333333333333,1507.0133293807098,-1.0
4357.282342281001,2,1,9,6,5,117.55669190583544,3,3.672452386169631,0.3420890412006775,0.6864189300482848,0.8976184832157961,1,5,30.557920654687393,1,4,12.980870439410266,0.6,2160.879912046809,-1.0
4527.883245782232,4,3,1,16,2,481.2104795741651,1,4.830634385278605,0.5875759776432724,0.4165698256629578,0.8703781005941733,1,2,42.098704195918216,0,0,0.0,0.13333333333333333,1284.418677355299,1.0
15589.660652820092,2,3,7,15,4,180.3947727121993,1,3.9988551939956856,0.802765287536304,0.5672696475238783,0.32114528936064624,1,1,20.84454066820879,0,0,0.0,0.06666666666666667,3760.051986206458,1.0
633.7814961417391,11,2,1,4,5,443.60149236223,1,3.469986041080076,0.6696990448287525,0.904979039228271,0.2869442275315812,0,0,0.0,0,0,0.0,0.0,216.4446813273381,-1.0
9596.396299596412,3,2,6,6,3,274.42603201399345,5,4.745810935077838,0.993058037116004,0.465199707114392,0.6048934763443452,1,1,38.91142664731586,1,2,19.460171715029215,0.2,2952.2090972666683,1.0
3502.0908137920146,10,3,1,12,4,570.3368422713955,2,4.032708325332992,0.010928398967748554,0.87373036094786,0.30759016590068233,1,2,26.2460713191241,1,1,18.80743955982496,0.2,997.853349091794,1.0
11481.085852624132,10,2,6,15,5,331.31872346707456,5,3.1152331310407915,0.4145109440443233,0.7705026705407674,0.6144827997560314,1,2,27.728384596698934,1,1,17.142311777417056,0.2,5991.639104632769,-1.0
6996.543974697612,4,4,2,14,2,165.3233278972933,4,4.677239588812972,0.26446882881443,0.4193962638945049,0.7565402751801833,1,2,32.62163771717209,1,1,21.918482815078928,0.2,2189.1005093140443,1.0
6535.463845152268,4,2,1,18,2,596.2363710240445,5,4.853538322296798,0.09760851882358601,0.8952618101336929,0.7722594866417258,1,2,37.24628698463989,0,0,0.0,0.13333333333333333,1932.92845000792,1.0
21596.85894585818,5,1,6,14,2,300.25648223945655,5,3.140633185435508,0.8897102734758487,0.5192514863011469,0.7055201083429911,1,5,41.67009030999374,1,7,30.689478481604667,0.8,8270.219724140725,-1.0
33444.7543775699,4,3,12,10,4,401.91187108537474,2,3.6317654195448332,0.65829601521348,0.6272684027876215,0.3806930580681779,0,0,0.0,0,0,0.0,0.0,8371.883778829852,1.0
1453.3162800777557,10,2,4,2,1,576.6852157205949,3,3.205069962575392,0.8228621843284595,0.5935329585676873,0.5774396293705472,1,4,30.37993487696056,1,4,15.542411149259594,0.5333333333333333,574.5846585798533,-1.0
14293.44382449204,7,3,9,18,1,426.3950306865719,1,4.618198459335898,0.4030549692630041,0.847500390556347,0.18016300732316984,1,3,18.22335979248559,1,2,14.22507230210696,0.3333333333333333,5357.8797953877975,-1.0
34802.511925970415,2,3,13,15,2,52.384309735137705,5,3.496929209405688,0.6065008630101317,0.842145096907505,0.879124538749603,1,2,25.31273525506023,1,5,18.16509099057907,0.4666666666666667,16174.844803838847,-1.0
4950.999214000236,1,3,1,12,5,325.72143493126123,2,4.130542414294466,0.210212033898861,0.7276643552171125,0.7390636723923033,1,4,40.11253257294068,0,0,0.0,0.26666666666666666,1444.4673557616675,1.0
9911.10246192631,3,3,4,16,1,456.70879125060117,1,4.964404298443868,0.18940768403012354,0.5762769102763197,0.5875923987835978,1,4,35.783012716207075,1,3,23.506127822874394,0.4666666666666667,3968.9669433404465,-1.0
16633.79381219738,3,3,9,8,2,574.3218727883416,4,3.0365999734079407,0.69243089075629,0.8655689816053587,0.1259422183389517,1,2,29.130860447516934,1,3,21.11735730646452,0.3333333333333333,7205.22549266272,-1.0
8019.066313229359,2,1,8,10,3,477.73631485553153,3,4.149020199049724,0.9810548384103098,0.9947188061915141,0.38475176801384203,1,5,27.933183692700965,1,5,16.580236200248812,0.6666666666666666,3329.51282641165,-1.0
12885.21654078223,4,1,7,16,2,318.0390191286412,4,4.953918413623979,0.9551300000847747,0.8758389308732176,0.40173938956870126,0,0,0.0,0,0,0.0,0.0,6807.116065921097,-1.0
12423.557575983685,6,3,12,8,2,553.4323709626842,1,3.475684512176665,0.9143850491088091,0.56661488041561,0.6917370087597077,1,2,40.862731486594086,1,5,21.24305124163155,0.4666666666666667,5477.623654160025,-1.0
9523.214661433423,11,2,10,4,5,321.49150178839153,5,4.603084544011288,0.19689144754123877,0.44290978905617967,0.13656838885755818,0,0,0.0,1,5,18.65966296356487,0.3333333333333333,2691.8413835908677,-1.0
6203.671498551235,7,2,3,10,3,580.9678654397765,3,3.543052248063317,0.50168866231351,0.493762725294558,0.36302103288152576,1,5,24.007014331673027,1,3,12.858662232361665,0.5333333333333333,1555.345183461944,1.0
3782.336827049674,9,2,10,4,5,372.5771348098339,4,3.9151982616077383,0.8728793133283332,0.45161091253820834,0.12434282853171973,1,1,20.07727128287263,1,6,12.060161517106156,0.4666666666666667,1991.7650882937774,-1.0
2500.6325973260055,1,4,1,7,2,504.7194200910088,4,3.34891348344861,0.06780144371151198,0.5179677130210076,0.783349429135572,1,5,48.051110208118175,1,5,26.13352373829072,0.6666666666666666,1209.3697154958697,-1.0
11197.460099509031,10,1,4,13,4,200.39432653750742,4,3.2589141638528867,0.3306702686955396,0.5898489958073156,0.7413170192775128,1,2,26.41002146327061,1,4,16.465580888530866,0.4,2768.313741653782,1.0
15352.099979881963,5,4,6,10,4,421.25604784731576,3,3.1200357812311683,0.4058472679985483,0.4868038972615092,0.3217928958100015,1,2,37.593406964792536,1,7,24.429595310510564,0.6,4610.136589341899,-1.0
1809.3996529067601,10,4,1,15,4,210.32781817501566,3,4.723393064399046,0.9955923386674953,0.9539252156269135,0.7885319835895283,1,1,31.076232534093958,0,0,0.0,0.06666666666666667,792.2057015196012,-1.0
15448.888546402568,2,3,4,16,5,319.6627696394008,4,3.1153864429777243,0.5088727403562762,0.7375723007284662,0.6562421685452782,1,3,24.612508458110938,1,7,16.55098302515414,0.6666666666666666,5245.617600151077,1.0
5426.35210152785,7,4,8,7,4,78.77681239194642,5,4.617563092279388,0.8232364392110733,0.7303682246467653,0.24169647655928392,0,0,0.0,1,5,15.272095034855363,0.3333333333333333,2676.9105481118495,-1.0
11141.7599933217,5,4,4,14,5,251.88227859303336,3,4.304396924384113,0.5465759107914545,0.9890766828427741,0.7683247031064498,1,3,38.071980355434874,1,1,23.909623136198963,0.26666666666666666,4163.571754584787,1.0
2441.8608389323313,8,3,3,4,3,72.33287207799532,5,4.635948687791435,0.5748533129340979,0.6797934783772761,0.6177141434640874,1,2,23.70886937663836,1,1,17.90001548163932,0.2,1085.1744038441007,-1.0
5800.423915444079,8,1,4,11,1,434.7831612004712,2,4.572664079180985,0.2009615648958908,0.7823659411432224,0.707316512429977,1,2,29.334570997934797,1,6,17.028529715079905,0.5333333333333333,1738.6577862871757,1.0
41213.29270875246,10,2,12,15,3,396.2093222405679,4,3.152946265288109,0.15993930943956403,0.902201721232551,0.4338447352316227,1,3,28.719723976322058,1,6,16.80860846201821,0.6,10537.45897639357,1.0
2680.322950981976,4,2,13,1,4,382.3209340510684,1,4.238909637671286,0.9499181814991947,0.9564108943979441,0.6234608402072694,1,4,36.71828528668881,1,6,24.27289600299361,0.6666666666666666,657.2957354421055,1.0
25535.40368562484,7,1,12,16,3,512.0759904144721,3,4.529714098210082,0.07857158229167172,0.7540155829653177,0.540227341975471,1,4,26.235946861923843,1,5,11.829343352141668,0.6,6421.231361941919,1.0
16888.017630160688,2,2,12,19,1,489.24140382663506,1,3.3041888074412586,0.36473672394035916,0.8896650655656672,0.24591849566517798,1,2,21.13899521553645,0,0,0.0,0.13333333333333333,6078.386658617965,-1.0
2517.2019280027544,11,1,2,8,5,416.00197866538986,4,3.348466881768836,0.5383405988104426,0.637404765975239,0.4324677605956846,1,5,24.90253692401299,1,2,16.945927705218562,0.4666666666666667,1090.723714274704,-1.0
14456.39637272372,4,3,7,6,4,427.43328144900215,3,4.081872486396151,0.07275152527663176,0.76229402333691,0.894419552135686,1,4,44.261793343057676,0,0,0.0,0.26666666666666666,3985.4517743651177,1.0
23142.775370934385,1,3,14,4,3,126.42520672517699,3,4.9034732701797425,0.3638294057525826,0.8708028855721311,0.646672602625379,0,0,0.0,1,2,27.10523867613757,0.13333333333333333,5332.791248435289,1.0
8195.888695736687,5,1,2,16,2,55.15505847938466,5,3.581560369866107,0.8069201535406937,0.6842723435205769,0.4876298741508419,1,5,43.918296499297014,1,7,29.993545107474173,0.8,4254.764529835578,-1.0
9626.36329909621,11,4,11,11,2,417.6860266135521,2,4.1155637084258645,0.35020166309908074,0.7859775008312594,0.5332593649970166,1,4,33.44861771587301,0,0,0.0,0.26666666666666666,4563.865440515869,-1.0
64884.82635874937,6,4,11,17,2,215.25882699050757,5,4.030591091601563,0.763906912597169,0.5879726303913402,0.17248841669711404,1,5,38.2631770911283,1,4,22.625216383443718,0.6,15491.662628675302,1.0
13908.551707546096,2,3,8,15,3,220.82094070548743,2,3.0927363376273003,0.9143591298520531,0.45920491399666663,0.32341871528002786,0,0,0.0,1,1,16.122757617920893,0.06666666666666667,5647.329776807672,-1.0
6760.840072310823,1,4,2,11,5,516.1979841121421,5,3.8186237141704167,0.2218692107046769,0.7794066558350504,0.4418135318601827,1,1,43.31192357710143,1,7,24.34966061797017,0.5333333333333333,2509.3111106225742,-1.0
11069.02835317326,11,4,10,13,5,128.97499405573194,1,3.216137499292122,0.2827077840845025,0.7549815539646758,0.4074401280881105,1,1,31.73492467654127,1,3,15.377504990137327,0.26666666666666666,3745.271338912346,-1.0
11323.183011487257,6,3,1,15,4,62.75230648616463,5,4.800594238056869,0.9070131685313649,0.6250835878249563,0.34372411751638565,1,5,37.77108168663576,1,2,24.58648413821621,0.4666666666666667,2679.4036945175208,1.0
6183.73434316784,7,4,7,7,2,558.1877247512673,5,3.2770563396906978,0.21616487030944198,0.7376982973610766,0.7135885188924299,0,0,0.0,1,3,11.030698078505106,0.2,2355.8095885260177,-1.0
13838.747997996816,2,2,10,9,2,205.07305290108548,3,3.3987189391560495,0.8273914062194143,0.8059455442501986,0.4771032487582345,1,5,22.9656623848706,1,5,15.632027387410734,0.6666666666666666,4129.748532546271,1.0
23917.482796937114,1,4,8,16,2,541.308272318893,1,3.8815553050927853,0.39785467577923717,0.619030761615823,0.3267746571138028,0,0,0.0,1,5,22.562287416292993,0.3333333333333333,5477.071465773414,1.0
2527.1127581975866,8,3,2,6,2,591.6410163360598,1,4.233451898618759,0.5984792878167189,0.47771567605253024,0.6779193991132542,1,4,25.112901144899226,1,5,14.144266080889734,0.6,841.6158372786367,1.0
7320.190950166675,9,1,7,7,1,57.58323749950301,3,3.2954918175483954,0.28512590706084473,0.9286486033323352,0.5323981263654168,1,5,25.80299943639426,1,7,15.048945566172188,0.8,1984.0080785350508,1.0
1869.3612472793598,5,3,6,2,4,592.2744115485787,1,4.735846601660668,0.6737315032281848,0.5025626747249615,0.24536194105782796,0,0,0.0,1,3,25.80856300599767,0.2,947.964098758801,-1.0
9679.470724233746,7,1,8,7,5,538.9540702393035,4,3.5436688480498093,0.27413275881336674,0.43712305653504907,0.5910431404958406,1,4,24.73362135858787,1,3,12.697875237881744,0.4666666666666667,2281.677749435066,1.0
2608.082913592213,11,2,14,1,3,387.6767089124061,5,4.350613247146052,0.5064960014725218,0.4879342845888559,0.11995935692486182,1,4,24.989200009434345,0,0,0.0,0.26666666666666666,995.4946395182918,-1.0
17196.806806302204,10,1,7,11,1,350.806712043225,5,3.614083850979851,0.09745594724472584,0.9380694211978303,0.5799290100991317,1,2,26.041731362023896,1,5,16.44967062526663,0.4666666666666667,4431.032017556886,1.0
36061.430891723474,1,1,12,19,1,476.9934939972249,5,4.2279576146771465,0.9301906274221508,0.7933222188628397,0.6179808933278688,1,5,35.87759082075556,1,3,28.220364477969394,0.5333333333333333,18377.239938849063,-1.0
4380.578211147951,6,2,1,18,5,115.58374984828892,5,3.93520702903689,0.06804905500496394,0.5257176409735093,0.10645847585427433,1,3,36.266536379433674,1,3,22.07726375016009,0.4,2296.636426690049,-1.0
18307.02514787913,11,1,8,11,4,416.96388026185224,5,3.2575575109549266,0.9257418447767598,0.5206191581994528,0.16508189817840402,1,3,34.351407468102465,0,0,0.0,0.2,4906.2549411485425,1.0
3524.9110360935015,1,4,8,3,3,358.6761372963731,3,4.638827009079991,0.07341882408462808,0.6695058376938007,0.6080152560574997,0,0,0.0,1,2,22.12294939532552,0.13333333333333333,1569.522037739978,-1.0
43278.87774534495,4,1,12,16,3,79.701226985736,4,4.745136922503708,0.6882501650723424,0.6074585306929229,0.44199172014772714,1,3,35.95417758291367,1,7,23.484302307165084,0.6666666666666666,12643.598204540374,1.0
2502.4728568789787,11,1,12,3,2,342.57275968070707,1,4.307808474339085,0.42659094518593477,0.9846398992954873,0.18623641734378016,1,4,23.76867934082373,1,5,14.14573339766898,0.6,1070.7412098753111,-1.0
9174.58262934366,2,2,5,18,2,366.26418336607867,3,3.0600452906893745,0.31053677535286117,0.8835902768969961,0.4653325709946716,0,0,0.0,1,5,14.332159560389968,0.3333333333333333,4074.6182793749576,-1.0
9737.398650669702,7,1,10,9,5,359.39166365601005,4,4.289994549166091,0.21054108188425225,0.9160397924343738,0.7927491605411398,1,3,22.228965327713304,1,2,15.976597592847098,0.3333333333333333,3437.4435287279953,1.0
8908.731087954935,6,3,4,5,4,214.4548742342106,3,3.5637636624653783,0.899122829808388,0.49563586507710267,0.36337684880542565,1,3,45.27806411438853,1,6,27.469214363356095,0.6,2173.1815789197726,1.0
2258.2638779534373,7,2,6,4,4,203.23318182226046,2,4.653840731447048,0.8639692566492423,0.7417425418524511,0.7935568114943042,1,1,25.703004823443013,0,0,0.0,0.06666666666666667,780.1857156878636,1.0
3836.2266553596696,7,3,3,11,5,420.626720649093,1,3.586161089182875,0.03211146227782136,0.8460537388521518,0.30697248175067104,0,0,0.0,1,7,14.62495448616175,0.4666666666666667,1423.7673767728202,-1.0
3544.0536753316924,8,4,2,6,5,200.81689610387255,5,4.193593386025852,0.5678201622160424,0.497631245388533,0.15562828767201317,1,3,29.252133834021254,1,6,13.935894123295736,0.6,914.2534096210564,1.0
29087.74006876985,5,4,8,19,4,594.3502810647504,3,4.434607475410089,0.9799808063750867,0.49209313427785467,0.841536553852712,1,2,51.74831996763875,1,3,23.004190706514063,0.3333333333333333,10814.144137725516,-1.0
15668.60982599069,4,1,8,14,1,98.25441431416724,1,4.672416194490614,0.1803662918585185,0.48739440605647166,0.477480844195849,1,3,36.481176193596674,0,0,0.0,0.2,4047.6978875610826,1.0
14038.300706507922,1,3,6,4,2,355.25135980701725,5,3.8910298974984343,0.24622035323653657,0.5352066701505254,0.1271907334075004,1,4,36.55143009057975,0,0,0.0,0.26666666666666666,3382.1633450380177,1.0
2880.108734613918,11,4,2,8,4,115.92302937751087,5,4.03524565202691,0.7957097190713888,0.8057780048746903,0.5073352076619204,1,5,32.38318378068019,1,3,14.762175686620195,0.5333333333333333,1341.8185023054073,-1.0
14303.273745033399,8,3,11,12,1,490.22001170610577,1,4.740266566757558,0.9007147634467724,0.5955942744361123,0.1736221569333708,1,2,20.553791741908036,0,0,0.0,0.13333333333333333,4799.672606363059,-1.0
38630.461810433706,10,4,11,17,4,458.6396699816932,4,3.6119122840395246,0.6757708521739515,0.48109828586044917,0.3399777430080009,0,0,0.0,1,2,18.674088309179613,0.13333333333333333,9551.91208047665,1.0
2479.06268936864,3,4,3,6,1,461.97126042250153,1,3.093992766605699,0.28064639140881575,0.6208074455399897,0.6003761803354638,1,2,36.36515452712547,0,0,0.0,0.13333333333333333,776.1124968945966,1.0
10321.739339329593,4,3,13,2,1,456.9883270749589,4,4.48808616138174,0.5939062602255979,0.44711661495507,0.8116915743431838,1,1,42.29285728232401,0,0,0.0,0.06666666666666667,2849.508331905229,1.0
2204.662534356267,1,2,2,6,2,71.50633943823384,1,3.961338072491794,0.7954987438599931,0.78825059853211,0.8730521572917392,1,1,35.07775299232106,1,6,29.43681688700248,0.4666666666666667,854.2412884547736,1.0
4135.078262318267,5,3,9,1,1,513.6289211609537,4,3.989887325413436,0.4291960626245961,0.4069439238936753,0.554431602029405,0,0,0.0,1,5,29.24157816534495,0.3333333333333333,1287.0438106451095,1.0
1987.8790553449328,10,2,9,1,3,85.49206088987304,3,3.025614665260854,0.18152263345395792,0.7661025505851911,0.7536370035225358,1,4,27.641160198609892,1,5,18.183700354997715,0.6,504.40510489556664,1.0
1769.3071991010302,3,2,6,1,3,151.23505546076984,4,3.2448545971112708,0.3785668501891366,0.5568202554930414,0.3889307218168795,1,3,36.0657595317468,1,3,24.433213179497397,0.4,496.5064553580466,1.0
2134.5633573504133,1,2,3,4,5,251.10719540572427,1,4.46158990306029,0.6221359325193333,0.41896129339611027,0.38333103073008745,1,5,37.699132909993196,1,1,26.1092356442144,0.4,760.9177817473819,-1.0
1694.8146795634434,9,1,2,6,3,460.03267291046404,2,3.7153928790811204,0.3881522880889726,0.5717050634631352,0.6645098354945917,1,4,23.530796162760932,1,4,15.826436196182557,0.5333333333333333,620.0628633858015,-1.0
39525.0165652765,2,4,13,16,4,273.64595654644154,5,3.1756686300246812,0.6613426119979924,0.7605054277932544,0.6180844084653717,1,4,22.679022487917305,1,1,13.474229954097677,0.3333333333333333,11062.866994068905,1.0
10041.824490267003,11,2,7,12,3,288.1980052794876,1,4.920089682336578,0.10992497329916862,0.44054232169119745,0.13528812759569525,1,5,31.726809347839232,1,5,19.969492428155398,0.6666666666666666,3204.8128989842708,-1.0
23333.04872989511,2,4,12,19,4,435.90081970839134,1,4.721421046593977,0.6648359063687347,0.8264411072128348,0.8482754469261345,1,5,23.996341820754502,1,4,18.494237199098617,0.6,6339.543403699729,1.0
10931.940352693033,10,3,9,11,3,226.1208590165303,1,3.106176034705931,0.7592477382033839,0.8883049511017411,0.5172783676690142,1,2,25.17763093666536,1,3,17.443984190319618,0.3333333333333333,4189.31661692428,-1.0
11910.379384084628,9,2,6,18,3,242.07776000002528,3,4.670706745145094,0.7112141516880277,0.5565041359015042,0.4160352485568003,1,3,19.29737108373675,1,5,16.807090716803597,0.5333333333333333,4800.187313833371,-1.0
7460.875457533075,5,1,7,4,2,150.35612113556235,4,4.564724713213304,0.16831658195591348,0.8871980455593651,0.10577124479564626,1,5,47.733991094685656,0,0,0.0,0.3333333333333333,2222.862959930103,1.0
5288.745259479541,2,3,2,7,2,283.8781321242633,5,3.6583553784022427,0.9243639616856898,0.9630797884113259,0.13255234972091473,0,0,0.0,1,4,16.285376792080374,0.26666666666666666,1351.0162029319995,1.0
6100.336142164263,7,4,5,16,3,436.7935994564506,2,3.7251524983380166,0.68362468999115,0.4675918520606896,0.4746048996592449,0,0,0.0,0,0,0.0,0.0,2224.3038475413978,-1.0
5131.991446093766,4,4,12,4,2,189.0410265459177,2,4.382686298978486,0.31707520039422077,0.7891819224234511,0.4677676051532227,1,3,43.749824373226254,1,7,20.939434250550015,0.6666666666666666,2515.4318456803444,-1.0
7609.682171790453,8,4,7,15,5,79.17847125142433,1,3.303190406921069,0.9487490867040846,0.5480995100935142,0.5013176764775992,0,0,0.0,1,5,15.903394270041076,0.3333333333333333,2822.804434370034,-1.0
9947.312365830485,7,2,8,15,3,316.46786210382146,3,4.0312621106240645,0.16909395695160978,0.8837060080442953,0.21642356937181395,1,3,21.74903725272184,0,0,0.0,0.2,4566.136064924651,-1.0
3877.2139515099866,8,1,4,13,4,486.39422345678537,1,4.0760095697695675,0.858449712053312,0.5058823760233939,0.31276531668785124,1,5,23.491033000603082,1,3,15.234430866150456,0.5333333333333333,1713.1155345822374,-1.0
7778.395871719374,8,1,3,17,5,420.4074394460987,5,4.960596663972412,0.5545607137627746,0.9629472120824791,0.7506955890504448,1,1,27.161486258009745,1,5,17.018425580658057,0.4,2906.1071751534937,1.0
15916.65137529677,2,4,14,19,5,277.131626020552,1,3.7555749767946853,0.8124908900812213,0.6962732107273066,0.7861674023545887,1,3,25.76618459402303,1,7,16.01720668442816,0.6666666666666666,7218.225647058389,-1.0
13477.667509261806,5,4,7,16,3,472.75630960749106,1,3.554579806735588,0.24009534791457354,0.5805921122960621,0.33924328843252194,1,1,53.168851785644065,1,3,22.969165136155436,0.26666666666666666,5194.49124461935,-1.0
19881.50896068922,6,3,12,13,3,595.6393527730812,1,4.9768244716790555,0.5034030859993316,0.9686463966771836,0.8321848926345233,1,5,36.16406581571959,1,6,23.987212424828304,0.7333333333333333,9209.840179207727,-1.0
36850.711031983,5,2,13,15,5,217.99820034502613,4,4.151011153556088,0.637700178357888,0.7857175386790816,0.5899193486068123,0,0,0.0,1,1,25.339497874855617,0.06666666666666667,16629.547007831992,-1.0
1232.536797436803,1,1,2,3,3,90.9016163323281,3,4.720292623601987,0.41293289848268977,0.7672525414140852,0.6135612567234437,1,2,42.44871558151762,1,1,27.07981051415317,0.2,445.9799356219914,1.0
20111.11844439751,2,4,4,18,3,421.0868902361812,5,3.3999482453761214,0.8719014587755067,0.9532932284763317,0.6013848398459588,1,5,29.888212833070057,1,6,17.702422586975658,0.7333333333333333,4847.4716890807595,1.0
9687.126160600199,9,4,7,16,5,581.6727648376262,3,3.213063048633202,0.8274877465328974,0.5645460111556602,0.6818455170701947,1,2,23.22523227550498,1,5,15.843640090148225,0.4666666666666667,4518.727273942137,-1.0
9293.135096418344,1,2,2,17,4,362.4881159652705,5,3.8554202349375757,0.046791850767941234,0.7021195755380216,0.1527309173631367,1,2,39.71653585874392,1,6,24.82708892171303,0.5333333333333333,4119.4882753754055,-1.0
2083.965323627568,6,2,9,1,2,336.76872834647315,3,4.845314678249203,0.5472501510479879,0.43743724194583206,0.4229494799989202,1,3,36.11628096057418,0,0,0.0,0.2,657.8503346636325,-1.0
6079.005712680863,9,1,11,8,3,373.73701080362514,2,3.154006985012432,0.7536958926347542,0.945656919393404,0.5084151581839199,1,1,25.45620329817656,1,7,13.487455326474013,0.5333333333333333,2614.6944575927855,-1.0
1723.6657166911923,6,1,6,2,1,96.48353003867018,2,3.8463497028661124,0.623182961400293,0.6411159434134458,0.7704284814785397,1,3,38.68289387932735,1,7,21.382471388616306,0.6666666666666666,668.1096018606812,-1.0
37466.01602033679,1,3,4,17,1,449.3424957713196,5,4.519592719335892,0.19276202172913348,0.5063549720569609,0.3897306750331231,1,1,42.81116133354017,0,0,0.0,0.06666666666666667,9156.336410062737,1.0
5363.295071598545,10,2,11,2,2,352.41151663290077,4,3.6846324019427037,0.34437481640534395,0.48056678011719,0.6394686429916011,1,4,29.15172437406759,1,4,17.675431593328383,0.5333333333333333,1369.7073577804858,1.0
6957.797142216051,8,2,14,3,2,519.4746413194712,3,3.884513532949782,0.04775118211842988,0.5839330411755759,0.2976981235370225,1,5,20.78532710209384,1,5,16.304356356158664,0.6666666666666666,1952.265248097024,1.0
6180.945361946893,7,1,8,13,5,495.7718713453996,2,3.069250754356821,0.030436535737308867,0.9033668876622948,0.5597837500244504,1,3,22.23620173365296,1,4,11.380475417331395,0.4666666666666667,2973.582486739007,-1.0
4955.193388590149,8,2,11,2,4,576.9189858292856,4,4.521748104154549,0.5313576195948849,0.5320539592521502,0.5922443433030072,1,5,25.258033408792986,0,0,0.0,0.3333333333333333,1241.0367386591092,1.0
30358.610892910074,3,4,8,14,1,304.5712280185106,4,3.6054293300475413,0.7539834102251664,0.6844054130485975,0.8189086037382206,1,2,39.581388326313046,1,1,24.10729684639917,0.2,7209.41396459801,1.0
27675.72478602347,11,4,10,17,3,546.9250188665102,3,4.681771634208441,0.10468010403778327,0.9699015290627545,0.2459659893211928,1,3,24.907969740972774,1,2,16.323394445208727,0.3333333333333333,7669.945113381694,1.0
5361.84374167998,1,2,2,12,3,180.8651749467688,1,4.357691470958253,0.2799393105637993,0.5452724563774224,0.11436277679939125,1,4,47.122941045887664,1,6,24.161506082482845,0.6666666666666666,1995.3860815765781,-1.0
8163.028236743225,6,1,4,8,4,182.65909011918657,5,4.820402567124069,0.11773230034288884,0.5101510186512004,0.3492764811575383,1,4,38.651234731156734,1,7,19.505998028059693,0.7333333333333333,2819.530160534178,-1.0
4960.978999752069,6,1,7,6,4,194.663878086512,1,3.2357721325760105,0.2258213545347888,0.5569883512381653,0.15410790096099697,1,1,41.667557631306906,1,7,21.463127490123316,0.5333333333333333,1710.61281808071,-1.0
20137.872949464752,5,1,6,16,4,58.394260398387395,1,3.5118201928438477,0.10437692881958427,0.8233598578718528,0.2052844395746794,1,5,38.58032847144827,1,7,30.055051097570605,0.8,5242.917040286598,1.0
4345.8413523817,10,4,4,4,1,426.2084129604337,5,3.283416219068693,0.2965123516367174,0.5024361590454824,0.48014077834145263,1,5,28.49911663327167,1,2,18.680109006858054,0.4666666666666667,1172.931465505362,1.0
36832.50789734642,11,4,14,17,2,411.71058496029775,3,3.5186495179849735,0.8272336728041425,0.6507760894402899,0.24052455479293,1,4,28.251408991048635,1,6,18.502407072985648,0.6666666666666666,10989.597856622755,1.0
624.052667835166,3,1,1,1,1,336.71493307872964,3,3.714165535427805,0.0678233719711887,0.5435387316759581,0.6251206825708372,0,0,0.0,1,6,20.66026504297622,0.4,146.43023664691358,1.0
32360.654165413773,5,4,13,14,3,551.1793213325777,4,3.067028614690718,0.7838185608326084,0.7998052694000748,0.29314124332593594,1,1,52.280805288441684,0,0,0.0,0.06666666666666667,14344.629392516317,-1.0
2977.3746304017563,10,1,3,7,5,414.2449321998574,2,3.6430598050280825,0.35141264112996684,0.8857358940860544,0.6883815137367384,1,1,33.64623896963397,1,5,17.41098981664445,0.4,945.1023043483157,1.0
21395.867429336682,3,4,8,13,1,77.75426677827582,5,4.702908828356033,0.10130836682291411,0.5299282987319988,0.4395129667779417,1,1,42.34444836340289,1,7,24.840260995879348,0.5333333333333333,8035.903143065781,-1.0
8738.432480576434,11,4,9,7,1,521.1696505749296,5,4.0239912514186,0.9960980943632757,0.8451087972483291,0.5916181222240232,1,5,32.10160069781484,0,0,0.0,0.3333333333333333,3970.7033523349783,-1.0
11484.515888287659,7,3,3,13,4,191.56888849421185,5,3.2049076923622555,0.6009049859978148,0.7999537894978156,0.23765105359468708,1,5,25.40390388386938,1,3,14.884412997392484,0.5333333333333333,3337.602532890591,1.0
3524.0772937092333,7,1,9,6,2,255.89353992690175,2,3.05173416345084,0.10274591053942106,0.7968242418252167,0.33299886021604597,1,1,24.057082028162704,1,2,13.354256782178172,0.2,1450.6660398723666,-1.0
519.7133789104176,1,1,1,3,3,99.74951684469272,5,4.2647945288242735,0.9858955209217558,0.6033360540871816,0.8769641289523183,0,0,0.0,0,0,0.0,0.0,263.39676404377053,-1.0
20787.849410790386,4,1,10,9,5,230.12527692989525,5,4.27121799309034,0.16309800615162018,0.8599320222038387,0.5656247358229078,1,1,45.97166149510338,1,3,27.65264383440338,0.26666666666666666,6576.18053492515,1.0
37549.91523375556,2,3,10,19,5,138.68202703690753,3,4.599553794310006,0.3097600500091715,0.5874173936625164,0.7044699527821826,1,3,26.56250165875121,0,0,0.0,0.2,11274.23978935297,1.0
20473.55627970498,9,1,10,18,4,193.28775859516253,5,3.6652102984640837,0.8041410224146459,0.9545534358628005,0.7076577537255295,1,4,19.571961035993205,1,5,16.775402950896062,0.6,8546.53046098941,-1.0
13501.317765113268,10,4,10,9,2,445.79461598387775,4,3.318308492160354,0.1555633931402144,0.4691903045007759,0.4810585442199522,1,2,25.845266253309504,0,0,0.0,0.13333333333333333,4669.923153010935,-1.0
4311.8082510968225,11,2,14,3,2,154.0190157039379,1,3.1644873545024126,0.5550370305569938,0.4878471927449,0.2565513388643355,1,4,29.245212904561605,1,5,20.182989123090486,0.6,1411.0683065801181,-1.0
34757.67168453611,8,3,14,8,3,220.15479935472288,5,4.335735517483981,0.8901008600325078,0.9712877171261146,0.8521354552466295,1,2,29.978893260296523,1,2,12.775672667364194,0.26666666666666666,9218.54232195988,1.0
9490.293336397757,5,3,5,9,5,276.46109409914106,1,4.438480374671488,0.3003598217233009,0.8522855853475954,0.15911371617082715,1,4,41.237331081773235,1,4,30.855233368391282,0.5333333333333333,3425.446757093559,-1.0
20624.76939281421,6,2,6,14,4,174.79298697592247,5,3.0176180147870326,0.5313507546113662,0.9716677154602332,0.22376550549007723,1,2,44.088340939615094,1,5,22.330533859818946,0.4666666666666667,7770.8056736680255,-1.0
42872.862827351026,3,4,13,19,5,257.75985552240877,4,3.668412883662531,0.21241844202454008,0.7710690821517336,0.5500775089962583,1,4,28.823419731137637,0,0,0.0,0.26666666666666666,15560.380274502098,-1.0
9568.318317116718,4,1,7,7,1,422.3135150638416,4,4.230498410434195,0.3627860229869968,0.5150828749807529,0.6054364966438186,1,3,43.354415077597665,1,5,25.12046266354955,0.5333333333333333,3453.9708769033678,-1.0
34964.32505708463,8,2,14,15,2,190.10364220933602,5,4.26537679194475,0.45188911749312566,0.43589387021053616,0.4900898824584605,0,0,0.0,1,4,14.105381736897737,0.26666666666666666,12010.193696658973,-1.0
1407.093167472995,8,4,1,6,1,104.2696539469774,4,3.8068359530845894,0.6170804555879711,0.4135649706694978,0.2726735220192438,1,3,25.535891063838474,1,1,13.73284396337049,0.26666666666666666,431.67975323958194,-1.0
41936.74403291829,10,3,11,17,2,347.0045936877679,2,4.080418155803818,0.05176738094206512,0.80111371902158,0.31851190048404004,0,0,0.0,0,0,0.0,0.0,9747.382046116136,1.0
4614.216299126376,7,3,1,10,2,534.9488823846812,3,4.690373395219565,0.08516576999030923,0.7186927734580453,0.6431200473791694,1,5,24.07306663635242,1,3,14.282552556046321,0.5333333333333333,1051.2857953669704,1.0
10862.769407551787,11,4,13,6,3,574.9096748385139,4,4.66473353574006,0.020945352731847944,0.5789112244531988,0.14076532294282684,1,1,25.81998613548889,1,6,20.347545218832057,0.4666666666666667,4208.877015158334,-1.0
33469.420814091965,3,2,13,19,5,378.81062507044646,1,3.6950775465250385,0.8363560472271211,0.553831187974872,0.1609223147020818,0,0,0.0,1,6,19.638170282408243,0.4,9285.84331501297,1.0
18557.96819317424,5,1,12,7,5,514.9349017822669,4,4.5445601914475136,0.2665253533011377,0.6254614713715164,0.6840144524999758,0,0,0.0,1,7,32.19636819155018,0.4666666666666667,6390.117966292595,1.0
9204.597080403959,6,3,3,9,1,205.1684972383057,5,3.440621868923505,0.31472824039581504,0.8729074195000345,0.3981212394944662,1,2,36.740865074932714,1,1,27.24951646921809,0.2,3545.7167591908733,-1.0
318.2627363462997,3,1,1,1,5,491.5071611751089,1,3.087370483981184,0.9931218900581248,0.5524625358142506,0.436088285803622,1,1,39.254588002544686,1,2,25.275362480856135,0.2,139.403700330538,-1.0
13409.868059192086,5,1,9,7,1,93.83495782284064,3,4.9473985949012125,0.23134714779617116,0.8773653155061631,0.527398096861586,1,3,52.564819628477295,1,6,25.6299196931699,0.6,4308.000677256592,1.0
9365.921993862677,6,1,8,14,5,430.8969889757305,1,4.557176016761504,0.6765919894669901,0.6890968658905545,0.8933445208934673,1,4,43.48696977173156,1,7,18.58903719749857,0.7333333333333333,4753.278897436844,-1.0
16114.08591849077,11,2,8,12,4,541.2072264307997,5,4.529252555368786,0.7698836079771307,0.890492936314586,0.772924189238074,1,5,27.574723883753023,1,2,18.854980946890628,0.4666666666666667,6634.5262382582,-1.0
5627.957772173288,1,2,1,13,1,140.69870911568506,5,3.0178965477785145,0.09287718949447421,0.5705946950263255,0.17373027335864882,1,2,49.60471471953076,1,2,29.024146130482503,0.26666666666666666,1712.6531434816945,-1.0
4902.117317796181,8,2,9,3,2,509.7234461522346,3,4.265015298659545,0.92187592049783,0.9579198903789816,0.6313998271161453,0,0,0.0,0,0,0.0,0.0,1209.7973724051167,1.0
25238.233339641247,3,1,5,18,3,389.510959983834,5,3.044484098097943,0.4368729159803044,0.876144299348587,0.12455885967884149,1,4,29.927063822151457,1,5,23.660849107331693,0.6,6814.510963923128,1.0
53565.97191816792,3,1,14,15,3,572.197261230081,5,4.9259949749178125,0.7955644613917894,0.8204750805455565,0.14820583269738688,0,0,0.0,1,1,25.213774953206254,0.06666666666666667,13540.775937755718,1.0
5559.972530316653,1,1,3,10,5,206.7819021027947,5,3.909977268623993,0.9216992334306179,0.695316332546809,0.8421060634514425,0,0,0.0,1,6,24.100614405442993,0.4,2672.2356356515497,-1.0
3369.6678889519017,2,3,9,3,3,443.36193098662244,2,4.962856160960193,0.4394657393139495,0.5775662527956962,0.37875946720116627,1,2,28.7928784165572,1,6,13.333890405049578,0.5333333333333333,1486.812558546737,-1.0
20260.489228231243,5,2,11,8,2,174.2529111319421,4,3.7689219785075787,0.9181725432440743,0.7272203516016293,0.3560798134654195,1,1,44.47220250131423,1,7,21.701326788664307,0.5333333333333333,7878.2191205414265,-1.0
12407.959316210681,9,3,3,14,4,304.6505604395815,5,4.120845037231737,0.7134080637109191,0.8060488750377156,0.11322878255456725,0,0,0.0,0,0,0.0,0.0,3270.1548953427578,1.0
2678.333427931293,2,1,3,6,4,461.8896250253252,5,3.66607452810948,0.9649448154923829,0.8631840464253873,0.11615675261882351,1,3,22.083042402531373,0,0,0.0,0.2,1004.3816458038176,-1.0
1431.1624955990746,7,2,4,7,4,207.00509159131553,1,4.033940934853757,0.3469911342520381,0.725729459378758,0.8572058579763614,0,0,0.0,0,0,0.0,0.0,686.8262050144947,-1.0
7469.610419164609,6,3,7,4,5,490.6360100558379,2,3.0832807030720435,0.5004005924734096,0.9354892261374919,0.7554276393137103,1,5,34.97380378227566,1,2,22.981372540175073,0.4666666666666667,2286.568585635193,1.0
41851.08141151392,6,4,10,15,5,490.70529716770795,4,4.327088152309029,0.3878602298271203,0.807578250966456,0.8825463131234156,1,3,32.246714752672865,1,4,20.206057816954452,0.4666666666666667,10671.898309094755,1.0
1372.9443575087948,6,2,2,2,3,455.5994093899634,2,3.0716673755354966,0.6704068215114694,0.4350263703721998,0.1698310381391096,1,5,43.26485353970314,1,6,23.29735916930396,0.7333333333333333,469.3042309518164,-1.0
6661.232179155311,11,2,14,4,3,363.9260574710809,1,4.452902886936872,0.05901266567304986,0.7204819714817997,0.7263752573258049,0,0,0.0,0,0,0.0,0.0,1689.5120726144573,1.0
65675.25267853096,4,2,14,17,1,582.3235178836176,3,4.464382745046818,0.8928166386090888,0.6488439738863321,0.7423407543387723,1,2,33.187096826237564,1,1,23.550248959837408,0.2,14983.269221987317,1.0
8018.942011175897,4,4,13,3,3,528.6682797789449,4,3.9651928765583344,0.9137171438486718,0.8742809565760438,0.39329384248678856,0,0,0.0,1,1,24.644415653137916,0.06666666666666667,2708.0150233231925,1.0
10786.72397446075,6,4,8,7,5,301.86595692327,3,4.962439877447714,0.6601602587447604,0.7748862934147304,0.3555446953768501,0,0,0.0,0,0,0.0,0.0,3207.6951367033244,1.0
26379.706774323582,10,1,9,18,4,346.38589834539175,4,4.02402649153759,0.6039456301296505,0.5964604418308235,0.7988273608522523,1,2,30.46985770193747,0,0,0.0,0.13333333333333333,7626.284055056184,1.0
3775.8057168587243,7,4,1,19,2,378.41279689168056,4,3.5891844384217375,0.9866128566843088,0.41294426584379007,0.6383137916583015,1,2,20.019827415919103,1,6,11.196644685081298,0.5333333333333333,1310.522908934641,-1.0
2722.7677846842375,9,2,10,2,3,211.48922936150046,3,3.4145666116981475,0.4115053353219349,0.5218348415199805,0.658436833839466,0,0,0.0,1,3,11.994455098376923,0.2,845.4977775088761,1.0
19654.301445403176,5,1,10,16,3,126.57033643455728,1,3.8084016479872553,0.015445107555475235,0.9464374407120717,0.641257516000455,1,2,42.836767136461646,1,7,31.747599927410807,0.6,7364.6846577544675,1.0
30289.44462516644,10,3,14,10,1,464.38606671683124,5,3.8358357719760914,0.313700725825113,0.9844408698398207,0.84870309059456,1,3,32.409017050108545,1,6,16.564420261114197,0.6,13226.657485912188,1.0
11882.722879215564,11,1,4,17,4,566.3030994238563,3,3.1325246811888667,0.644363873349901,0.9095912391280281,0.8625062874460098,1,4,33.97942012288037,1,6,15.003102995569284,0.6666666666666666,3602.855505414953,1.0
11806.38629797365,8,1,13,12,5,419.9618742832317,2,3.4934536063370927,0.3933595464831485,0.9704608445682394,0.7091845901762477,1,4,20.68745127320205,1,1,17.38886242421256,0.3333333333333333,4710.48133071915,1.0
11656.9897402783,9,2,6,14,2,173.40891985423582,4,4.090368207243507,0.9868708811549438,0.911222738606976,0.31557947196927205,1,3,22.226645831187778,1,6,16.352504567082395,0.6,4415.573382308564,-1.0
1208.374148777064,2,4,2,4,4,468.6030583066467,1,3.164189453181548,0.10934520731350295,0.906303488118004,0.18767501965349886,0,0,0.0,1,6,15.526166217158083,0.4,379.1027833674369,1.0
2706.5311215163174,6,1,3,4,3,269.21965588913326,3,4.911061285885749,0.004113161589097358,0.8656576083034291,0.12502562461734357,1,5,38.67251236485653,1,1,20.587770242563543,0.4,864.9472699174122,-1.0
20921.44607907229,10,4,6,14,3,303.7070669410514,5,3.283860524517592,0.7077633637968433,0.9297682599431957,0.3223895329609454,0,0,0.0,1,3,14.960529263100783,0.2,5055.537131226559,1.0
14598.092500245053,3,4,4,17,5,589.8815079429784,2,4.909338353625585,0.7895738346742001,0.9067194304718544,0.8595008045555286,1,4,38.62119336195324,1,3,17.532357454153473,0.4666666666666667,3773.0589418199297,1.0
789.5834129225273,9,1,1,5,3,64.63012675465298,3,3.786635703906823,0.37247393975849574,0.7768485039863293,0.23978857176824492,1,3,26.116099224846117,1,5,14.529757450000698,0.5333333333333333,372.43372748024103,-1.0
3006.13534955202,9,2,3,4,1,446.3448535893145,5,3.672609145685937,0.8579466806906505,0.49167022056192483,0.24397929111922423,1,1,25.638656572111472,1,1,12.687223763045083,0.13333333333333333,766.8443749962902,1.0
11462.916190233753,10,3,11,4,1,446.9182391353079,3,4.693279263544808,0.33541462802309086,0.8862925150422047,0.7845092993559829,1,4,28.731722518098866,0,0,0.0,0.26666666666666666,3084.7568163664087,1.0
8279.275943503188,10,2,6,11,3,366.1512323799314,4,4.860701000749395,0.15098049854523587,0.7920078158381618,0.40461486511621325,1,2,28.558700150163002,1,7,17.041824694745397,0.6,4145.605079269459,-1.0
79999.23017871,10,3,14,19,3,86.79699595685145,4,3.4409486509661678,0.6796612273970557,0.5897292328854138,0.37418741589390137,0,0,0.0,1,5,15.383749101344847,0.3333333333333333,20959.448469418996,1.0
9677.062654685084,6,1,10,4,1,329.73428963548986,5,3.4353410438137177,0.34324096714247576,0.48859399181458013,0.5757189331379958,1,4,35.8889954322511,0,0,0.0,0.26666666666666666,2968.206496728701,1.0
3069.9306719449096,10,1,4,6,1,266.391099778817,5,4.997438144119685,0.8060287267835794,0.6099216914605535,0.5340438644922751,1,2,32.262733283566845,0,0,0.0,0.13333333333333333,1393.258222061425,-1.0
14996.724976097918,3,2,9,8,4,85.86464167649189,3,3.9235456721716924,0.10344923871079714,0.742648715717743,0.19645452934672117,1,2,40.88642829309689,0,0,0.0,0.13333333333333333,4213.606450070137,1.0
43159.56535041588,4,1,11,15,3,438.215439724282,4,3.719423984293416,0.17610616975779492,0.8416680064368237,0.25907712406348626,1,3,42.69272966711915,1,4,24.141972000066932,0.4666666666666667,10807.27676711339,1.0
7611.15804738761,4,2,7,9,5,350.803320987225,1,3.6705913079218284,0.48621296233866995,0.40087899584151415,0.8193016808052894,1,4,31.755552230431732,0,0,0.0,0.26666666666666666,2741.473516412854,-1.0
18216.537826775653,11,2,10,10,5,261.8780150916476,3,4.150504817169458,0.2151509526070049,0.9643260590751308,0.3074034416364554,1,4,32.513293098679924,1,6,15.225327803002083,0.6666666666666666,5165.754586937448,1.0
8662.062242663742,3,1,5,15,1,428.1239476836316,2,3.0686993913319593,0.3700792030436002,0.9077110137028304,0.1558859429095093,1,4,40.07990831243156,1,6,25.130313068254377,0.6666666666666666,4069.520085431713,-1.0
20245.83377034531,11,2,7,19,4,544.0185765322198,4,4.383807724200312,0.729964581420454,0.9811944266732657,0.28585733214937303,0,0,0.0,1,1,15.048371585436632,0.06666666666666667,7410.712551226904,-1.0
21562.853569877476,6,4,8,10,5,584.4674367566689,4,4.762942779786882,0.9294439897402434,0.8519447182846724,0.7310238652936489,1,5,42.466774196044504,1,4,26.29029977036783,0.6,6153.853027318675,1.0
3662.095687478389,11,1,9,7,5,546.7977269719662,1,4.686138545450126,0.08855425197191036,0.41505841329819887,0.28804754403353783,1,3,26.34668114064916,0,0,0.0,0.2,1765.7826360496285,-1.0
5799.430588204151,8,2,10,6,5,342.349261061836,3,4.7359868453877905,0.8951919995171636,0.4377119762097893,0.7727386091707676,1,1,23.751738927147212,1,4,16.274306906038255,0.3333333333333333,2655.0471830542447,-1.0
13099.591410021394,10,2,13,16,4,486.0053468480796,1,3.880453015711244,0.18866708301778723,0.9848194076250879,0.3759336570511823,1,3,31.79434007809887,0,0,0.0,0.2,6390.886507951796,-1.0
18046.234249125177,10,3,11,5,1,570.1731126232834,5,3.566879185372115,0.6652937381905463,0.9947842939301083,0.3038460772052626,1,3,25.247762137550772,1,7,16.87323723537568,0.6666666666666666,5367.518088730879,1.0
36167.307064289525,5,2,14,15,3,260.1640718029869,1,3.9921937044717084,0.04813767523405099,0.8721801928826758,0.544479939775267,1,5,39.36783904904469,1,5,30.20096460011262,0.6666666666666666,10637.762368883523,1.0
27826.53776550801,1,2,10,10,3,149.5352134512273,3,4.245641743552961,0.6375817092874487,0.8421879787213942,0.21128662398636325,1,3,43.70842153737514,0,0,0.0,0.2,6950.045860003331,1.0
19016.203731963917,10,4,10,18,5,456.0499160665818,1,3.155647237792061,0.34466327468835667,0.8814123744164688,0.48176679356260677,1,3,32.86719080134057,1,6,17.019502249023486,0.6,5737.805482170243,1.0
29650.381474003567,4,3,8,8,4,269.38300988841854,5,3.1597080453268904,0.7661876834534036,0.586472142744195,0.7441858214798737,1,2,45.50996981907034,1,5,21.792567033116985,0.4666666666666667,8174.955893476076,1.0
29478.70689456847,2,3,8,18,4,291.35615870688576,3,4.818675147581614,0.42382005487222685,0.9763862074489283,0.27080253811598065,1,1,27.70917319560315,1,7,17.921925986162364,0.5333333333333333,9029.899314507915,1.0
2149.1585159937813,11,2,11,2,4,345.39692921978065,1,4.475451869269692,0.02540075899465455,0.9557218099375113,0.886333692824949,1,4,32.79441703532976,1,7,17.217806153823354,0.7333333333333333,834.6624218827171,1.0
2720.228271448722,2,4,2,17,1,58.786705863860284,3,4.860229798556759,0.8792575391617268,0.8971662326752087,0.5706471078646616,0,0,0.0,1,1,16.414571161300938,0.06666666666666667,1377.1721223595018,-1.0
29004.871510364348,5,4,14,10,4,520.3397211277619,2,4.965460209715864,0.6845397405050858,0.6236882062986163,0.17762003126168963,0,0,0.0,1,3,29.86059390719173,0.2,7797.081628025428,1.0
14773.007926713093,10,2,10,9,2,269.20106966138337,2,4.414959100419226,0.8314903376710063,0.5294776794636813,0.8578204282820467,1,5,23.228657990691712,1,4,18.240503005481468,0.6,3816.390396220745,1.0
8599.86652396544,7,4,9,6,1,529.1976875512321,5,3.579451113188974,0.9872947149962611,0.9701094362390014,0.5595527865651195,1,3,19.424510011337713,1,7,13.594546269019125,0.6666666666666666,2738.877631803159,1.0
721.1524591909474,11,4,1,1,5,261.6977327643124,4,4.514653910069862,0.6409921969382192,0.5963939823063116,0.3772378051486758,1,4,25.7133014406795,1,5,19.775031012417415,0.6,163.63852311984533,1.0
3022.37770476693,2,4,2,9,4,179.64219623323186,5,4.8790809020612365,0.3458692918557632,0.42685501347018984,0.34035496547535016,1,4,26.920599693289347,1,5,15.214897847106736,0.6,1362.3410866894249,-1.0
17723.614609896635,3,1,13,10,5,443.6813668037335,4,4.617871241446022,0.6934816923184484,0.42041821441122107,0.5227449427141674,1,1,34.91207108004685,1,5,24.254748785618133,0.4,7640.014919271921,-1.0
14107.03373761674,2,2,11,14,2,416.1896754866138,2,4.77017890925654,0.28083370292288645,0.5259466645979359,0.5915659815500806,1,4,22.93443475489834,1,7,15.560808301119998,0.7333333333333333,5854.949857442264,-1.0
3872.2726479332923,6,4,10,3,5,597.8405838163937,3,3.31733108693423,0.13826076111800223,0.7688626078879655,0.7055332404663716,1,1,34.01846038439553,1,2,24.541504502428413,0.2,1854.0527781384967,-1.0
14165.625607763077,2,2,8,16,4,547.2793825201138,2,3.269401520931912,0.07627398643886574,0.46072824579633087,0.4064279648158201,1,3,29.731645568599816,1,5,17.2404088174348,0.5333333333333333,5012.066395771695,-1.0
3424.93851377607,3,4,4,9,2,385.7074942952795,2,4.646351484956431,0.0946195384091425,0.8063705946791826,0.27198750940079935,0,0,0.0,1,1,23.27281592073446,0.06666666666666667,1645.4389355752903,-1.0
10870.59554039385,5,3,10,3,4,136.57224525695028,2,3.982397639425053,0.6329325688500843,0.42226134718785824,0.8185508107604252,1,2,49.327137169434856,1,7,26.20956074011165,0.6,2685.6900890438774,1.0
345.240135406081,10,4,1,1,1,308.8061525601339,3,3.532309640904863,0.6301229887126274,0.9557145299925802,0.25899379303171455,1,2,26.779017307314778,0,0,0.0,0.13333333333333333,126.58837869279397,-1.0
16246.421596946924,8,4,9,15,1,141.0775298268344,5,4.448843370346082,0.6948177530213849,0.8165223334375911,0.8063739645185409,1,1,28.166319093089783,1,6,17.55376601823136,0.4666666666666667,7435.270600702278,-1.0
5431.870066200462,7,2,7,10,4,590.6440653487416,3,3.2272677795004583,0.2632088499332925,0.7092501773296332,0.7811579600783853,0,0,0.0,0,0,0.0,0.0,2614.3879468807527,-1.0
786.7449821175067,7,4,4,3,1,219.10517414492992,1,4.3865140316790034,0.8258634351437154,0.8844397175795018,0.7280544458562649,0,0,0.0,1,6,12.436362058019474,0.4,364.72410857165045,-1.0
5285.377831578949,8,3,2,17,4,297.4603236826657,2,3.43984569549713,0.011311536261484623,0.9198932653814008,0.5188203896447944,1,3,22.285538146941605,1,1,15.487935183338104,0.26666666666666666,1992.1666263813374,-1.0
8621.077229304125,7,4,4,12,4,351.6519781202914,4,4.479318588933353,0.994190156718625,0.557497788258467,0.6072419657437849,1,3,25.840698923016546,1,1,13.201138520300681,0.26666666666666666,2181.7650580346144,1.0
17808.242489066357,2,2,11,16,1,445.39734484115365,4,3.997065805945211,0.22181957276199415,0.8830884238626496,0.3354590833860983,1,1,23.267557031264374,1,6,12.641581531541597,0.4666666666666667,8986.085324696234,-1.0
34781.897726719544,11,1,13,16,3,312.55204461562556,3,4.372176559797964,0.9614248765980812,0.622239518360792,0.2562239746781537,1,3,24.709580098056215,1,6,14.472802766385154,0.6,8644.944114793434,1.0
20890.993036141634,10,3,9,10,5,458.1454084972429,3,3.590704812410349,0.8952184867225975,0.5065409408857907,0.5280298317252357,1,5,28.227823865308853,1,5,20.126101152092843,0.6666666666666666,6511.627599283319,1.0
3772.375877759848,8,4,13,2,3,225.05071398999218,3,4.292085925860519,0.28886399044361033,0.5354926458997273,0.6663241993387252,1,1,23.002323754608785,1,5,18.271642544412686,0.4,1088.0156237800795,1.0
6690.427452066198,9,3,5,7,2,134.26042704444174,2,3.505332401006942,0.9986725543512802,0.5601771640607324,0.2845486747691588,1,4,19.47155363012856,0,0,0.0,0.26666666666666666,1700.7421496615402,1.0
46468.97037609137,4,3,10,13,5,189.23199569532204,4,4.915450552890209,0.362024526857741,0.4278586628034035,0.8762613381098422,1,3,45.92995246783222,0,0,0.0,0.2,13862.162444172478,1.0
6051.822177173823,10,4,1,19,4,401.72604599754385,5,3.0424609833479455,0.8143831076479375,0.4678934696522316,0.47127194471309075,1,4,31.621620583179322,0,0,0.0,0.26666666666666666,1711.1577573727095,1.0
7819.934091279984,4,2,5,9,3,139.84608144249452,5,4.403448247015094,0.5430131047690676,0.7611270157360206,0.5226089709826435,1,2,39.486722957063286,1,1,21.56367376827571,0.2,4032.607682892645,-1.0
48196.95449535326,11,2,13,19,5,250.90799315396967,4,3.655709363243001,0.8769486168024969,0.9187616202542159,0.24301871035837622,1,4,24.222274864530807,1,2,16.061224351124263,0.4,14044.234996712446,1.0
20987.92330084298,4,2,5,15,3,303.4984714728769,4,3.097942768571042,0.08667657323105338,0.8810487212522401,0.8291094073703408,0,0,0.0,1,4,20.274067787387786,0.26666666666666666,5817.429996676526,1.0
5897.9373627456225,10,2,3,15,4,576.1072514944292,2,3.1828616108547507,0.10378721684946579,0.7143004921955096,0.6495918420475137,1,1,32.42184578370869,1,2,20.305430445592638,0.2,2057.401059419168,1.0
1983.6825947499499,5,2,6,2,1,526.2895109380917,2,4.5595657639347165,0.18708942619724123,0.7285858078215087,0.6089599541645327,1,2,37.51660288220083,1,1,28.43114772127151,0.2,856.4066920296009,-1.0
29172.26779319913,6,2,11,10,5,436.68324203861505,3,4.779265006967464,0.1100934997700711,0.8286758499256199,0.21730576554654002,0,0,0.0,0,0,0.0,0.0,6805.822736831526,1.0
2721.837721200108,5,3,1,9,5,53.76002564287179,3,3.5554999732205728,0.6037088702804332,0.9945264321243756,0.5377855365693319,1,1,42.68802121456883,0,0,0.0,0.06666666666666667,1045.795096153631,1.0
10143.74529629573,10,2,4,10,3,537.3298683714924,5,3.152187946099661,0.9006551489185505,0.9696607127229393,0.8920822352897072,1,3,27.695822014403195,0,0,0.0,0.2,2815.9610147581634,1.0
20572.19807100584,4,2,6,17,4,554.7093127531766,2,3.3879323029671395,0.42193226656345506,0.8204329403861158,0.6180529328357883,1,3,34.5742208648535,1,3,25.204165614705804,0.4,5889.518824867256,1.0
21103.691653591526,5,3,10,7,4,238.77526405944997,5,3.216680011541878,0.0002480237084775405,0.46107631674036176,0.7130932859867073,1,5,53.10820894366946,1,3,23.99618143511984,0.5333333333333333,10445.513782626827,-1.0
4532.901846521491,4,1,4,6,5,584.7226177916417,2,3.7665416803657745,0.9541420710859049,0.4846057853431275,0.6440881128965458,0,0,0.0,1,3,20.036586764173443,0.2,1196.9574274669062,1.0
10077.98990881554,9,1,9,9,5,309.72663728108097,2,4.684507056872952,0.2670930121081643,0.6358169549698083,0.3384294886376784,1,3,25.622068455758313,1,7,11.983821680813287,0.6666666666666666,2531.6293210918266,1.0
1772.6025726778494,6,2,10,1,1,236.8550625179644,3,4.704317986789569,0.7559831443006347,0.5101182719817534,0.38963876000684694,1,2,35.94029092176152,1,1,25.661355612682158,0.2,701.3565152506646,-1.0
22375.229387729505,3,3,6,17,3,528.3971601194289,3,3.5962622481652886,0.8218090528872506,0.48077659167244713,0.6941118665167446,1,5,33.32035775249249,1,7,25.310942173965984,0.8,9582.051063912522,-1.0
12345.931990019286,11,2,5,10,3,585.7835644862129,4,4.640586541551139,0.9976381344009632,0.5188052268958654,0.26628643387761797,1,3,33.81989926247467,0,0,0.0,0.2,3064.4792592873255,1.0
4786.484585912083,1,3,3,3,3,441.76988726068225,5,4.046292749257838,0.813741482871899,0.6871028090594256,0.5359410566443193,1,4,38.90913435180949,1,4,25.84068630379901,0.5333333333333333,1505.3126134975182,1.0
4304.553466218263,9,1,2,13,4,416.3130236006092,3,4.2647912313575675,0.22479749313994124,0.5479174085223304,0.7299122072950002,1,2,23.152805320205253,1,4,12.640518658015077,0.4,1208.4926483940972,1.0
36353.04794052819,1,4,13,17,1,401.8079505253929,2,3.3539203360608782,0.5437102633610331,0.9746797549299917,0.6025777858327891,0,0,0.0,1,4,23.694858620417776,0.26666666666666666,11439.940916408621,1.0
14705.001779769751,9,3,5,15,1,147.73630035219364,5,4.855367196692713,0.39378252226967747,0.4611062292916542,0.36066099336245716,1,3,23.49243073617408,1,6,12.155870601921418,0.6,6220.567135489515,-1.0
12119.268494688904,5,2,7,14,5,224.7136756912235,1,3.98676634281805,0.6731300335627051,0.749307933906262,0.8461584996503532,1,5,39.2571056704504,1,1,27.219171632416135,0.4,5130.415789835156,-1.0
2629.6160979688734,8,4,2,8,1,485.14562642233466,2,4.0023656944903285,0.783213384366389,0.5901418026569286,0.5129277173731247,1,1,30.50688456871122,1,6,16.37049693330595,0.4666666666666667,839.295608798026,1.0
1666.0003677491995,2,4,1,11,5,104.80434935351376,1,3.6293897266066826,0.3952540084845555,0.8006120114619074,0.8155620950587931,0,0,0.0,1,4,14.053014260141836,0.26666666666666666,460.3898600527218,1.0
12606.003324186288,4,1,8,13,5,55.726042636883705,1,3.433264402051031,0.7488979566078758,0.9558222692233178,0.1730954486795488,1,2,33.95088081990561,1,2,18.50462458714285,0.26666666666666666,3758.061155361781,1.0
2154.7146018260746,9,4,1,10,1,98.47795210671342,5,3.7811099660611047,0.07693035022099182,0.5381936527397989,0.3479543585606535,1,5,28.043829440865256,1,7,15.61533045266965,0.8,1110.4151156278747,-1.0
41089.39697996617,5,2,11,18,2,580.3850873667054,4,3.9129025883944637,0.4611561079599631,0.591482004485288,0.32172684295012355,1,3,39.000065546175556,1,4,24.72233601667036,0.4666666666666667,17763.93700821873,-1.0
13443.087091288142,7,2,7,9,4,172.82778136209436,5,4.332177477917525,0.6939264429376296,0.8579995539848264,0.3105061790059274,1,3,22.128586652801335,1,2,15.598487703644473,0.3333333333333333,3343.2579051909443,1.0
31400.145559415483,6,3,4,16,4,149.4719091190293,4,4.207150927083099,0.4799175269832978,0.6565565375572346,0.7088066640349577,1,1,40.015460470510256,1,5,25.644572190379666,0.4,7329.374510886757,1.0
464.03002136871487,1,2,1,1,4,168.43117275190775,5,3.6804742637262757,0.6535222146406274,0.9740350895856466,0.8547033525678237,1,1,39.387761043495836,1,7,23.136914605919493,0.5333333333333333,199.15991774588895,1.0
10264.41609107899,6,1,7,11,3,57.04731313342717,1,4.084513458287123,0.12330112204652943,0.6641084646102142,0.7496031515190335,1,3,38.43665318373088,1,4,23.145303631712533,0.4666666666666667,3095.815968772647,1.0
4026.75021386039,7,1,1,17,4,234.2152295012024,2,3.9574841252855144,0.7366235343271629,0.9280660989835218,0.8124332681044775,1,5,26.93680085689327,0,0,0.0,0.3333333333333333,979.5002358049622,1.0
3805.635958600369,2,2,4,6,4,501.4392212174793,2,4.9618683137758675,0.8393157477500958,0.6673521803839126,0.6509197413551437,1,5,26.986864876691556,1,4,17.39389737462656,0.6,1189.6528897181245,1.0
5497.092301170154,9,2,7,6,3,156.76992681728916,1,4.895745745729333,0.5380082917071624,0.5718429260221871,0.38324849464243005,1,5,24.45171945142049,1,4,16.179399730652424,0.6,1318.258903719683,1.0
25061.1442957584,4,2,11,19,3,574.1151845884496,2,4.416036278861647,0.018935533226771883,0.7856523396781587,0.12660801182116518,1,4,33.26220006139958,1,6,18.49892418830657,0.6666666666666666,11570.701117947377,-1.0
10354.161801279857,11,3,2,19,2,348.3090194242036,4,4.497959266587655,0.05256845878954941,0.5516363587918274,0.7730214525268237,1,3,24.144407345238257,1,6,19.439418695558153,0.6,3930.624953231131,-1.0
23358.16456350256,10,4,8,19,2,473.9388662340516,4,4.575685152496955,0.6759107318023446,0.647078934763962,0.8169821081368454,1,1,31.53919084352163,1,2,18.59211795922382,0.2,7965.442575868116,1.0
13216.622264432384,11,1,7,19,1,525.4361399429388,3,4.812169644177403,0.42111517086762973,0.46889267116440897,0.7711995075418304,1,4,29.801406226629176,1,3,18.473367154038375,0.4666666666666667,5954.855495066032,-1.0
10094.982286144203,3,4,6,9,1,208.03844003406584,1,4.627885481714172,0.7975853524908175,0.6607830959791983,0.2731882188686584,1,3,42.217019040874334,1,7,19.756111111913402,0.6666666666666666,2381.4053834692986,1.0
35373.46196074419,3,1,10,17,1,500.707159973912,5,4.433417004518079,0.9162225920297764,0.9524948766704232,0.663223202171714,1,4,30.844869771905476,0,0,0.0,0.26666666666666666,11359.523385756274,1.0
6460.4498961382,3,4,1,18,4,283.4344438395543,5,3.0728534250252273,0.05772795880233217,0.4680047108088913,0.22291664399067124,1,4,32.381685479494884,0,0,0.0,0.26666666666666666,1850.5976025061404,1.0
39777.46457438598,2,3,12,19,5,106.46306668725325,2,3.971699461833075,0.4583908561988499,0.6091122666053925,0.7541077702604906,0,0,0.0,1,4,17.604912759317862,0.26666666666666666,10835.627300248245,1.0
13334.095514927,10,3,14,3,2,170.46187852031707,5,3.6354160074390354,0.03801766946648377,0.9478532628471401,0.8202421621066992,0,0,0.0,1,3,18.611382620564957,0.2,3910.7455123042246,1.0
4264.891067339091,3,3,1,18,3,271.32344661527475,1,4.9849893537921455,0.020688682842089356,0.5302002881413247,0.7240166050215943,0,0,0.0,1,7,18.579209778538424,0.4666666666666667,1555.32600972639,-1.0
21190.484071726838,7,3,12,19,5,544.0044565696792,1,4.299646488622985,0.4579633160499438,0.740183466380075,0.43312735018175086,1,2,25.095848436731995,1,7,14.881897251424899,0.6,7731.741834411409,-1.0
1760.2819245757248,7,3,1,7,3,96.9248033352073,3,4.542092194934708,0.5570125197729389,0.7558513768750659,0.3663294750174476,0,0,0.0,1,3,15.102249393958056,0.2,501.2417118475875,1.0
5445.141602768968,4,2,9,4,4,304.72866664166247,2,4.121500691174925,0.4557704300579364,0.8806345032013136,0.44247399028973267,1,5,40.02770384784259,1,6,25.09741702398917,0.7333333333333333,2193.8484425559427,-1.0
16041.178647995268,9,1,10,12,5,106.15101849112486,3,4.777588486392153,0.1989301221250327,0.5328562407161036,0.7769531012678428,1,4,28.525463886696922,1,1,13.070235660119438,0.3333333333333333,4211.552462325908,1.0
37880.61766718235,9,3,14,18,5,267.3473778338932,3,4.99632792065726,0.6350671590369197,0.9241105519433572,0.7637564521910233,1,1,21.496961876800782,1,1,12.212278333330616,0.13333333333333333,13753.088590800975,1.0
7339.416921817423,1,1,10,6,1,252.9037537340419,3,4.2561650587656015,0.6188469022925339,0.9798487031482028,0.3384041733051817,1,1,48.75119988923647,1,5,24.797049831137382,0.4,3629.538329198637,-1.0
41149.72960015215,4,2,14,17,4,425.3725763566035,4,3.9460124554939515,0.29737839338031624,0.838549833134737,0.773999480085124,1,5,41.53745755419675,1,2,25.3265417717867,0.4666666666666667,18329.22125360178,-1.0
5864.042384280851,4,2,3,9,3,113.30184514569433,4,4.562912598216183,0.15596711801780982,0.5032556043582662,0.7647385002854061,1,1,38.213387746926365,1,1,24.237699996348628,0.13333333333333333,2135.8433985245056,-1.0
36050.15093664734,2,1,14,19,3,351.97319945224405,3,3.4096497053584294,0.6391025049884855,0.6980510011232572,0.15607156128444766,1,2,20.628026786611684,1,6,14.224954520800866,0.5333333333333333,9708.574807810097,1.0
9757.292895655046,1,3,2,16,5,334.85211848933506,1,3.5667260394216127,0.7547420952005399,0.8216959693890435,0.8204390916585845,1,2,43.73025959614377,1,4,29.222668749440253,0.4,2696.1579504101464,1.0
6656.4309326724015,5,4,3,13,5,590.0244024305,3,3.866029198654377,0.4124390137160495,0.4705923431558406,0.5989185920836246,0,0,0.0,1,4,24.79491859225808,0.26666666666666666,2988.310982391004,-1.0
21092.63010744673,6,4,10,11,5,168.0360823712913,4,4.048612055985501,0.3493277443771017,0.8499437333668856,0.8238453365697728,1,4,32.028018489243856,1,4,23.686983541296566,0.5333333333333333,7921.860643552201,1.0
3652.044729940759,5,2,11,2,5,576.967619508974,1,3.212449632128484,0.3294429645838667,0.513613773483226,0.11852014495461693,0,0,0.0,1,3,22.56060311658871,0.2,1135.4840332425756,-1.0
13963.593375770766,10,4,11,15,4,381.5744465530454,3,4.0325549418779465,0.45066881253118707,0.9572671648464454,0.6310118182994894,1,1,33.179028698285336,1,3,18.505653004388048,0.26666666666666666,7335.172003313917,-1.0
10988.950881280116,8,3,6,15,1,370.77410843036415,2,4.778712013056669,0.6199738232811148,0.7583510381608032,0.8898231987074273,1,2,23.491579965161034,1,1,15.465764804355803,0.2,4465.712043886801,-1.0
1631.955142507939,5,3,3,1,4,224.6315251107035,2,3.6693699022062356,0.9825729370023882,0.43898436548738523,0.6470086198060453,1,2,50.161402279235446,1,7,27.53632142123822,0.6,412.35016094694964,1.0
21305.457929313583,6,4,5,17,4,458.16124795128763,5,3.226015096180543,0.6459672550239423,0.9903388218160105,0.5806962416684945,1,1,35.868601865607374,1,5,23.52712506123387,0.4,7245.985215219907,1.0
3127.7492908856943,9,1,1,13,1,367.99403101063285,2,4.460841440161159,0.21296225793061374,0.6252075120295426,0.8285140351660734,0,0,0.0,1,7,15.238133573496555,0.4666666666666667,764.7726147793022,1.0
2899.623988618822,3,4,1,7,2,207.93717248846403,4,4.025561058855349,0.6811497373031968,0.4779410166021125,0.8458830969730515,1,2,31.466400280885896,1,4,20.33471056360355,0.4,726.1079260308604,1.0
22469.738192531746,10,1,9,14,4,240.64552948972133,4,3.809108865331998,0.06546931450707805,0.9686324005690556,0.3703203534068531,1,1,25.754537695908297,0,0,0.0,0.06666666666666667,5824.080216258982,1.0
7556.434809305987,7,3,4,14,5,75.17209923264812,3,3.743333092935016,0.7949752992104515,0.8391326583152352,0.24833522247986128,1,5,20.014697638570432,1,6,13.027353918632292,0.7333333333333333,3454.7737911258814,-1.0
5818.635908554083,8,2,4,10,3,238.7008646697899,3,3.824836209097746,0.7094967405934914,0.7100756219475941,0.10582293118004645,1,1,26.50972118592568,1,1,17.0832981810719,0.13333333333333333,1797.328528915857,-1.0
525.1276773621995,11,1,3,1,1,522.3904030595052,5,4.782519659844988,0.5291186810529795,0.6120060378175572,0.14795456645136867,1,2,28.3857058468424,1,3,17.24023285857687,0.3333333333333333,273.4833994507829,-1.0
18377.257461074496,4,2,12,8,4,102.32855581663136,2,3.423512187000474,0.12895455602129713,0.9457649080752135,0.46783660892306766,1,1,31.711068325776942,1,7,24.30431226468507,0.5333333333333333,5204.310936504939,1.0
13822.73224884005,4,2,11,11,4,478.693877235933,2,4.627851355765736,0.24032894419641726,0.5854235973462608,0.13620514558963084,1,4,36.72445121921673,1,4,26.51704857879755,0.5333333333333333,6755.511157505877,-1.0
1337.3190480918906,5,1,11,1,4,471.1945565348177,2,4.540982796671654,0.7438143170059077,0.9060134653702899,0.632631648825609,1,3,50.131757580880745,1,5,27.460187426335388,0.5333333333333333,691.3000835679742,-1.0
8655.589946046151,7,2,5,10,1,549.0772037673057,4,4.918329074795976,0.9676781640351141,0.9578733790936924,0.470036876777538,1,2,20.523426618335726,1,4,15.651552114810247,0.4,2480.227378480724,1.0
3556.7124122558234,7,2,2,6,4,273.1061666065799,5,4.2972424754007,0.2969290522348986,0.4863680349701662,0.5083172441649876,1,4,19.81552638446421,1,5,15.64679646356919,0.6,886.6593783136349,1.0
8288.870236632793,4,4,1,18,5,548.0646161957075,4,3.5737637955867014,0.7643120384292353,0.9604836628498867,0.8319690256086055,0,0,0.0,1,7,22.940656013554904,0.4666666666666667,2034.1102233188583,1.0
3289.695436124588,10,4,6,6,5,433.69774261239115,2,4.3993468207993445,0.18282210690233924,0.6389048512539738,0.8433274336611918,0,0,0.0,1,6,20.39011587534596,0.4,1511.237879804933,-1.0
10002.782909074866,11,4,11,8,1,144.87805645737637,3,4.6882164199743315,0.6683116953494155,0.4949175025266851,0.29247037251403085,1,3,28.83295562467444,0,0,0.0,0.2,3899.0440571112217,-1.0
11753.846702095958,5,4,9,13,5,342.61126147892224,1,4.1526362994989,0.325799718970492,0.7452300193325255,0.2365266970729093,0,0,0.0,1,2,28.31727709802253,0.13333333333333333,5100.499819461709,-1.0
53461.29094633055,1,3,9,15,1,532.8120995078905,4,4.600927852414474,0.6401111609436934,0.7498664736311904,0.28410619585995855,1,1,41.170678201899726,1,4,24.817200661257452,0.3333333333333333,15732.738675394041,1.0
17339.893275818493,2,3,7,12,1,245.0510426160937,2,3.3826600605804886,0.08017732244335629,0.8033142523756731,0.3535644919668467,1,1,26.52883458125439,1,5,16.307674497732762,0.4,4265.205989947866,1.0
4287.189958143399,8,4,12,6,5,504.95608927109134,1,3.0187052702085104,0.6459171021933336,0.7890779696588617,0.8522853715725762,1,4,26.883660004696097,1,6,16.97434527888466,0.6666666666666666,2099.8529753278613,-1.0
5917.573145260968,5,3,2,7,4,559.260889721784,2,4.561452331388699,0.6663866895672574,0.6351382995922736,0.15363155684162672,1,1,47.26554020360516,1,4,26.579916773291398,0.3333333333333333,1563.313317463724,1.0
4105.57522475693,11,2,13,2,1,573.0568828789498,2,3.4114985101467337,0.3913005016449427,0.9566752571323226,0.19895924698125322,1,5,31.8935700964622,1,3,14.425380860988206,0.5333333333333333,1181.277860396017,1.0
3394.879696902523,11,3,5,5,2,528.9935255163741,1,3.1349924905984596,0.6392204468835359,0.6587921551535985,0.4288848978285492,1,3,25.551543564675853,1,2,15.48314589194604,0.3333333333333333,1262.349688476808,-1.0
65055.13440507589,5,2,10,18,3,239.78512640081652,4,3.6616802101969945,0.04496857122460285,0.5265031257018103,0.505235981427674,0,0,0.0,1,6,21.877006469163607,0.4,15869.86219750354,1.0
4096.769924376371,9,4,11,7,5,194.90544717002712,1,4.793845482045551,0.7879183594147862,0.909099411236512,0.1815046623501088,1,4,23.296128006934747,1,1,15.082598920539356,0.3333333333333333,1933.1822584499853,-1.0
1349.6698183507392,9,3,7,1,1,91.64429340955937,4,3.1633357672217532,0.31886335977897884,0.6613879724819041,0.5033967382078995,1,2,27.75371174230365,1,2,17.03569982198807,0.26666666666666666,540.4271543528812,-1.0
12207.144716068566,7,4,10,6,5,464.7781156001942,5,4.440197991251376,0.6246555252885504,0.7087377647297186,0.3400886381001863,1,3,21.321800506024378,1,2,11.434992287848113,0.3333333333333333,2895.1050045585193,1.0
5878.054696911833,10,1,5,12,3,269.7649842931971,2,3.321884534950449,0.3813381163173214,0.6797645443205342,0.33876671560969457,1,2,25.407629747069727,1,1,15.137169808358788,0.2,2127.0066678185062,-1.0
11949.41086810359,5,4,10,7,4,526.0340549041919,2,3.2739073783797195,0.15608318221040374,0.9813783658242667,0.6385806512058859,0,0,0.0,0,0,0.0,0.0,3837.052484033932,1.0
6892.702826117002,9,1,12,6,2,143.97797723820588,2,3.9256510960984237,0.2560627754263155,0.7536421679215279,0.6735760369285855,1,5,27.35448043787517,0,0,0.0,0.3333333333333333,2111.7572317748127,1.0
10829.519456738697,7,2,9,11,5,91.80054393129245,3,4.449246601917226,0.6403421529040735,0.9369615585355953,0.5157239646405162,1,1,22.89546791357594,1,6,11.133565794905955,0.4666666666666667,3808.9040155146718,1.0
7316.739817136556,9,4,6,9,3,599.2352745621503,2,3.765331659124394,0.6542549920082402,0.5165351012995887,0.18218241611559308,1,2,20.56090514862225,1,4,12.254819439585656,0.4,1851.321294693865,1.0
7161.556747826138,1,2,11,3,1,133.25532130954196,5,4.096095005677087,0.7024452444001158,0.5122797098170739,0.6233692312132856,1,5,41.235027575406654,1,7,21.656707162753218,0.8,3302.040676358982,-1.0
6611.519257368372,1,1,7,8,3,524.061074913699,3,3.2062536942864517,0.922062267166209,0.8922399031831116,0.6364030620060619,1,1,48.912966598606374,1,4,24.374571694493135,0.3333333333333333,3473.881294697365,-1.0
20337.241567819397,3,2,9,17,3,243.66221388000008,3,3.0255770754710882,0.4775005222342973,0.9375546857435055,0.5774144252188721,1,5,33.67736563914503,1,5,23.247362178642287,0.6666666666666666,9756.969838291048,-1.0
5245.173373218012,10,1,14,2,3,84.77591052413312,5,3.7347804536632365,0.0935232963269973,0.8919748724353482,0.64692342757086,1,5,26.884957782165607,0,0,0.0,0.3333333333333333,1551.906371011052,1.0
20276.677842218807,10,2,10,11,3,230.48253357718968,3,3.963307495659187,0.8284657882495069,0.9097952705197764,0.7794745318402788,1,5,32.71376975090737,1,1,16.082105113912018,0.4,5541.664738793954,1.0
1988.0287369934106,2,2,8,1,5,453.3477602497133,4,3.612069408601961,0.9883981102235291,0.9266847850743063,0.6539332714202324,1,2,30.147294994117008,1,5,17.28890904239641,0.4666666666666667,525.0907077099067,1.0
3204.1722907887415,9,4,9,4,2,590.7133076158705,1,4.531618322979913,0.4309148926788603,0.9962512875552346,0.7166295326981271,1,3,26.42146394913353,1,1,14.817538128730034,0.26666666666666666,995.6118754323174,1.0
20639.847566758162,7,4,10,17,3,367.7799689415856,3,3.1327079821020547,0.7731443461572676,0.829095795124048,0.542153963062992,1,1,20.637056987159244,1,7,14.065647787992189,0.5333333333333333,6137.502105900878,1.0
15951.287331378222,8,3,7,18,2,64.96785274374061,1,4.578684903193852,0.43198897065041864,0.5223535318276785,0.17035553984434076,1,4,20.841650348230925,1,5,13.609890641048988,0.6,5027.637204210848,-1.0
14231.040871221383,11,1,13,8,1,404.52623965605005,4,3.221349958234498,0.6275472326842928,0.9496189211712043,0.4620517337872735,1,2,30.17160103520505,1,4,15.669976148680462,0.4,5006.248830750139,1.0
3903.1677305016824,6,4,3,4,4,167.3721105803943,4,3.3903872914378175,0.4338331651859725,0.6897943442856542,0.502505954117177,1,1,38.755940077483096,1,6,27.145635176491698,0.4666666666666667,1047.8191356719908,1.0
3997.355752638871,8,1,14,4,3,552.4306734745413,2,3.7584360197155817,0.6105137223762348,0.4865597792433875,0.2400288078389302,1,3,21.940843518702636,1,1,17.89621982121848,0.26666666666666666,1736.6803994840693,-1.0
5042.437802214778,2,2,7,5,2,388.44918471496015,2,3.9914652154441117,0.6694129145425122,0.4891042197004186,0.49764032619677534,1,5,24.943475616739157,1,4,16.197948791534994,0.6,1469.8103480365,1.0
11243.012049967108,5,3,3,9,5,514.8432377343959,3,3.0493654666343666,0.10395269228754456,0.9587032368028762,0.5548070157876251,1,5,38.3218883713591,1,1,24.35634988194695,0.4,3309.091311475754,1.0
9155.39904817183,3,2,5,17,1,427.6846898020901,1,3.940102325944528,0.36108081086215116,0.984916688240187,0.10600335013300288,1,5,28.97655350268733,1,5,19.03767363462269,0.6666666666666666,4026.19336046517,-1.0
9739.016414787595,2,1,10,10,2,356.95062220193216,4,3.3559082604176007,0.47257029195302924,0.9222653293848263,0.192174942305485,1,3,30.773844879635632,1,3,18.014327984300596,0.4,4425.833289833757,-1.0
1642.4787853338212,2,1,6,3,5,109.35393908259078,2,3.194219709804333,0.5720161414842972,0.8889883511257486,0.5302321298426278,1,1,25.726340776946323,1,1,12.375848313361018,0.13333333333333333,568.7202943545047,1.0
15029.91864360008,6,2,4,15,2,343.96801386227384,4,4.471550384035058,0.28916506098773476,0.8116406180375333,0.5392075858098266,1,1,32.12575730547065,1,6,21.177739632468455,0.4666666666666667,5020.34974989724,1.0
19384.007026460677,10,1,6,18,3,531.1346404590162,3,4.838057302780216,0.3261991798961903,0.5940447713247826,0.5513124695094946,1,2,28.842728375937536,1,7,17.57085464366925,0.6,5020.708812488601,1.0
6208.005483659959,8,1,9,6,1,145.9516686631441,2,4.978674352511245,0.3480205075556708,0.857232507723262,0.14776825022038356,1,3,28.573730399767143,0,0,0.0,0.2,1666.7967207943886,1.0
2112.739625393625,6,4,2,3,1,399.76450165773196,3,4.094171784535917,0.1291206798232194,0.6404262602029203,0.38146523582916725,1,4,34.22957511245572,1,2,25.199711403945926,0.4,551.3590702950946,1.0
20288.43566690085,6,2,9,13,5,221.47076721576516,4,3.0030477877666626,0.5948255413783857,0.9717719200527029,0.6176432439247834,0,0,0.0,1,4,18.555393589889796,0.26666666666666666,8780.520557761047,-1.0
10618.218638737882,1,1,2,19,1,595.3580900019015,5,3.197034650231548,0.17853915456678504,0.6194495068608733,0.8673074471562184,1,5,39.432518085957334,0,0,0.0,0.3333333333333333,3787.6843456244196,1.0
11954.617808946303,8,4,13,11,2,329.44442582296864,1,4.186207299674382,0.3899201732046589,0.8335425888228609,0.6368596802456057,1,2,27.851626438665843,1,5,14.233481909871042,0.4666666666666667,3788.1391247016236,1.0
3980.0010287347986,9,4,2,14,2,376.5840344740361,3,3.462083590030576,0.7460480868905556,0.5096993369942441,0.21123027859472013,1,5,22.4307493720122,1,1,16.084339933199796,0.4,1468.4806799980165,-1.0
8688.720887541049,9,2,5,10,2,339.0348522946918,5,4.714797728666557,0.988544519236498,0.605979043158069,0.6640482189496086,1,4,22.00792162490931,1,6,15.818951917762156,0.6666666666666666,3141.285372602346,-1.0
24159.759471561076,4,4,14,14,1,565.4730776698385,3,3.5557343372044725,0.7175058177679843,0.5768580217375983,0.18926569136805763,1,2,44.948819926874066,1,7,24.23453081427545,0.6,11968.205387732494,-1.0
14306.229840774256,6,2,10,5,3,66.71658660807037,4,4.0238202318208405,0.13979800917771035,0.636090701933269,0.5992337182755862,1,4,41.12310583079155,1,2,21.933506485357988,0.4,3899.857087878724,1.0
6731.347034629631,2,1,8,10,4,233.62446381101398,3,3.835306197530157,0.4902017808375475,0.6433304617812461,0.6779636236072142,1,4,25.819748431398224,1,7,17.473060924699954,0.7333333333333333,3317.744175678334,-1.0
19161.550500603273,7,2,8,13,5,70.69944749671369,3,3.625658233554013,0.09449286833249537,0.7508728137705047,0.8949358764521324,1,5,25.810959939259515,1,6,13.557413342234737,0.7333333333333333,4382.136823346067,1.0
2527.89068706639,4,4,1,13,3,563.8757220237394,3,3.0499420496793648,0.9436801906374458,0.44203722759354797,0.48092808918155194,1,2,35.07643915093398,1,2,23.84651476961615,0.26666666666666666,1197.2516744970467,-1.0
23134.03038686078,10,3,6,11,1,425.5391475873324,4,4.175501360944657,0.20553177192054473,0.7658222108569753,0.6391821819328902,0,0,0.0,1,3,15.692150951816402,0.2,5371.88163359316,1.0
27979.919158503955,2,1,12,16,3,238.29052767577323,3,3.312921785644453,0.9854015404970332,0.9440493911906092,0.8702798129820258,1,2,27.970733553843356,1,5,16.115895068200512,0.4666666666666667,7116.088230806742,1.0
4498.398983599715,8,1,2,19,5,200.32188771719217,2,3.636674628861744,0.8240544896690084,0.49704311783952726,0.25747288106125155,0,0,0.0,0,0,0.0,0.0,1112.421827011707,1.0
49866.84636871887,11,3,10,16,4,287.74685193243124,5,4.288278747469944,0.7218336015257706,0.8294964021915783,0.67851416628315,0,0,0.0,1,7,16.908552223755944,0.4666666666666667,14997.08457720567,1.0
1049.0174652864694,11,2,1,6,2,240.84982382874412,2,4.94308038861703,0.9364510344721613,0.9606439879692995,0.8034220992655308,1,3,23.69104021708775,0,0,0.0,0.2,387.59746623799293,1.0
14309.026940742291,5,2,11,8,3,338.55534977025724,1,3.640637147139519,0.8859223643900975,0.8600430512236115,0.7636698500886937,0,0,0.0,1,5,26.79623789777712,0.3333333333333333,4268.8118373377765,1.0
729.46739391786,8,4,7,1,2,93.3142312753931,4,4.364541693595196,0.8598334808462408,0.6248863788499003,0.8942654359059187,1,3,27.50998680108789,1,5,12.837099116720202,0.5333333333333333,385.8764358168547,-1.0
1618.081526249518,10,2,3,6,2,291.0869298252713,2,4.768794552770517,0.8643496270606393,0.5484760828878388,0.770387681367238,0,0,0.0,0,0,0.0,0.0,746.5217348929002,-1.0
9595.203107134374,9,2,5,12,3,62.15130154220708,4,4.145324818241282,0.8801801853004031,0.6509368931533408,0.5370287593534282,0,0,0.0,1,2,13.928749519509132,0.13333333333333333,2840.7960766811684,1.0
3401.574426833059,10,4,2,13,2,59.82303080842828,3,3.149201964633861,0.31788198198550355,0.6541908066716762,0.4715785542657269,1,2,23.290234218486408,0,0,0.0,0.13333333333333333,1263.6833735365858,-1.0
2084.7497723990814,3,1,9,2,4,571.9740398756823,1,3.0179306720658112,0.9552015391181198,0.4833975304818843,0.3301339825625976,0,0,0.0,1,1,17.514873016939323,0.06666666666666667,647.4963215166273,-1.0
6988.573956116295,7,3,5,7,5,309.784998492653,3,3.1696352870696405,0.5415932797944923,0.8419789419857675,0.6728407115969696,1,4,18.811266833858046,1,1,11.428285841413803,0.3333333333333333,2008.7422157222302,1.0
9970.772930306102,9,4,9,9,5,541.1533351130468,1,3.9251860544889396,0.7334104434260126,0.9852223903272581,0.537987915124797,1,4,24.271760716527254,1,5,15.654258942065097,0.6,2272.5303786576833,1.0
14935.39023448581,5,3,6,8,2,406.5265633541583,3,4.869727748367087,0.025938356248688788,0.5304564069164975,0.48633655824960254,1,5,39.42836939057187,0,0,0.0,0.3333333333333333,5294.885481095756,-1.0
2475.522332415523,10,3,1,7,2,351.76409766885524,1,3.390549537011232,0.5047593048794586,0.576344447724613,0.14278373562918906,1,2,28.823349861510582,1,4,16.380671976668413,0.4,607.5298267212119,1.0
45953.87395982944,1,2,9,13,2,361.2214903102847,5,3.256114132649611,0.6614015982119769,0.792300382481921,0.28732693126875103,1,4,47.56786642199701,0,0,0.0,0.26666666666666666,11261.613042195504,1.0
18579.408368570155,9,1,11,17,3,565.1799630038764,4,3.3267930941344837,0.5146137644475518,0.5663382839167245,0.54834947427841,1,3,24.234166448240906,1,1,14.720834420742184,0.26666666666666666,7470.138119214554,-1.0
2865.134265985385,10,2,1,8,5,347.91275204095103,5,4.990932926993049,0.1494246912494307,0.6563814458188424,0.7144608148443854,1,5,34.12338069085906,1,2,15.87396424660492,0.4666666666666667,957.6500881654198,1.0
2998.2132385327764,2,3,9,3,2,522.2504136552906,1,3.463926082273603,0.47964790052033257,0.7884641451741076,0.4564750836275353,1,3,29.664555488665023,1,6,15.614546569591997,0.6,1228.3885652133913,-1.0
24921.235751844462,11,2,11,14,1,51.517806677904545,4,3.7749600110456862,0.8986890191939303,0.42442430416751276,0.1345602406846001,1,4,26.214291854532256,1,5,19.438813477083343,0.6,9071.724666270884,-1.0
19559.527408531612,8,2,8,19,5,478.5713239091106,2,4.626358257473264,0.17059866942746005,0.6349725384590557,0.25356572114781273,1,2,26.17997057066399,1,3,17.02533694686955,0.3333333333333333,5593.659759971895,1.0
12211.053535235398,1,2,10,6,1,397.58844249148024,4,4.418853806589886,0.3087675286443565,0.7973283842745543,0.3939730556711506,1,4,43.462805830463616,1,4,27.71284735437222,0.5333333333333333,5200.3352471115795,-1.0
21024.553949584006,4,4,10,14,2,563.0093788306344,4,4.121844129540314,0.897648725360331,0.46006872679361055,0.49509232861302477,1,3,38.752930380349994,0,0,0.0,0.2,9750.695356716215,-1.0
7202.97839773361,7,4,12,9,5,474.6644037801627,1,4.059293163460087,0.9903774343858296,0.8749716171539346,0.7045160224018182,1,5,21.081092019024055,1,5,13.596491548967576,0.6666666666666666,2694.5800241470356,1.0
1364.526723051474,4,4,5,1,3,381.234407805015,2,4.55878570136342,0.031998518681948473,0.6987796364328942,0.7891491707866131,0,0,0.0,1,1,25.893675840710817,0.06666666666666667,318.1810870428018,1.0
14632.598507159675,4,3,8,7,3,490.601292637654,2,3.6050052313378016,0.4968551583080074,0.7533380689088343,0.725746716250568,1,5,36.93136246041136,1,2,24.910638146041897,0.4666666666666667,4380.243967299679,1.0
43762.63444723211,6,3,9,17,3,50.0030451716559,2,4.075899476999563,0.8353661823655819,0.7545890692622195,0.45165532873083014,1,5,39.38615792119047,1,4,23.205822023122195,0.6,11695.674729602357,1.0
13344.879883182539,8,4,10,7,2,140.43243633120295,4,3.5964177392267507,0.449288370924363,0.8343243780781322,0.8692402383736172,1,2,25.322020142301195,0,0,0.0,0.13333333333333333,3220.7461567439977,1.0
6540.641263583117,7,2,4,9,2,241.06944795348124,4,3.6230843568764923,0.5138376267829124,0.4527742519017921,0.3820966674911147,1,5,23.05731964305848,1,1,12.109541242954199,0.4,1848.2631713277308,1.0
15966.706978337741,3,3,5,7,1,169.45442895424424,5,4.07624003545344,0.5514858965324552,0.7334316594266376,0.6774024526643079,1,5,38.16147914861068,1,1,21.11082281704762,0.4,4272.307196391147,1.0
24683.86658552734,10,3,10,11,5,98.66832494301426,5,4.610582565942131,0.7671441595563009,0.5552086822384292,0.10269000572871408,1,4,24.359153873177064,1,3,17.05449361186689,0.4666666666666667,10352.222798207746,-1.0
26894.559378590686,10,2,13,16,3,318.1791805436008,2,4.23350665410343,0.2796075010677521,0.7941893175539962,0.5323639671370739,1,2,32.39508516418774,1,3,18.93170467274927,0.3333333333333333,8269.116494407359,1.0
16594.703170937984,1,3,10,12,3,87.64623153543863,1,3.8969406836518194,0.9949012513467144,0.4279066889604798,0.20206459548973188,1,2,44.73596477157792,0,0,0.0,0.13333333333333333,6992.793295813996,-1.0
810.6663397052473,11,1,1,14,5,89.2854176859382,1,4.1169292848729455,0.5007480192678987,0.559838292386014,0.42667459480412684,0,0,0.0,0,0,0.0,0.0,380.7346562140874,-1.0
4924.420657684828,7,1,6,9,3,411.4088354160406,2,4.4172542041046245,0.8553522390050665,0.48290367115786104,0.40859815675232014,0,0,0.0,0,0,0.0,0.0,1397.6392171956877,1.0
10154.523258011388,5,1,3,15,2,54.448010353955475,3,3.410168449332609,0.1179043670107931,0.8215120305474618,0.3971266646901087,1,2,41.95947714885732,1,7,30.033634896067575,0.6,3792.937636678496,-1.0
8695.402077404082,7,1,4,15,4,561.5130334435834,5,3.3844741339857913,0.21537337609102514,0.5574957511028933,0.5612240836764495,1,5,25.974605914206506,0,0,0.0,0.3333333333333333,2956.2768329756427,-1.0
9853.241300283678,11,4,12,4,5,573.6539887935437,4,3.69801467128679,0.3971710962037903,0.5443023189887901,0.7694638748753294,0,0,0.0,1,3,17.674368994743816,0.2,2550.6724562878208,1.0
13162.713796281369,7,4,7,19,2,575.8909828026445,3,3.1346707977700143,0.04326488065154954,0.8172191786209477,0.8558358409871446,1,3,21.778221813488198,1,3,13.301731200499901,0.4,4923.924106464179,1.0
8215.521062530885,3,4,2,13,3,71.81164642568092,5,3.0830600583627685,0.07859676105766245,0.5231884637767275,0.8886420268424832,1,4,39.47811192805443,0,0,0.0,0.26666666666666666,2319.9741317691232,1.0
20507.149927495775,4,3,10,7,3,570.1587594802437,5,4.465525407548825,0.7289249001860743,0.7391459914526495,0.35814695572030786,1,1,36.78256518702381,1,1,27.321512700015212,0.13333333333333333,8689.160034967203,-1.0
38920.89458348273,1,2,10,17,2,102.09962340749496,5,3.3729078426221086,0.33600055720760835,0.7746434819495027,0.409246534967705,1,5,42.095269999866,0,0,0.0,0.3333333333333333,16278.005833871675,-1.0
3104.4864809205515,8,1,2,15,5,202.75059677757116,3,4.637298971435463,0.6236571897114834,0.9745476265519638,0.8236323479421004,0,0,0.0,0,0,0.0,0.0,1072.095313876517,1.0
12973.585554116835,4,1,6,16,3,75.77341567856203,1,3.242807700451376,0.9368292772448437,0.746374134181987,0.17411233836330703,1,3,45.601660474596585,1,5,21.849057233852538,0.5333333333333333,4110.496768629978,-1.0
47881.396964160194,4,1,13,17,1,74.6497879865246,4,4.006803533100302,0.9066290982725429,0.6845742133082917,0.21403641531587106,1,5,42.3969076846466,1,6,25.750173145345933,0.7333333333333333,14804.853984473431,-1.0
18236.27462397544,4,4,13,18,2,235.45749311686873,1,4.3871943773956446,0.993110531822783,0.7543813394767824,0.1994530152471895,0,0,0.0,1,7,26.898092773548377,0.4666666666666667,9213.232896341673,-1.0
56834.678237008935,5,1,14,16,3,522.4836657301169,3,3.665052754327541,0.5486681399943322,0.628764879571735,0.3301123454718957,1,3,38.725672700703164,0,0,0.0,0.2,13845.26224413831,1.0
26468.631371984793,5,3,10,5,3,269.4392225087163,5,4.456369877005832,0.2708088031748157,0.5883502753656353,0.6338579958213546,0,0,0.0,1,4,22.079035421017814,0.26666666666666666,7223.918724958039,1.0
9302.35498686822,1,4,9,3,3,448.9754650983467,5,3.8899038621388344,0.003034427902922854,0.8265967190435403,0.5519636032397529,1,2,45.991962972936534,0,0,0.0,0.13333333333333333,2393.7476837398694,1.0
9895.512114818046,8,2,14,13,3,391.07655720717014,1,3.4700487519017553,0.9781338094321887,0.923708843184375,0.18605866731276272,1,1,25.754168743915677,1,4,16.791162522598054,0.3333333333333333,5012.194785750253,-1.0
6010.23827048595,3,3,1,16,2,405.6577776877935,4,4.088662433278108,0.8739392861999139,0.8056017614437205,0.43749147353562257,1,2,41.59658944381349,1,2,21.564353791820956,0.26666666666666666,2123.826791707265,-1.0
42845.252321359614,3,3,9,16,3,326.60024804625033,4,4.129921768105961,0.19250593314633746,0.8248869307435438,0.32276904497431336,0,0,0.0,0,0,0.0,0.0,13702.523868582442,1.0
10429.568285919073,10,1,6,11,2,516.9812136332407,3,4.808124775066349,0.937496652504261,0.7557324426140714,0.24940049060392477,1,3,25.8214990226407,1,6,14.472950414132526,0.6,3049.8542522992047,1.0
11722.597215657446,10,3,8,12,3,163.30005840500877,2,4.267108159493142,0.7759995213636715,0.9866722254455975,0.7150646481981621,0,0,0.0,1,4,20.633495834413935,0.26666666666666666,5275.175010744525,-1.0
19441.293685886252,1,3,9,12,2,273.99286700698553,2,4.961107849291414,0.794874626517885,0.40352254663112935,0.18989380268288925,1,3,35.06757120938638,0,0,0.0,0.2,8416.253157057707,-1.0
1864.3639444743424,7,3,6,2,1,482.72902853826923,2,4.270568099958408,0.06225405606581291,0.7515278072356567,0.3405690173196749,1,4,25.327199761691038,0,0,0.0,0.26666666666666666,687.5806635140227,-1.0
557.058063160945,8,4,3,1,2,281.921801575118,1,4.547116944056504,0.23107292929533552,0.5175681685433172,0.3313425016418663,1,1,25.566526262031438,1,4,15.173457937356131,0.3333333333333333,160.7988712672269,1.0
4148.555862953238,6,3,1,10,1,156.45126749123398,5,4.386827205322186,0.22819806394520858,0.4456180645823959,0.550639580859799,0,0,0.0,1,7,25.580218754210303,0.4666666666666667,1739.628793921969,-1.0
25284.811664506193,5,2,11,13,3,598.1047337663639,2,4.885896529390423,0.6934806306110217,0.7003482038034714,0.25597384627129555,1,4,42.6224042903474,1,7,31.396359905201603,0.7333333333333333,9607.035836238254,-1.0
41300.53702474526,5,3,11,7,3,450.8764938628519,4,3.4740081565798615,0.7997288349586134,0.4928392053851814,0.3603760345918736,1,3,36.4479014073218,1,1,31.29589307012867,0.26666666666666666,9620.697943580155,1.0
5641.457373993979,3,3,6,4,4,559.6939015474732,2,4.118323863106735,0.681627530787175,0.867784640851738,0.42754741516181516,0,0,0.0,1,6,18.15518530353207,0.4,1800.11110602807,1.0
2202.3066598592504,6,4,14,2,1,552.3277910242348,1,3.984233512382664,0.5496386052865398,0.5436498650954776,0.4025324637581513,1,2,34.080822057385205,0,0,0.0,0.13333333333333333,1129.769462768757,-1.0
1584.9813580877164,1,4,6,2,2,122.23434739183729,1,4.285902278571472,0.17443860653643561,0.9037143935711094,0.8313572288074407,1,5,37.56691991407674,0,0,0.0,0.3333333333333333,590.0869510237663,1.0
5695.297809249313,9,1,4,10,3,276.12944906777716,5,3.4911602657314704,0.01857559576512169,0.693808330828763,0.45863299536389124,0,0,0.0,0,0,0.0,0.0,1793.7942157546386,1.0
2944.825000341414,3,2,5,4,5,560.4485626977687,3,4.972326221216511,0.6338725263064764,0.6124178327571547,0.11349440917428666,1,3,37.408261809676574,1,3,20.063063153658216,0.4,1399.0663767699323,-1.0
14432.748917172834,1,4,10,10,4,192.89000860019397,2,3.064431460480101,0.13886289515949712,0.909092786862876,0.8514546920393783,0,0,0.0,1,3,26.826389547508477,0.2,5212.899635876283,1.0
10136.963778220803,6,2,2,19,4,437.94488923696605,3,3.905439920981536,0.8479777172388564,0.5768226490231755,0.12930337789097976,1,5,38.903301263378125,0,0,0.0,0.3333333333333333,3238.743485280358,-1.0
16994.324995257317,5,2,9,12,2,444.8496496591741,2,3.05441676761926,0.6292383756343116,0.803923343973638,0.4897155797001209,0,0,0.0,0,0,0.0,0.0,6342.3570872474875,-1.0
4983.911317943258,5,1,1,19,4,201.38382048223278,1,3.795053978911138,0.9288453597002369,0.8949979668166673,0.30437780012652926,1,3,51.9385316891574,0,0,0.0,0.2,1435.0796643143726,1.0
5704.324229537017,9,4,7,8,5,143.63599532430916,2,3.5469158055254493,0.10062762726172103,0.6897663432827793,0.5104651285836205,1,2,26.037888456095903,1,4,16.841114715974573,0.4,1878.5374874073534,1.0
10301.555038446744,8,2,8,10,4,372.7181461743156,3,4.628661824602343,0.8196591469659641,0.6742671028190266,0.3406310743231796,1,2,21.253941918589412,1,3,16.312176270669184,0.3333333333333333,3560.4465049026894,-1.0
2269.273979776617,6,2,2,13,1,196.45928802439772,1,3.5173073295807775,0.22512662714357878,0.4127248303788492,0.56172753406885,0,0,0.0,0,0,0.0,0.0,1053.406236194349,-1.0
1797.1410951992834,1,3,2,1,1,538.1748093924195,5,4.991862331796084,0.02031272812170659,0.9094009306451917,0.6568450634129948,1,3,47.74726383799358,1,5,27.184355771889543,0.5333333333333333,502.1072330767173,1.0
11505.162490576733,9,4,7,10,2,583.6308035992398,4,3.0705563335020125,0.31665969464423416,0.41714781427031417,0.13213357354478844,0,0,0.0,1,3,13.430436328158635,0.2,3114.2743915858628,1.0
9316.085643182823,7,4,6,16,3,136.75733869234173,3,4.342236576263076,0.027555222280766123,0.9626051352931589,0.7174600447443729,1,3,22.993402762611108,1,1,15.66801974982345,0.26666666666666666,3493.038027946993,1.0
10258.18946110245,6,3,4,9,5,314.3544473665354,3,3.6567596781607934,0.11656061477085089,0.4130004503105008,0.24770588572834368,0,0,0.0,1,2,24.540385127140084,0.13333333333333333,3320.364248049435,-1.0
2336.684953399629,6,2,5,4,4,264.53059742048356,2,4.760320716791275,0.8872733216425589,0.6448984005398307,0.2099473070014505,1,1,33.55735136720261,1,5,19.558699217425165,0.4,1193.3857365134006,-1.0
14283.092289124641,4,3,5,10,1,522.5725421459885,2,3.3477858135780014,0.2610863186663144,0.9390559923934316,0.6010292276034175,1,3,41.45402164078359,1,3,25.387188249797152,0.4,4070.398850495581,1.0
2442.8735787521327,7,4,4,4,3,427.2232593097371,2,3.283936346395409,0.16228286953378346,0.9936652048097175,0.6218008439181555,1,2,19.979204437959407,1,6,15.687966849647113,0.5333333333333333,647.4104682714855,1.0
5707.3172051738475,10,2,2,11,2,314.9592439440039,4,4.982763774345626,0.9327752076503695,0.7588335086695719,0.14944158175057734,1,2,28.045292799063557,1,6,16.392506124260823,0.5333333333333333,1687.9052236312866,1.0
3493.78893134604,2,1,2,16,5,481.8144357962588,1,4.6025533451099605,0.3328812610571077,0.5290077828007,0.5574138704168375,1,2,25.809172436428664,0,0,0.0,0.13333333333333333,969.0321386966685,1.0
23159.90938236887,4,4,8,8,4,411.6910018221715,5,4.77770371544881,0.3514582876453871,0.7803072147201504,0.6074675762607328,0,0,0.0,1,7,27.710847750261657,0.4666666666666667,5382.065692073556,1.0
7868.96189360296,4,4,2,11,4,322.12967466624093,5,4.233114953681589,0.3397818564453181,0.8825637312826202,0.5718485966140309,1,1,40.4765540184992,1,4,27.64637375015366,0.3333333333333333,2167.0413255706862,1.0
15583.666734245659,2,4,13,10,2,153.44153192228185,4,4.959039521481703,0.33450892576426183,0.5745890897594973,0.21676699641427544,1,3,28.23895403592134,1,1,13.498415756493376,0.26666666666666666,6017.7949365623235,-1.0
14328.502334546716,9,4,7,11,2,204.1108505995368,4,4.803227886769613,0.8428581788723963,0.5005583890688537,0.3929304100930323,1,1,24.948453784381417,1,3,14.772117014423172,0.26666666666666666,3432.519640028667,1.0
5876.508319751427,8,2,4,15,1,375.2553002105901,2,3.732255993339176,0.27388117354971686,0.5189884953362138,0.2589553388890762,0,0,0.0,1,3,12.895395940796387,0.2,2219.638699674275,-1.0
10762.02753526861,9,1,10,12,2,263.83751296994785,4,4.525749398813767,0.33997290303401306,0.4639559551025316,0.6460969999174462,0,0,0.0,1,1,15.154339370585383,0.06666666666666667,4619.370369252571,-1.0
35627.665552361854,5,2,11,9,3,296.5176864771885,4,4.713862365767548,0.39245051390147434,0.6809632129939341,0.4460702055282063,1,1,43.48571353708617,1,1,29.19392187513152,0.13333333333333333,8592.512722547042,1.0
9935.75188323117,2,1,4,10,5,309.69023781045547,5,3.8350492119320654,0.1865557267880701,0.42219369720593053,0.6499269328639159,1,4,27.57094846849853,1,7,18.110018707896455,0.7333333333333333,2480.642444407728,1.0
26468.628293912814,3,1,12,10,4,343.94248112440056,5,4.887797619896329,0.2160175779392154,0.8759551077864268,0.3158775663750827,1,1,32.04951628826783,1,6,18.29378206280131,0.4666666666666667,8045.7222684070175,1.0
8705.559740065439,5,4,7,6,3,494.37436810028606,1,4.2931255073745405,0.04044118661190821,0.6202813349822279,0.310715944894682,0,0,0.0,1,3,31.19517418499155,0.2,1977.8028488600023,1.0
18020.674288925107,9,4,9,15,4,81.73080641056806,4,4.575437886269931,0.5059728886850094,0.6928393456347361,0.3899967829793395,1,1,19.420300956432992,0,0,0.0,0.06666666666666667,5697.838737437239,1.0
3768.683172905365,11,2,8,5,2,283.51466509584185,2,3.4704198518068994,0.3570982301557881,0.4211899651569302,0.21334041950906324,1,2,32.171409312162545,1,4,15.212916397068838,0.4,1711.2266222495748,-1.0
17455.15630514343,4,4,8,13,4,53.737956610582856,2,4.657118597748709,0.06228594868309778,0.8083687116784763,0.33115097391917603,0,0,0.0,1,5,22.198571194054168,0.3333333333333333,5156.986597639867,1.0
2593.7223383645473,4,3,1,9,2,459.44072896878987,1,3.8842026992739926,0.12959546880454254,0.6487982505681293,0.7545403332964395,1,5,40.42824876774708,1,3,24.88173385737606,0.5333333333333333,1194.7669315015708,-1.0
10010.588368431854,7,3,7,15,2,130.9712781449658,1,3.444009029288799,0.5030847954736897,0.9643367724835816,0.5570673878578272,1,1,24.43176616365082,1,5,13.452793282512896,0.4,3566.485587389788,1.0
2130.566526223226,7,2,2,7,4,340.10761453515744,4,3.357005094544049,0.83871009132835,0.4693620836025622,0.5546413572338156,1,3,18.58974925714814,1,4,14.797703874733264,0.4666666666666667,868.8227581402164,-1.0
20818.20659365136,8,4,12,10,3,394.9028610613964,4,4.320671301914732,0.1027073006796394,0.41201828045444516,0.17661050089011177,1,2,24.87180555853265,0,0,0.0,0.13333333333333333,5498.384623903836,1.0
5408.806441060648,4,2,10,3,5,260.4583592617255,2,3.4782178848108174,0.44008955571382924,0.5756738888667468,0.2736184431316059,1,3,44.71071074802469,1,2,23.276433358509937,0.3333333333333333,1683.6931864965923,-1.0
5712.8019913090675,10,2,4,11,5,428.7916333718682,1,3.219613247895931,0.4336269274584802,0.6584707912736163,0.877843752501513,1,4,24.582352174198416,0,0,0.0,0.26666666666666666,1597.3118297305539,1.0
38554.54115287755,6,3,8,13,3,103.29148875757615,3,4.809380317258786,0.09216766240855756,0.6713823423021082,0.4020618786531672,1,3,42.131347834741064,1,1,23.023471070250928,0.26666666666666666,9427.6503211388,1.0
78863.24548698936,9,3,14,19,4,210.22236513532405,5,3.8544170543616003,0.0028933184967371295,0.7672379056731293,0.8621299799410268,1,2,24.26226912990975,1,4,16.70855272955172,0.4,20575.054964655184,1.0
67364.02539863499,1,4,10,19,5,282.921926911195,5,4.515183401679872,0.30986088652268295,0.83122539583851,0.2562397887390997,1,2,43.85938690998307,1,4,21.40383562516677,0.4,16613.437385690708,1.0
7258.072661524432,4,3,5,7,3,457.8927998751186,2,4.117061588162055,0.5489697589118196,0.7064980672787526,0.8551079280311028,1,5,45.45765842115135,0,0,0.0,0.3333333333333333,2910.200708325253,-1.0
3074.9136313707627,3,4,1,18,3,144.14040611706844,5,4.65838350150679,0.08073434524793133,0.626399286346059,0.45683083597863916,0,0,0.0,0,0,0.0,0.0,1312.591486588153,-1.0
8774.72677681262,7,1,10,6,1,451.41689651205365,5,4.368533595607181,0.5027774021129657,0.6039030365107055,0.36484135486995173,0,0,0.0,1,2,15.699159204000601,0.13333333333333333,2557.2313291946753,1.0
1104.0932806251362,10,3,1,3,1,229.77947080846934,4,4.838682289515965,0.9952048338983457,0.5186924135572679,0.7484265145717824,0,0,0.0,1,3,16.286889748486868,0.2,370.98419342712936,1.0
15699.675980262395,10,4,5,19,2,187.01638476338994,5,4.673918314487338,0.5516861993751241,0.6939107039300819,0.8896510433878996,1,1,31.006377882832094,0,0,0.0,0.06666666666666667,5641.918158407998,1.0
8039.35112434383,11,3,13,7,3,61.90917117034516,1,4.3423247066152,0.7283104420478259,0.9195863902257666,0.4142875544269101,1,5,34.31047374138254,1,7,20.620676600741724,0.8,4095.831431044669,-1.0
1477.8026715924154,7,1,2,4,4,429.6261444299718,3,4.027506324959402,0.0187290490257912,0.646965747031223,0.5955589636186426,1,4,18.09438342524429,1,6,14.800023161837466,0.6666666666666666,472.71999899746163,1.0
3326.182385005805,9,4,4,4,2,536.2600462851265,3,3.359972628011307,0.4649212223951922,0.8024312821086341,0.8718289223600296,1,4,26.32989391914568,1,1,16.54516557006203,0.3333333333333333,775.6051944593452,1.0
23361.6012577314,1,4,11,13,2,406.5597904957456,2,3.9124215085652114,0.36337262618012944,0.9900115688213359,0.285510096805781,1,3,36.417583569821346,0,0,0.0,0.2,7484.17521815213,1.0
12027.72321131815,5,1,3,10,1,419.0386120545029,5,3.391726009651032,0.7678668026717566,0.5888272500704474,0.3741745432215191,1,3,44.68217460525094,1,1,32.016746963756276,0.26666666666666666,2884.4682816641657,1.0
31806.098284259944,9,2,8,19,3,99.31773372026393,4,4.583752712459529,0.4676794844694173,0.9111386430674608,0.7984324718541523,1,3,24.16171028632687,0,0,0.0,0.2,7229.749557868118,1.0
22870.694299764607,8,1,14,10,2,128.94110128952025,3,4.342990510583181,0.5695627406649163,0.793906389368418,0.19241920984619557,1,4,22.381826034544,1,5,18.136803993907467,0.6,5235.47292991725,1.0
6195.102210969526,8,1,5,6,3,270.0676459687569,4,4.76664229031099,0.16922819233831066,0.6023265234722838,0.21629369671771015,1,5,27.789284457794643,1,6,17.679295309791634,0.7333333333333333,1610.4018212454569,1.0
5715.211575268678,3,4,3,6,2,102.62717986160101,5,4.8877725934691085,0.9084136932770003,0.6795849149670468,0.21372683560858408,0,0,0.0,1,7,18.445708741492112,0.4666666666666667,1503.4152522704308,1.0
7031.032163071655,9,2,5,10,1,478.42161040376726,3,3.982003940425524,0.09653255551189388,0.9510816400608145,0.6349284188327771,1,2,22.639344292835787,1,4,14.298376944781094,0.4,2258.3205357252637,1.0
11171.976511748488,11,4,12,9,2,103.10295758958964,2,3.860491993077493,0.27522255917928606,0.7908759148419509,0.25608634538049757,1,4,34.42247038686531,0,0,0.0,0.26666666666666666,4021.5373284648635,-1.0
8891.580062350484,2,1,8,10,1,383.32637210070914,5,3.1038453646417343,0.7483002783863982,0.6869638315888349,0.6769395134681073,1,2,23.25923202901055,0,0,0.0,0.13333333333333333,3875.2253324591843,-1.0
1234.8858366220234,6,1,2,3,3,526.0006167064337,1,3.420413654104691,0.46042448916229284,0.995439945602442,0.39016952069462685,1,1,37.971041708080385,1,3,19.698976439705355,0.26666666666666666,359.1022427414035,1.0
6166.263244434956,2,1,6,12,4,424.33704663710563,2,4.74635470878218,0.5534012710705875,0.7649941725072398,0.39365175248003326,0,0,0.0,0,0,0.0,0.0,2090.7094662396325,-1.0
26141.298539326115,9,4,10,16,3,142.7508492346699,3,3.5358496302810574,0.30187421523041247,0.9305243671624018,0.6200028642110077,1,4,28.867771105523143,0,0,0.0,0.26666666666666666,6059.52826275652,1.0
32758.36864009424,3,2,10,14,5,340.1083801299837,3,4.673141525212661,0.7158504642958095,0.7839935350214449,0.2823397801509191,1,1,30.90928069796852,1,3,21.77882707163063,0.26666666666666666,8236.423406511705,1.0
6613.4118812983215,7,3,7,14,4,324.32262167345357,1,4.291484034717391,0.889004846071096,0.47529455087399297,0.46024612197778225,1,4,20.089354232216383,1,3,16.041245329922084,0.4666666666666667,3485.946188966144,-1.0
4582.589677119735,7,2,4,14,3,99.46226773876828,1,3.4379242499758034,0.3616665371665032,0.8739788840438696,0.6911449451896914,1,1,20.73328410547314,1,7,12.417735552864492,0.5333333333333333,1665.545328713523,1.0
1120.1133338858392,3,1,1,7,2,183.07043012346367,1,4.611169153706003,0.5376370221285753,0.8763284009076896,0.20248274589711307,1,1,41.163544314411894,1,6,17.618013527831867,0.4666666666666667,510.8237440397316,-1.0
5984.8917123425235,8,1,2,12,1,120.17912375811596,5,3.5490374295259213,0.9934311455262963,0.7947761103299883,0.7422258640340555,1,3,28.45898492223823,1,7,15.81066834113918,0.6666666666666666,1714.957137164509,1.0
1557.6833540671403,1,3,2,3,5,561.2201556243198,2,4.293453568539524,0.5288135838346976,0.619094712559136,0.2557571539829181,1,2,49.36137274027299,1,4,21.681834052424875,0.4,758.8503140097351,-1.0
5129.179154713466,9,1,4,13,1,411.9712093179668,5,3.5064654704361597,0.9047747414997828,0.45103532896305143,0.22318967288140446,1,2,27.776479357291503,0,0,0.0,0.13333333333333333,2491.530288263458,-1.0
9681.288435013144,10,1,7,8,1,75.34658287421647,4,3.2913694027732134,0.9532414133186423,0.816102717174845,0.5683430627720635,1,1,24.84339245917824,1,5,19.108475163135928,0.4,2801.2485194099795,1.0
16650.381102865995,3,2,7,10,5,174.51472190285352,4,4.732389942857635,0.8337176000659972,0.6558879013097894,0.6181406552780392,1,4,28.409583782300896,0,0,0.0,0.26666666666666666,4956.420859319319,1.0
1261.9512133747194,2,3,6,1,2,315.34580484247795,3,3.0950315653712894,0.6120767846254114,0.42171316240921464,0.6913919651724405,1,1,29.86591294954478,1,3,16.174973056562486,0.26666666666666666,484.5191835023142,-1.0
22978.394133532558,8,2,12,17,2,327.2687035458244,5,4.037406358245242,0.07572575426375605,0.7346701353307223,0.48206422725547105,1,2,26.596388039386742,0,0,0.0,0.13333333333333333,11682.739170511211,-1.0
5788.285693954169,5,1,4,4,5,255.52429759295524,4,3.441904083136305,0.6044495628387639,0.9377575562714642,0.6374860538206006,1,1,49.617132487174246,1,7,23.680521022360388,0.5333333333333333,1393.8988447308388,1.0
1506.4032764302337,7,1,2,4,4,111.73530414969281,4,4.490566256790871,0.3924486387010794,0.414460448247938,0.8513064536117906,0,0,0.0,1,2,11.021386303128326,0.13333333333333333,342.86698222219,1.0
9120.630070114255,11,1,4,18,3,507.3939456732461,2,4.341570563196168,0.31472074253840243,0.7275833148310153,0.6157021439550283,1,2,32.19777800675707,1,3,14.940721351686083,0.3333333333333333,2815.168490930925,1.0
45162.56731576779,8,3,12,14,1,326.37513476011685,4,3.09145402073918,0.7091558638022661,0.9074965320341752,0.660794896524022,1,2,25.632366938139715,1,4,16.338672355504222,0.4,12037.189925264829,1.0
12781.073283000067,8,3,9,8,4,333.1563798569118,2,4.993599042238356,0.6225364311332254,0.8515406333839535,0.2536967209717277,1,5,21.52474316841263,1,7,15.206779394829262,0.8,3825.9758128560597,1.0
3553.922784676837,2,4,10,6,3,458.9162968348253,1,3.1837866339960392,0.6184877692725709,0.7342225363864834,0.8628828252382855,0,0,0.0,1,3,17.275657766010625,0.2,1590.2481921924523,-1.0
3094.78773500949,7,1,7,6,5,317.39476837076904,3,3.6873623772011603,0.6479177785881512,0.7112240631284399,0.6623494592406811,1,1,20.373031689200268,1,4,13.197851109268427,0.3333333333333333,1423.9756767431436,-1.0
16087.68201241683,9,1,7,15,2,323.7589281698912,5,3.46269346317541,0.38380382494505905,0.9939434881744051,0.21664240998662515,1,5,28.82830910790649,1,7,12.545367223120861,0.8,5431.524014658793,1.0
8112.015264064806,1,2,6,4,1,555.5445453829661,4,4.274592352599017,0.4489545513386609,0.897009368176086,0.3735795809055752,1,1,49.730326116890126,1,2,22.349729234906444,0.2,2091.44617553085,1.0
51358.26879583963,5,3,6,14,1,350.7718959323567,5,3.3105336202224023,0.623449895305657,0.7517397934915431,0.37040975017104394,1,2,48.63799063709765,1,5,29.81577534664467,0.4666666666666667,12723.83078026936,1.0
14869.82482442311,4,2,5,19,4,507.8458897514284,2,4.484893717635423,0.4090553813126254,0.4651103123283449,0.2384429502287068,1,3,45.14944223176186,1,4,19.82304913875137,0.4666666666666667,5771.627643669554,-1.0
13554.54871820819,7,4,13,17,5,139.7201400998912,2,4.338891550458445,0.819496185591406,0.6755582312708108,0.8470390063758795,1,2,23.897425992808582,1,2,13.198923177620406,0.26666666666666666,6236.394765747639,-1.0
773.1814493062105,4,3,1,2,1,469.77278924215915,4,3.5392592559256104,0.14105316512880395,0.8196942247583059,0.7573457247375215,0,0,0.0,0,0,0.0,0.0,365.18399743860937,-1.0
3912.8374302663597,6,2,3,6,2,414.54366110796315,2,4.635015370811163,0.5466683024985755,0.9512481608797749,0.48851882600319463,1,3,33.11715158279134,1,2,19.490824585436748,0.3333333333333333,1180.8443988943955,1.0
14538.273009824396,6,3,5,13,1,296.4354662877326,3,4.8188524707082445,0.3697879475213254,0.8793952531200075,0.12533249037010902,1,2,42.1114380111523,1,5,18.877744448775186,0.4666666666666667,6244.570629477804,-1.0
33975.30820593494,6,3,12,9,3,328.85463592870906,5,3.8103584893358504,0.9666063366594861,0.6680211027665202,0.842126506025916,1,5,36.70494548996193,1,1,23.898121407659236,0.4,13507.591502862057,-1.0
3898.3372046751065,10,2,2,18,2,462.68741209236794,1,4.596118883058272,0.2504667378154578,0.42272260561715563,0.7457429245205781,1,3,27.832898511781774,0,0,0.0,0.2,1467.7546888227096,-1.0
31642.157588615188,1,4,12,13,5,65.39875855134476,5,4.9534069080016705,0.40726816005720956,0.6095026588188153,0.18790520998615198,1,3,41.557576737167466,1,3,21.785053409873818,0.4,13554.42696909868,-1.0
21676.80425380651,3,3,9,16,1,474.0057851248428,1,4.4577815450644165,0.3872048178721178,0.46042574811368814,0.4146997133191139,0,0,0.0,1,3,22.514156856847176,0.2,7223.507289570338,-1.0
30388.460876496185,3,2,13,18,5,117.61691069781818,3,3.4434897743258857,0.37021697589421165,0.6572542755548862,0.37175939781900313,1,3,40.09205764432034,1,4,21.25743257415877,0.4666666666666667,13994.513127166909,-1.0
14190.647623568799,1,4,9,11,4,248.31138987722466,2,4.201155055982693,0.9160037609456705,0.7051344933438117,0.10237356767970712,1,5,49.17080023977257,0,0,0.0,0.3333333333333333,5567.878074500315,-1.0
21081.56181113113,2,3,10,14,2,423.2947211345875,2,3.7529693268875155,0.9215336144381872,0.571789771333822,0.478585627621257,1,3,22.41808996146844,0,0,0.0,0.2,6757.639011339084,1.0
20227.52204693126,4,1,9,14,2,389.04007554976045,2,3.1123398288387856,0.5069122344733695,0.6289178246264489,0.48033908299495043,0,0,0.0,0,0,0.0,0.0,5354.798739752351,1.0
9229.315004914975,1,1,4,12,5,51.76571428111474,4,4.816581008830264,0.1612795914230971,0.8782874491208181,0.4364269765826283,0,0,0.0,1,1,23.078696409678585,0.06666666666666667,3232.2100861096383,1.0
4505.646260605361,7,1,2,18,4,196.32124280656848,2,4.533717510640458,0.7457837451961883,0.5111930263307071,0.3407353775993638,1,3,18.090812072827823,0,0,0.0,0.2,1147.4162518969902,1.0
1804.096483688238,8,1,2,10,2,456.90876894073546,2,4.554274327547473,0.30878430652777267,0.4294207912553424,0.2445925555015033,1,1,28.690540257878133,1,6,14.932467852915291,0.4666666666666667,933.4462686734524,-1.0
4514.418137665655,11,1,7,3,1,334.9892581991001,4,4.77994433376968,0.9196258003955144,0.9798478360588031,0.2322863819274293,0,0,0.0,1,3,15.700789854436987,0.2,1051.822663565583,1.0
17235.814096156006,3,3,7,10,5,146.43448511635094,3,3.439506237721573,0.7473430084435303,0.5647698387007685,0.8852336601258818,1,3,35.97535835987331,1,2,17.178006361677955,0.3333333333333333,5909.573489263952,1.0
13279.43563309721,5,3,10,5,5,237.3953214688529,1,3.8956124272926633,0.474192833192586,0.9373298368434431,0.2687185188995894,1,4,44.32218783519565,0,0,0.0,0.26666666666666666,3301.129244696628,1.0
1039.8330148018558,8,3,1,2,3,554.0051825573365,3,4.741231682006205,0.28475108032345997,0.7010601524704023,0.2639092820491362,1,1,24.964173908334182,1,5,13.094951999560784,0.4,338.16296710671634,-1.0
4826.857124828074,4,2,6,4,3,92.12683840263162,3,3.6976910578923037,0.6990756348896979,0.47524915136309787,0.8739632965738214,1,3,31.48115247078314,1,1,23.600843479708686,0.26666666666666666,1617.151682251099,1.0
23273.479198934172,2,3,11,14,3,83.36280080522286,2,4.391172696083207,0.5323430478534048,0.9732928782803563,0.12953411446187443,1,1,21.21657292168752,1,6,13.140599885412374,0.4666666666666667,7453.807246836877,1.0
1230.410791805227,2,3,2,2,2,83.70182190839462,4,3.1131643179505026,0.8077939890869504,0.4620196539726105,0.6004543023255805,1,1,22.00319332938161,0,0,0.0,0.06666666666666667,351.6129641563271,1.0
17447.642747291662,9,3,8,13,2,361.0840190861463,3,4.223636245555296,0.21454382525533988,0.4698891845836357,0.5364599857318619,1,4,24.12975504179586,1,3,15.221520867284742,0.4666666666666667,6134.61826949056,-1.0
2228.566918930779,5,4,1,3,4,595.7936317638854,5,3.1580205404136916,0.9300561945885086,0.5628780974191214,0.3684998542766843,1,1,41.54329190057026,1,7,22.020226419268024,0.5333333333333333,526.8215400408409,1.0
11178.624271312045,2,3,3,18,3,459.1563198083026,1,4.041890119883287,0.10076078086452478,0.7423637774798416,0.4122233213570111,0,0,0.0,1,7,16.84621656064769,0.4666666666666667,2547.449482276036,1.0
1072.7769122886175,7,4,7,1,2,452.37049152235926,5,3.1839162554491125,0.005277782274867304,0.8416043723198012,0.3698771595417104,1,5,26.50757811914687,1,1,14.052759623302766,0.4,438.88427057165643,-1.0
2015.846833085825,2,4,14,1,3,458.0567999592476,2,4.78653523060443,0.6600671320718599,0.9166325627531526,0.1764482983963463,1,2,24.05512639058591,1,7,12.536554604955795,0.6,553.6531564178521,1.0
931.5158299229246,1,1,1,8,5,327.47474119121944,1,3.8716923293004495,0.11781446431341425,0.9106308317730487,0.15720885843816224,0,0,0.0,0,0,0.0,0.0,350.9174274528533,-1.0
17906.46340696456,3,1,10,19,3,72.43606654333973,1,3.2906814679228478,0.43778908363726654,0.6340995666852445,0.4069141759369833,1,3,35.521351265627466,1,1,17.572129464794596,0.26666666666666666,6275.356415866905,-1.0
14242.668286275892,4,4,9,12,4,585.4365091845456,3,4.178229156911655,0.8607868045320124,0.7391484705780991,0.3861983944334849,1,1,37.4891272420639,0,0,0.0,0.06666666666666667,6260.17622157663,-1.0
12980.947189805473,5,1,12,9,3,179.07236320653624,2,3.5027880228402015,0.19429197534748144,0.6045871284395802,0.802369839098833,0,0,0.0,0,0,0.0,0.0,5328.136173105593,-1.0
2459.5347804170997,5,4,2,7,2,404.1466826896914,2,4.675667363841757,0.38376029455376637,0.7574861708380565,0.5123643593575286,1,3,40.36829981030054,1,7,22.425802191091698,0.6666666666666666,1300.435384226214,-1.0
3545.950492772128,10,1,2,17,1,218.11612794908706,2,4.030898603560574,0.9701814133028953,0.496417983226534,0.3004731713590175,1,4,33.0675252013329,0,0,0.0,0.26666666666666666,1621.3525875438352,-1.0
34048.19803505371,3,3,13,11,1,255.7751815559427,4,4.460998820555742,0.6573417511787504,0.7838098393998005,0.828595435809012,1,1,41.55911866503722,1,1,20.193121619198553,0.13333333333333333,13749.376530202127,-1.0
4930.326261349582,5,3,2,9,4,152.7448788847878,1,3.0883287772479533,0.040075996842827255,0.9659656604617829,0.7484852900232313,1,1,39.82647723249898,1,5,29.79748445524835,0.4,1584.1825098785002,1.0
16371.039946429077,8,2,8,17,1,280.1225628605476,1,4.805160989832688,0.9924187018831758,0.7305177995849855,0.37540923282128225,1,3,26.336475789232885,1,1,16.070139149546176,0.26666666666666666,3898.0404315999094,1.0
19702.93273121075,5,4,5,13,2,345.0448629433444,4,4.096264181335617,0.27200943561364865,0.7562515841080976,0.3659612265553073,1,5,41.624830477624435,1,2,23.117263798841122,0.4666666666666667,5858.425099070574,1.0
38275.32810382971,4,1,10,16,5,188.3245253809313,4,3.972188134533497,0.11871570476786153,0.9820642957159919,0.5993841792262324,1,1,32.95841359106236,1,2,22.12928304350642,0.2,9976.817043900328,1.0
22049.143171306896,10,3,11,6,4,124.80410321793377,4,4.421694218050836,0.60329598867838,0.9128350176504322,0.41172931944427005,1,2,27.34755984492856,0,0,0.0,0.13333333333333333,5241.689707971698,1.0
5924.954542670161,7,4,2,11,4,515.4278594837388,5,3.862762845996591,0.9613544473769281,0.9811348828419666,0.13073342695549883,1,2,26.287610952209924,1,4,12.569612476324497,0.4,1353.8482871740755,1.0
9883.796824403746,3,1,10,7,3,130.00573972023557,4,3.3979454371499926,0.7818224247987952,0.8807251251741588,0.3047550891625491,0,0,0.0,1,1,20.19849258633371,0.06666666666666667,3940.036144244941,-1.0
12413.32717944721,3,3,3,12,2,139.47223498015268,3,3.437598422172368,0.42337891904055214,0.7728465045006443,0.764461445883408,1,5,38.0043166976733,1,3,24.764003138824904,0.5333333333333333,3642.5361168049367,1.0
6154.909865011753,2,1,2,17,2,302.72771828747193,4,4.460913870785719,0.3099648819527431,0.721271729568431,0.896465811964374,1,5,27.78168952769852,1,7,12.97558910249178,0.8,2345.0722846889744,1.0
17694.788886047765,6,3,11,6,5,360.3887114414584,5,4.4608238102755955,0.6860403655129582,0.7840431546922928,0.31432761885655247,1,2,33.087644147684436,0,0,0.0,0.13333333333333333,8141.659601403696,-1.0
12303.291659573148,6,2,7,13,4,98.21366903460677,3,3.383228841095746,0.9809144729162715,0.992958454074081,0.1626803535602523,1,4,31.486394600018183,1,6,26.712451889105083,0.6666666666666666,6487.005903440674,-1.0
2659.9880038841866,10,4,8,2,5,332.97933294312287,2,3.0656286332472726,0.41355155923488807,0.8982322693863427,0.45546316018863775,0,0,0.0,1,6,20.744041897041935,0.4,687.9312704876215,1.0
7800.570477331065,8,4,14,4,4,131.3165539780344,2,4.03183104392167,0.48171275387775425,0.525231698275758,0.8905532476029687,1,5,23.229679168016162,1,7,15.832482736547533,0.8,1969.8271653780976,1.0
14130.498282509854,10,1,7,17,4,166.668601312617,2,3.2427448031827435,0.4025532731655488,0.43326418086679463,0.36508772137972734,1,4,33.478289503816384,1,7,16.34632423490377,0.7333333333333333,4786.477488276046,-1.0
4940.0909669804605,7,1,13,4,4,504.2426249952659,1,4.6396451755965655,0.7771602046078752,0.9070609473886153,0.32496874833947925,1,4,22.00187138667146,0,0,0.0,0.26666666666666666,1161.43428873931,1.0
4195.835472503058,9,1,12,3,5,266.12089420249816,4,4.501481121623382,0.5601806961668484,0.9727628216681986,0.2823000120583788,1,2,27.11376787716247,1,2,11.9710623529265,0.26666666666666666,1467.8689784314697,-1.0
20373.04669496222,1,2,4,14,1,364.4232384476019,4,3.389621399139851,0.5051221723379384,0.7610824830199318,0.7551684023548969,1,5,33.90418722725141,1,5,28.90067867657433,0.6666666666666666,5521.890412459456,1.0
41307.534057217665,6,4,13,13,3,119.6187469519428,4,3.7588737985354435,0.5476725604910465,0.9968372615374917,0.26705191812743045,0,0,0.0,1,7,21.748279243942537,0.4666666666666667,11750.572433361076,1.0
34950.47979669177,6,3,8,13,2,473.8570065272662,3,4.10229238511386,0.3107581455831301,0.6266765109461433,0.352563038792333,1,5,39.75468142895632,1,6,26.575522949003528,0.7333333333333333,10175.410600612946,1.0
5888.159756973737,10,2,1,16,4,570.8234946791727,4,4.3896181428765955,0.409828515254387,0.9004550777837802,0.7362925801294185,1,2,28.663711924208776,1,5,17.736039871498456,0.4666666666666667,1555.1064908627823,1.0
67308.8778919687,1,3,11,15,5,447.6096509399771,4,3.2083077131950253,0.2328232538777799,0.9672997084087164,0.46998376994817137,1,3,42.735600163810965,1,6,20.809594136586416,0.6,19442.91092736484,1.0
2274.7323422388117,2,1,2,10,3,146.2011731541505,3,3.9482627834252915,0.7819636499714103,0.6028850254951412,0.4629598339173059,1,1,25.870304986015032,1,4,18.06461452082163,0.3333333333333333,965.6000853428753,-1.0
5632.206312490322,8,4,5,13,4,171.85883457249858,1,4.291599208854901,0.1350445281441771,0.5246567309355463,0.8420248325148609,1,1,23.836705039955795,1,2,16.570439530734454,0.2,1766.6398837017455,1.0
3868.5144942176266,10,2,3,4,3,121.13734772017372,4,4.877400887378769,0.8760878249181666,0.829896021381153,0.2323974429965496,1,5,30.515528689870518,1,3,15.585827888937542,0.5333333333333333,885.5269915085951,1.0
26908.093766518195,2,2,9,16,5,128.98540353311427,4,3.522765006858529,0.6346081164811734,0.6185611689386934,0.42180071065349833,0,0,0.0,1,5,13.648275193577742,0.3333333333333333,7278.089623541438,1.0
4225.453307166549,8,1,7,7,5,168.19747221586732,3,3.4300705734094876,0.5023179630924893,0.5972184422895,0.45211648632433066,0,0,0.0,1,6,13.520225740376185,0.4,1858.5265313533293,-1.0
2633.0282406263013,6,1,6,5,4,228.6795345867218,1,4.644088378871329,0.026364636353801707,0.43575207638747476,0.6700915764500449,0,0,0.0,1,7,20.13272061827636,0.4666666666666667,1216.2501559195007,-1.0
4374.541898481087,11,3,2,9,4,145.4505206056134,4,3.386102552781491,0.4174284172000602,0.8954811052931578,0.2033834420493828,0,0,0.0,1,4,13.911878396309469,0.26666666666666666,1598.015869291404,-1.0
10403.499498058101,11,3,4,8,3,202.69729695095162,5,3.9321284963595553,0.23620352703067238,0.5008754165495033,0.4948282211456262,1,3,33.63284746010789,0,0,0.0,0.2,3155.2554952517544,1.0
4104.849850998203,10,4,3,7,3,78.31633685830703,5,3.3516653401698497,0.3942827140115661,0.8272465072428888,0.7523373280128488,1,3,26.2504530570466,1,7,16.787005092762826,0.6666666666666666,1577.1665432257544,1.0
9778.369025665923,7,1,12,9,4,146.90008607116235,1,3.29219516890634,0.9638726056457609,0.40839181712388983,0.6451100564905148,1,4,23.92377133555249,1,3,13.0258443152281,0.4666666666666667,2388.7610505693065,1.0
855.388665801497,10,2,2,2,4,516.4056742270297,3,3.103017092924767,0.9496614344916325,0.4434880316946156,0.3784876729319392,1,1,32.80829567514198,1,3,17.26313146615989,0.26666666666666666,337.4595181258035,-1.0
11004.83356025528,2,4,13,8,2,367.14084936257234,3,3.4286383914064027,0.539184587501175,0.7016229290891862,0.48056807710943694,1,3,27.865744554928664,1,7,13.825046225067867,0.6666666666666666,4308.92697194254,-1.0
28120.75988776927,11,4,13,12,2,86.34457104065245,3,3.6542184331451395,0.3051288916844489,0.9064194098515048,0.5991391213326328,1,2,29.867970461239086,0,0,0.0,0.13333333333333333,6752.202209751463,1.0
10379.100306487206,10,4,5,13,4,302.991084279472,4,3.238554940537999,0.32186013182343765,0.898132735911013,0.1281611649521878,1,2,25.948862817156584,1,6,16.97939918521414,0.5333333333333333,3789.5650159858333,-1.0
54261.132790315285,5,1,12,17,5,496.88166574045306,4,4.969397903350222,0.8133034519856862,0.5152987509557111,0.5621428746454135,0,0,0.0,1,4,23.75998587882772,0.26666666666666666,14824.157427969656,1.0
17453.550764566593,10,2,7,11,2,250.3150304396671,4,3.86406158262437,0.7669836282221285,0.48888225728523227,0.8463420268327533,1,1,25.47823631206653,0,0,0.0,0.06666666666666667,4313.758709467538,1.0
92965.15180324257,5,3,14,17,4,252.40921891924268,4,4.571870968820834,0.969333140759046,0.8617159311086122,0.5145691366091664,1,4,45.75426155741943,1,1,29.835907400708237,0.3333333333333333,29487.929557134044,1.0
42395.05945962141,5,1,7,17,5,137.3735302788984,4,4.067532912358472,0.3041746965444232,0.7107026436415991,0.6973287269717913,1,3,46.45994920083845,1,7,26.77247211045298,0.6666666666666666,9734.955220157657,1.0
6214.079194121754,10,2,1,11,4,235.30559238133768,5,4.455814606641297,0.25570113012822027,0.5011106835028567,0.40522321419054774,1,5,31.026515991138417,1,6,20.057166592482886,0.7333333333333333,1475.933986645268,1.0
14966.504732253297,3,4,6,19,1,155.93745606011493,1,3.317067409794879,0.465821989297698,0.5891569816215569,0.385393431236728,1,1,40.41013752515817,0,0,0.0,0.06666666666666667,3923.754502956081,1.0
38482.74547594196,2,3,12,11,3,153.142130864328,5,4.8984681245025525,0.9443645063367928,0.9481648280111602,0.8093936588360752,0,0,0.0,1,6,14.214969750784068,0.4,10882.351428885602,1.0
2183.5278757616034,2,1,1,19,4,588.6953684922237,2,4.147094044021485,0.7217954199464544,0.9698812547488462,0.31120941435758176,1,3,21.30516987529413,1,2,12.995375523978987,0.3333333333333333,1026.2266163016147,-1.0
21094.378178865896,6,4,8,12,4,349.961482177698,5,4.077868787781245,0.3475038832282482,0.4959119421020506,0.7326514915341625,1,3,37.75899752789609,0,0,0.0,0.2,7731.495049105698,-1.0
29819.536396582196,2,3,11,8,3,428.6937817828886,5,4.394728590799933,0.5111119129844214,0.5871179709633324,0.8096773996687164,1,5,28.59567582862444,1,3,14.402421181883316,0.5333333333333333,7531.6589670574,1.0
7008.643406927933,8,3,3,9,1,154.45246346792985,4,4.003234082372506,0.028206213133077807,0.6835474597691558,0.8190727256960096,1,1,24.708393262249746,0,0,0.0,0.06666666666666667,1985.2388016359114,1.0
9555.664953325908,8,4,12,6,5,330.8387110950427,3,4.501331527096466,0.8077198893210598,0.8772477884413457,0.6560662803243376,1,3,21.224325740826934,0,0,0.0,0.2,2848.7314045483135,1.0
5310.537120653447,9,4,9,10,3,84.49374363057557,1,3.012202822380952,0.7994473912029747,0.6544538257606394,0.6139021694862217,1,5,21.79940487686105,1,3,12.918741627383266,0.5333333333333333,2374.143223613046,-1.0
2908.209660452276,9,4,9,4,5,150.71720930302456,3,3.3566708228719575,0.16173442944991223,0.6165726122432513,0.5586902506478727,1,1,27.33744180009824,0,0,0.0,0.06666666666666667,1334.4024067386144,-1.0
12724.610865115808,6,3,6,6,3,186.1141792676083,3,3.4882112605925277,0.5831866894998475,0.8442524113251522,0.1762474907111618,1,3,42.55979602898033,1,5,19.283652657976244,0.5333333333333333,3494.808485145171,1.0
14209.199274866,2,3,12,8,4,339.16819654858864,3,3.701372980994803,0.6934534536943787,0.6017380814923592,0.6003787627332852,1,5,21.3232057726169,1,1,15.996713076179535,0.4,5836.1285310261155,-1.0
1703.415012854901,1,4,7,1,4,409.73367755678305,2,4.6090668527557845,0.26635851558884704,0.4416233919636802,0.3510070482147357,1,1,34.08900265285565,0,0,0.0,0.06666666666666667,441.346811669064,1.0
8487.011169185704,3,4,12,8,4,470.4114952981036,1,4.231907922153487,0.9890227183120358,0.4808018057674891,0.3849027257865173,1,3,32.29994758095332,1,6,19.281655807558113,0.6,3620.80630960457,-1.0
2355.935922136555,10,2,2,5,4,265.30196817884405,2,4.747510643804037,0.9555871329945118,0.5213874730520449,0.773786181803411,1,4,34.13339626080569,0,0,0.0,0.26666666666666666,596.9900100764132,1.0
754.2910985132999,3,2,5,1,2,426.4808921996431,2,4.559954325648311,0.8305667813289257,0.5610372736074041,0.6495692815093193,0,0,0.0,1,6,20.81307090016324,0.4,358.14069410177945,-1.0
2760.441254617368,7,1,12,3,1,527.2229071151683,4,4.496985783467981,0.17414452829144655,0.4635869188331353,0.29169388610579183,1,4,24.0819453103309,1,3,13.58750946400145,0.4666666666666667,1451.6214512995737,-1.0
35288.1058478642,10,2,7,19,3,539.3772960165788,5,4.185198877379638,0.5446121518190361,0.4532795810859975,0.612330218173717,1,4,29.489492890184263,0,0,0.0,0.26666666666666666,8975.406244370188,1.0
13935.110398753597,8,2,6,18,5,269.54718620873496,5,3.0024787515327507,0.6504566118044451,0.42551598517731815,0.26831259217378484,1,3,29.186957961998008,1,3,18.06721690378602,0.4,6706.839483908397,-1.0
2472.279652734086,5,4,2,7,5,139.6870026231885,3,4.912489310477593,0.7675834675428291,0.9779226893186501,0.5839963393096342,1,2,40.49277654481252,0,0,0.0,0.13333333333333333,1089.1709083554279,-1.0
5190.747444700261,1,4,6,4,4,334.6723737236296,5,4.837930620365312,0.47593378260958474,0.6768070533862685,0.200558316122366,1,5,39.938861921583666,1,7,24.054676039503757,0.8,2415.8004375754567,-1.0
29779.009136584944,5,3,11,10,3,491.5381602710763,3,4.730095517775184,0.04690265209795941,0.6283876370389329,0.18011029523437483,1,4,37.996748672848106,1,4,31.381029178494828,0.5333333333333333,11821.192227541234,-1.0
12474.521056266662,8,2,10,6,2,357.674398829861,5,3.4575128689767043,0.798261853960138,0.9586433032315967,0.10346665318622579,1,3,25.12421522724789,1,1,17.828681488218464,0.26666666666666666,3568.5650737846677,1.0
10334.359826025615,2,2,5,14,5,224.54134435091,2,3.011679831467996,0.5697705039079015,0.45303834815297667,0.42607962414561706,1,1,23.741348341040716,1,1,13.879554890086034,0.13333333333333333,2501.710127202101,1.0
10205.903891435424,10,2,4,17,3,584.954483750765,3,3.1922506583005967,0.7848799124851362,0.9113998115474063,0.6931260804888395,1,4,24.87626379187201,1,3,18.900573147398465,0.4666666666666667,3853.882788184872,1.0
67299.19793854546,1,3,14,16,1,54.03563069572566,4,4.064662222717397,0.7734938938729603,0.554711333426727,0.6972945053069004,1,3,39.22347993244458,0,0,0.0,0.2,25438.86845992125,-1.0
53153.19648321116,5,3,13,15,4,546.5211906837485,4,4.0735080723512995,0.9001597071132854,0.6917323079245334,0.5532056513502205,1,1,53.90812991467295,1,6,32.00334696852303,0.4666666666666667,24488.941980587475,-1.0
2167.2173084701767,5,2,1,7,4,269.0260833573583,3,3.014942371087238,0.5725144042320662,0.9812023136810661,0.48730640993099283,1,3,46.7892946655126,1,3,28.59414480130189,0.4,943.0785098170115,-1.0
27966.138398588562,1,1,8,13,2,371.75003437639646,5,4.44112412078765,0.07836372979453643,0.5244358296033095,0.42696103296707466,1,3,44.63562670662608,1,4,28.87466565906325,0.4666666666666667,8652.32975055825,1.0
8775.835512351994,5,3,2,9,2,219.47351819780835,3,3.7922950760896867,0.9372932800508892,0.5729839554256055,0.8994149481570528,0,0,0.0,1,5,21.811897087529715,0.3333333333333333,2149.1534710474366,1.0
3018.2790733188513,2,2,1,13,1,533.7834111336497,1,3.345552299387829,0.20609582323505438,0.80580902891239,0.13518256724068767,1,2,21.51949998614711,1,6,16.392209204480405,0.5333333333333333,895.6890348172316,1.0
22031.0532446388,7,2,12,14,3,366.7020100869632,2,4.035309363779755,0.37920856140375914,0.878466518476738,0.3751046363466818,1,2,25.12216938799911,1,5,14.066390533728548,0.4666666666666667,5349.670919027639,1.0
2223.956638319154,4,4,1,10,3,382.284408865949,2,4.0178042835811265,0.7988471639623781,0.9258560140689137,0.7927878140668886,1,1,33.42405391247161,1,1,24.05066045348549,0.13333333333333333,675.6830619063054,1.0
2458.6960549525006,9,2,3,5,2,561.0341712082154,2,4.845711096195388,0.3873452007292798,0.8437434563573811,0.5390677762215021,1,3,22.30236483386395,0,0,0.0,0.2,659.4260051935489,1.0
3086.1833346836193,4,1,1,19,3,547.5647433525611,3,4.351267230888489,0.8060803234250968,0.607596455012618,0.5121907442611663,1,2,32.41928397016934,1,2,20.16238973618444,0.26666666666666666,1533.1795234690594,-1.0
632.8713326991926,7,4,1,3,4,158.36976136413307,3,3.27762951350037,0.6492931300478861,0.9455860814859011,0.1916291639679881,1,1,22.976701577470354,0,0,0.0,0.06666666666666667,164.51348124652307,1.0
5828.493274518416,10,2,6,5,5,170.8247978152245,5,3.5476569346637543,0.7598561168398539,0.6612575482077394,0.16259974939735722,1,3,29.034779955596875,0,0,0.0,0.2,2041.357964584565,-1.0
3492.585859319145,10,2,2,8,1,480.20073813580683,4,3.5217131736416647,0.8096270202961027,0.9506258019515379,0.3527506777785562,0,0,0.0,1,4,18.270702582076524,0.26666666666666666,1125.02550957748,1.0
13609.527633095846,7,2,14,9,4,169.20896529825063,5,3.066445366571013,0.9227136094915631,0.6877386747589508,0.26809162039277934,1,3,25.687023621676744,0,0,0.0,0.2,6372.726739396449,-1.0
46474.551543311194,11,3,14,19,5,310.04842545599735,3,4.081823051918212,0.3934177867609754,0.6153002571006791,0.7775221827819792,1,3,34.26281969433431,1,5,19.36747910258658,0.5333333333333333,18122.714678315086,-1.0
17472.56478409168,4,4,12,5,5,363.92581899802155,4,4.355894591733228,0.5319223265759792,0.6608833191426773,0.5818381516306371,1,3,41.70171307233469,1,2,27.43669700186466,0.3333333333333333,4266.389898991601,1.0
6577.161643885822,3,2,13,3,4,243.4303147297147,4,3.803175170938642,0.6360549614121643,0.8399400387405667,0.11832041004677274,0,0,0.0,0,0,0.0,0.0,2658.00481186186,-1.0
2305.849071205161,8,4,10,2,2,75.80026996023217,2,4.475447913244679,0.06110111595134815,0.7232094143391183,0.2959941635912636,1,3,21.623529047224178,0,0,0.0,0.2,677.7552201525225,1.0
8657.095120618807,11,1,6,17,3,239.0879476705844,1,3.903270795328592,0.42053836594992255,0.8026907514345258,0.37192973682920805,1,1,26.85596022159807,1,3,15.10568195134661,0.26666666666666666,2859.1533108952995,1.0
2694.7034237625558,7,4,5,5,1,109.70525721581396,5,4.164055046409261,0.817108112676771,0.7067319493867659,0.6160234759067261,1,2,25.892923964353844,1,7,13.249887906062272,0.6,1336.226887259472,-1.0
12145.469135506939,10,3,4,18,5,452.15431669501066,1,3.81879286299464,0.683766967864483,0.49936179988794044,0.5308434005251367,0,0,0.0,1,6,17.009597841167878,0.4,3398.9666638089407,1.0
5091.4464928119405,4,1,5,5,4,140.16328353077697,2,3.202323047253617,0.5641467471631174,0.6437678747268742,0.5724089283498444,1,2,43.16936728555216,1,4,26.488696694717206,0.4,1321.2920735005243,1.0
4185.385905290035,10,4,11,4,5,573.7134398385198,2,3.8502827928160404,0.0651002574222933,0.5923693474836966,0.833840047829966,1,3,29.365392177920786,1,7,18.404256273435564,0.6666666666666666,1828.2843437291506,-1.0
2708.2039066549028,2,1,8,3,5,269.4560935333245,1,3.919821207240406,0.8374666894223409,0.5910597384501632,0.47020086530382277,1,3,23.522503491186328,0,0,0.0,0.2,630.8489553675568,1.0
11073.035620925142,8,1,11,10,2,241.2768577758402,1,4.8730308985280075,0.025841139072023234,0.7481773078511624,0.5779124632325819,1,5,23.55757607145876,0,0,0.0,0.3333333333333333,2720.325684321077,1.0
18157.042733177215,6,3,12,6,2,222.55136182056688,2,3.7542538857037053,0.013092495698847184,0.5064833429565703,0.6043940569619216,1,1,41.0615347283731,0,0,0.0,0.06666666666666667,5092.4990372141565,1.0
4792.97096656245,1,1,5,4,5,369.8172679147436,2,4.117274110870122,0.1470895183298,0.637494912170371,0.3994229258054832,1,4,33.433867815201914,1,6,23.18770829308493,0.6666666666666666,1240.5048336264729,1.0
6492.545842375839,1,3,12,2,1,502.1571185289646,4,4.540289388142576,0.7907812688042153,0.5759950746502694,0.7932699658972151,1,1,45.22580468903291,1,7,27.006631976520556,0.5333333333333333,2957.589918602667,-1.0
16453.81095580004,1,4,7,16,1,340.84406910593384,1,4.577576281380431,0.9130592138836418,0.8519900728858931,0.6801994876351449,0,0,0.0,1,3,22.14716395591467,0.2,4645.914580001522,1.0
27562.79939403995,4,3,6,11,4,523.1998842613822,4,3.415116337564977,0.6654807467263535,0.9716468148493241,0.8172447895838285,1,3,35.623936915924006,0,0,0.0,0.2,7222.004081255201,1.0
24432.028232542536,7,3,7,13,4,385.29505974604285,5,4.855240662914877,0.0013619224385064133,0.9635014688952437,0.4638067928667331,0,0,0.0,1,5,13.152041172931268,0.3333333333333333,6726.469027238717,1.0
5802.780266782101,9,1,6,10,3,70.82608665887773,1,4.395298249215062,0.5361354723951893,0.6221454470013328,0.6404863264876249,1,3,25.40552094271828,1,2,13.86888519645431,0.3333333333333333,1502.7773135250488,1.0
4184.087365079644,9,4,2,16,5,56.72846505224642,2,4.638091159239082,0.026294913195230696,0.5213744926832093,0.22423044997990893,1,4,25.1956079039224,1,4,15.074278820003903,0.5333333333333333,1554.3155933185506,-1.0
5691.041998439826,6,4,1,14,3,68.19611407874815,2,3.2764152927232164,0.4650644339129786,0.6357702617070433,0.8773863680190817,1,5,41.97553768442888,1,5,25.8336006378313,0.6666666666666666,1790.530550346351,1.0
615.391490909997,7,4,1,3,3,151.55389626994616,1,3.386064559492329,0.40894302666613447,0.6279773481203494,0.25895550386159316,0,0,0.0,1,7,12.107758505718493,0.4666666666666667,176.7966972119195,1.0
6536.915188492586,7,1,12,10,3,57.151044897172675,2,4.1793002558000305,0.5263535094101535,0.4795405233175949,0.25766851718802586,0,0,0.0,1,7,15.67332178752245,0.4666666666666667,3244.6242660508337,-1.0
10949.203402995103,9,1,14,5,5,90.92418081960913,5,4.689856167065985,0.46591386051758843,0.9026258478364764,0.5444841787697569,1,4,28.372776347951387,1,7,16.84553766567443,0.7333333333333333,3346.1154272501744,1.0
9294.952570349027,7,1,4,12,4,134.49929559194442,5,4.823755831161466,0.4656071169607483,0.7156811273440591,0.36427432474622845,0,0,0.0,1,3,15.18975629733559,0.2,2122.687206222236,1.0
47998.21404194743,5,4,9,17,4,146.0296319502807,4,3.8134400136661393,0.614753591174539,0.7945957065093292,0.7007166573569331,1,3,37.40730724939802,1,1,23.033559425032617,0.26666666666666666,12404.828765511613,1.0
22585.757572689134,6,3,6,11,3,321.8921890976557,5,4.224940562912419,0.056432880744348046,0.7356293044087121,0.32176334852555427,1,1,37.618011408243724,1,6,22.884888085047233,0.4666666666666667,8519.809498589591,-1.0
39282.35883717299,10,2,12,19,3,559.3790700025285,5,4.15005019383728,0.32183067756650807,0.686818465464885,0.8230410624384021,0,0,0.0,1,5,16.845811597189897,0.3333333333333333,14858.403560757999,1.0
14003.386658884614,1,3,9,6,1,580.6516488845335,4,3.9857359576768303,0.9241669572300862,0.5014439692988328,0.8933311711027015,1,3,42.35367335259353,1,2,21.798472374786314,0.3333333333333333,6438.860430382231,-1.0
12504.143810949392,9,1,7,18,4,97.51270797568733,1,3.024646852833384,0.9031439393968441,0.4626110051992084,0.3858634075376566,1,3,20.67837072806399,0,0,0.0,0.2,2865.919840225744,1.0
43653.40402774317,1,1,14,17,1,358.8520966509613,3,4.170595775880966,0.6993233950933568,0.8259559400172416,0.710668704234386,0,0,0.0,1,1,27.284352748558966,0.06666666666666667,13350.542233663742,1.0
25164.976499545344,9,2,11,18,4,336.8871615724903,3,4.973075595367416,0.06971142415412546,0.7417120587700305,0.30817352949659443,0,0,0.0,1,5,15.713555187017297,0.3333333333333333,7987.2443029369815,1.0
11860.559636295357,7,4,6,15,3,127.43412498096231,2,3.8497700757993023,0.8383519723005607,0.9357320036287933,0.32791417140422907,1,4,26.57590206399326,0,0,0.0,0.26666666666666666,2801.1216644219526,1.0
17526.858516681197,10,3,8,11,1,406.0965223021383,5,3.1837146280041067,0.8293999275250313,0.6798989905256159,0.31060008113352194,0,0,0.0,1,5,18.610816304414744,0.3333333333333333,8324.26930448281,-1.0
864.8884810901397,10,4,2,1,2,418.07078319844095,2,4.662996702196464,0.7919630482545476,0.47971150722401945,0.3682445080667254,1,3,29.551207971053913,1,4,20.783214270423237,0.4666666666666667,197.6811666171003,1.0
1805.1484104078856,11,4,12,1,3,359.82209749388505,3,4.169770814653397,0.6844622259773223,0.5536472436332742,0.7662791602174261,1,5,23.388202053437826,1,7,17.20800510289994,0.8,640.5534855985779,1.0
12017.340490826566,1,1,6,15,4,494.69677610973037,2,4.750714371456957,0.36127191508850565,0.6607501809754179,0.27677560195482853,1,3,44.51320593723216,1,3,25.885234702676705,0.4,4914.893062464465,-1.0
6753.932557695998,3,3,4,14,3,145.4043729748687,1,3.1111847621634894,0.2714688630984424,0.8387114697363458,0.5806533058710273,1,4,30.67721953376164,1,2,17.666150322361382,0.4,3229.626048468414,-1.0
4771.593762537798,7,2,3,15,1,404.8839025649819,3,3.1297322534027625,0.6666067774738734,0.7945606863550889,0.6985390343824709,0,0,0.0,1,5,11.23754058828327,0.3333333333333333,1910.061710025234,-1.0
2602.131051455252,8,3,4,3,2,287.71385268244313,3,4.862197643811859,0.7366212893800614,0.4113404363988505,0.2918745189906707,1,2,28.825465249022173,0,0,0.0,0.13333333333333333,840.2705852564208,-1.0
5258.266013875349,3,2,13,3,5,61.78383185917344,1,4.90640415750621,0.13760644701843094,0.9872187308746174,0.11999423741607221,1,2,39.96161722696712,1,2,21.441259718344433,0.26666666666666666,1489.4123031526674,1.0
3314.84471651881,2,2,1,14,1,337.7634798327478,2,4.780235017648882,0.7225408866657723,0.48689707881659827,0.4508908999574496,1,1,26.42571799962928,1,3,13.61745783457195,0.26666666666666666,775.04773319186,1.0
8278.351558012508,1,2,5,11,1,535.4365583109827,1,3.944383972607109,0.9888500815082726,0.7862189421905843,0.201901379054934,1,4,47.8299144716447,1,4,20.86041320136367,0.5333333333333333,3087.3543458952854,-1.0
10135.119156454894,7,4,10,6,1,71.07080209186168,4,3.852065698889648,0.7227231504089364,0.5719513853824877,0.8294288187913867,1,1,20.281453670633056,1,1,13.586861210459935,0.13333333333333333,2406.470127037525,1.0
11447.127399493047,2,4,9,7,5,151.1522078559383,4,3.6854594248668135,0.44074053800336266,0.6764961935936338,0.21206083496220451,0,0,0.0,1,2,17.15365234170226,0.13333333333333333,2895.1553650038854,1.0
1583.619204744997,1,1,2,5,4,174.2674365859017,1,4.100098943825019,0.26191395755257263,0.974460941683275,0.5598143155376428,1,5,40.38738963831978,1,6,26.096390574029822,0.7333333333333333,825.6506879624357,-1.0
7590.815890374557,2,2,7,5,4,308.80223829127493,4,3.7204743776236704,0.25540644033402415,0.6292620384280105,0.5642724380246055,1,3,23.389338827523524,1,1,17.717346090731454,0.26666666666666666,1870.1138289516066,1.0
10212.919658806253,9,2,8,8,5,208.26262903310828,2,3.6938535109930726,0.41891406829596145,0.40384085311437823,0.675531903832159,1,4,28.008379803842416,1,4,15.756489820880283,0.5333333333333333,2372.979416361003,1.0
11305.93690465076,10,1,6,17,3,471.14743195077745,2,3.0241853896120166,0.46196585545041924,0.7136750494390023,0.5972852780696657,0,0,0.0,0,0,0.0,0.0,3290.939356438194,1.0
9209.153440380449,3,4,12,4,5,374.7135150283983,5,3.8263457304930393,0.32651127303010186,0.94819937521121,0.24864191456516427,1,1,32.92816713602483,1,2,24.641243819638305,0.2,3530.579019107726,-1.0
10257.960162843745,6,4,3,19,5,91.17847875502937,2,4.245578895006346,0.5981924818477724,0.9031908389675787,0.3251016485701139,1,4,38.301738351826,0,0,0.0,0.26666666666666666,3294.185014526002,1.0
1557.5541247179628,9,2,8,2,5,217.6681351027268,4,4.282985559149424,0.5524507256348702,0.4242074552394207,0.7017696215770494,1,1,22.078980991791372,0,0,0.0,0.06666666666666667,799.9189336317052,-1.0
30719.348624298284,5,4,7,18,2,388.4492410205095,3,3.042831077341371,0.4282377405353872,0.6887209448940141,0.7581426145519136,1,5,46.598819316487415,0,0,0.0,0.3333333333333333,9248.040563618391,1.0
8744.88600223404,6,1,2,18,4,510.0686455751786,3,4.035470248918675,0.3942747559329909,0.670860841672734,0.7116880062820073,1,2,40.697426014599664,1,3,27.086658241398382,0.3333333333333333,2624.935311055998,1.0
1577.1855410575538,9,1,6,2,3,557.3016076322153,2,4.711097344621701,0.17198174601653748,0.4930079150591822,0.41464976099164075,1,2,23.923917108459225,1,5,13.179908956888546,0.4666666666666667,465.18948654339056,1.0
8814.96673721961,1,3,4,7,4,289.80458319720833,4,4.87162069754497,0.8885046923914045,0.6489430425200191,0.10477987258074926,1,1,36.31177769096842,1,4,27.344609808729288,0.3333333333333333,3487.555685015615,-1.0
1526.2021205033816,11,2,1,13,1,137.70813992645344,1,4.729372052756927,0.22127728677645053,0.5997396740788015,0.5699886822915702,1,4,28.908016380955825,0,0,0.0,0.26666666666666666,759.081227374609,-1.0
29182.53298369371,1,3,8,12,2,293.0270329693865,5,4.173274781836099,0.044675207685452745,0.45428933292275975,0.4884200214482808,1,5,35.14251664831285,1,1,20.703175035592082,0.4,13129.049668031066,-1.0
955.0833378166703,2,4,6,1,3,357.12037890955713,3,4.567221471186736,0.7321832739567051,0.9157668787991825,0.6620369383550497,1,2,26.485515551798333,1,3,16.15380486862807,0.3333333333333333,327.66762665603994,1.0
2161.0439561725348,9,2,1,8,3,191.86472032157837,4,3.5258525338087594,0.40584890040214594,0.47046842895633,0.2047255494778992,1,2,28.302285937129373,1,2,15.081189940834655,0.26666666666666666,586.0181567934355,1.0
13965.545069310478,3,3,9,5,4,85.10106481927701,3,3.8172580274385663,0.763269835600954,0.6854759179217211,0.3398914107467377,1,4,34.377689907573135,1,4,17.445407177103153,0.5333333333333333,3844.996816556868,1.0
9952.15060688793,9,2,7,6,2,413.42984710522074,5,4.2744911989742,0.2689934066349098,0.6783337522727706,0.40908441732602474,0,0,0.0,1,6,14.020412679403707,0.4,2425.5564472125197,1.0
24763.535324760076,5,4,8,9,2,280.61915876881625,4,4.151063032407279,0.857201346872908,0.9352687859010821,0.7655279698039419,0,0,0.0,1,3,22.78314600921075,0.2,5792.887166744419,1.0
8365.504285141898,2,2,11,8,2,513.9197642898238,3,4.733885012691529,0.9398372812574809,0.6904658790367253,0.42845355623513615,1,4,20.981239353803364,1,4,13.58453542564045,0.5333333333333333,3948.7948414496836,-1.0
16889.223429094654,6,2,8,14,3,296.3445558876849,1,4.386746303418418,0.8033184673781398,0.5576483551630318,0.8034111863081924,1,3,46.001464939234715,1,7,20.551219406071226,0.6666666666666666,5286.295539235977,1.0
15953.798961048638,1,4,12,5,1,181.0909336478776,4,4.320376260362721,0.05181192169630677,0.6908859387223761,0.6719966250315067,1,3,46.019211319217135,1,4,29.441521782609193,0.4666666666666667,4665.954599211134,1.0
16139.913611256678,2,1,6,18,4,61.39862759361651,3,3.3806589267498035,0.5371888395659866,0.6524432360117803,0.6631581412982105,1,2,27.16033274590495,1,4,12.559283900480084,0.4,4155.560186952986,1.0
19342.852495998333,3,2,12,10,3,100.51771980434954,4,3.542319466055203,0.47195354439971116,0.8514972907190116,0.6528789480908673,1,1,32.987252344716666,1,4,19.920562998441394,0.3333333333333333,8285.278616592164,-1.0
3969.2335091629807,10,1,9,4,1,463.9517576987754,2,3.8139737010822863,0.4941151823537586,0.6060393176554975,0.3029089796409157,1,1,30.96514889339201,0,0,0.0,0.06666666666666667,1243.2644825336533,-1.0
8766.33608176108,7,2,8,15,2,529.0219974759757,2,4.618952702381479,0.23552370561417058,0.8749384693155513,0.3335565792018403,0,0,0.0,0,0,0.0,0.0,3582.3844440438056,-1.0
4068.099979966026,3,2,5,4,1,250.8729059283406,1,3.0168030485564774,0.10236622095295644,0.7582354792473174,0.10522763211432729,1,4,40.341740536338364,1,2,24.165973173165412,0.4,962.5162461204505,1.0
4953.454324272023,1,4,4,6,5,529.3040963165363,3,4.062089935949917,0.3193526154508092,0.45670740698590895,0.1840635564452831,0,0,0.0,1,1,27.850649055321348,0.06666666666666667,1602.6253837485667,-1.0
2082.0336833409256,11,4,7,3,4,415.48448009252826,1,3.052960156106087,0.7293775778747036,0.6315101255224213,0.5890462123140717,1,1,27.251590229664625,0,0,0.0,0.06666666666666667,664.094081118709,1.0
6062.400047439616,4,2,12,3,2,131.05398496593074,5,3.674914964716799,0.38847775018409814,0.8518838434790659,0.6289511460444475,1,2,39.010556910702604,1,2,26.992454595761668,0.26666666666666666,3162.836543989705,-1.0
22587.605548072766,1,4,8,17,4,174.0882158132561,1,4.7050533393909975,0.5619879451183827,0.797686561749859,0.6191237664485412,1,4,46.84568924133083,1,5,28.541290965713607,0.6,6597.27056846725,1.0
41004.99197872897,3,2,13,17,3,438.67587426726976,4,3.1225950145684918,0.381269193769577,0.5365609187372353,0.7708676270273346,0,0,0.0,1,4,21.81418468716516,0.26666666666666666,15141.279233052515,-1.0
15694.453371839014,10,2,9,7,5,161.58462446004,5,3.4337473904475893,0.5791911163653384,0.703338024186815,0.38006064386684923,0,0,0.0,1,6,18.402337004284192,0.4,4213.685979547292,1.0
50726.68783216158,6,1,12,15,3,536.3308704837176,4,3.3078266891082526,0.9917886474413313,0.8925350410247977,0.6009036856555859,1,5,46.11707144960088,1,3,22.397691445306425,0.5333333333333333,11952.37952105669,1.0
3308.331731239049,2,1,4,8,1,123.12944622236836,3,4.917786006708155,0.7052635451749908,0.40471131762962953,0.3630890339540198,1,5,30.01910384858398,1,3,15.50854131390354,0.5333333333333333,1491.4129141194433,-1.0
22564.521145019637,1,3,7,6,1,449.2020398735414,4,3.567967446639628,0.8669327045695222,0.5843024182981017,0.476177627316391,1,5,40.77067245746246,1,1,28.894335960221436,0.4,5150.405861625692,1.0
1690.7129445509127,11,2,13,1,2,356.2650318945786,1,4.083046763189941,0.8579994311804214,0.6822426555547385,0.7764796273155845,1,5,32.187116354313346,1,3,19.47776670989621,0.5333333333333333,510.32827406067844,1.0
23207.05894615184,9,2,14,17,1,529.4648715944791,1,4.813715667369556,0.4440557592929125,0.9416993307932846,0.721576645515765,1,4,28.016609519888547,1,3,16.3564665338568,0.4666666666666667,6417.6720265159665,1.0
1242.2127318723758,9,3,1,2,3,553.8063509528747,2,3.1787743404229127,0.412395246313771,0.7642458343606092,0.7940503639242501,1,1,28.445632213992447,1,6,14.45700659863195,0.4666666666666667,321.89394020987686,1.0
21861.892446048078,11,2,14,10,5,184.860300260491,3,4.961312745259719,0.6156142918041977,0.6524098744638422,0.4998763694284305,0,0,0.0,0,0,0.0,0.0,6461.088936549285,1.0
1488.3832163290317,2,2,4,2,5,281.79398655502746,2,3.339008545148208,0.09547391448251685,0.5071627026158088,0.4334032438612895,1,5,24.865498505645068,1,2,16.92523393123655,0.4666666666666667,413.0527718720591,1.0
4741.638070838409,9,4,3,10,4,546.665440586843,4,4.649111756745419,0.7420005058201098,0.9884517702425907,0.5272598771387192,0,0,0.0,1,6,13.853291104509754,0.4,1560.6214035811263,1.0
26295.71297962352,6,1,9,11,1,579.9973316439106,5,3.7278861554424427,0.24543768919213538,0.7436411199943092,0.5911245287295441,1,5,31.795431586858392,0,0,0.0,0.3333333333333333,7351.658110714799,1.0
5205.3851670183685,11,2,4,5,2,66.09600362466092,5,3.801021472555399,0.28799587367802426,0.6683074245558664,0.15791431537850997,1,2,32.368835335244725,0,0,0.0,0.13333333333333333,1371.3110632250932,1.0
11825.618014535175,6,3,1,16,5,57.63601283022642,5,4.163506577201662,0.8999355298139718,0.9584841807085611,0.6849264321585452,1,2,37.15724320679208,1,6,19.322024147730332,0.5333333333333333,2716.6605434922226,1.0
3805.1675644941492,7,1,13,3,3,128.99453808516114,4,3.0874753988758474,0.2078373091263589,0.8997973949833815,0.48268896190334487,1,4,20.544691084878867,1,6,14.45928454140083,0.6666666666666666,1531.9958469026092,-1.0
14225.906701409416,2,1,13,9,1,595.6045281511016,4,3.325799056385596,0.20405884209851954,0.7346880122890427,0.379626032703266,1,5,25.722506833933252,1,6,15.858728195857944,0.7333333333333333,5270.602487171557,-1.0
8871.947200075743,2,4,12,4,3,201.8176565348281,4,4.886481895195717,0.5165544460165725,0.5919399267395583,0.8371074053227411,0,0,0.0,1,3,16.06541616092119,0.2,2227.506647804926,1.0
9784.04828991999,6,2,5,19,2,244.26589837482047,1,4.682460191220152,0.19836360624008464,0.5901334714372901,0.5135045391789421,1,2,42.52100799613275,1,4,22.35206504418793,0.4,4480.062640181322,-1.0
21064.78097739002,11,2,11,15,5,576.7737331404898,2,3.137960795606248,0.25640541094760183,0.7172934126633888,0.6937110711607684,1,3,27.596142431257253,1,5,15.115647731831569,0.5333333333333333,6815.747370496745,1.0
23459.00101034977,10,2,11,18,5,313.0620605156007,1,4.88402766894087,0.6114554450528864,0.6637454256149613,0.7043056970452535,1,2,30.702996732122966,1,4,16.658956932750165,0.4,6288.826180074194,1.0
5985.82393035671,5,1,6,4,3,521.4133325138084,5,4.947046608617539,0.7585330702429686,0.9892890078559711,0.40180239281355334,0,0,0.0,1,6,25.3542631117402,0.4,2187.4816459526783,-1.0
4676.251779714886,6,2,12,1,1,571.8401379379656,5,3.35711406506318,0.05117275233195617,0.9106299629987841,0.37076102897332686,1,4,37.61770331576849,1,2,19.498801283215286,0.4,1171.5707048591362,1.0
4966.0136259892815,9,1,7,13,2,521.9590106638601,1,3.122692819790239,0.3184410179596586,0.45209849808244973,0.5284075522776683,0,0,0.0,1,5,15.272259369361915,0.3333333333333333,2207.124156022973,-1.0
9794.929563551763,4,1,5,11,2,445.3480974994574,4,4.070832112732271,0.7475159989638284,0.5263200465452578,0.8833192565988859,1,2,32.537260935868105,1,7,26.9689446946587,0.6,4078.888904953374,-1.0
1849.8725257343083,3,4,1,4,5,323.81799457045526,3,3.8718962960806307,0.46716931093212954,0.8672785335082778,0.27593774786053393,1,4,30.940773132862958,1,2,19.815903225560728,0.4,430.4369959645584,1.0
8536.96287243021,10,4,4,14,2,286.94662534741065,3,4.505913131861433,0.7955890137695468,0.6468482814510177,0.8877327834994155,1,5,34.19196458299635,0,0,0.0,0.3333333333333333,2953.4388082454466,1.0
4771.004533737304,8,4,11,9,2,223.8278078575714,1,4.250525794554539,0.916119583433733,0.7253108863741609,0.30848909664647994,0,0,0.0,1,2,16.87579808817528,0.13333333333333333,2475.979049525597,-1.0
27906.639344532356,9,3,13,11,5,346.35397146082767,2,3.5944934934898907,0.7563965465459795,0.6322984349236611,0.5109400500689477,1,1,20.82999940128757,1,1,14.807675943482714,0.13333333333333333,6350.940959456566,1.0
16815.152499588105,4,1,5,17,1,423.22663789634225,2,4.39161906252931,0.8454122082948506,0.5337438785692239,0.555813396973197,1,3,40.65074348803653,1,4,25.607250289354653,0.4666666666666667,4543.986226483281,1.0
11141.238041168677,11,3,5,6,2,211.49818460982428,5,3.1570714085449376,0.8304687276586581,0.87767582133332,0.4650035623972949,0,0,0.0,1,3,19.90847364200212,0.2,2888.9859234610153,1.0
11192.980207077095,8,3,4,17,4,135.49444178285592,2,3.4557261500118823,0.23590684442118437,0.8608048831855327,0.11495182845084573,1,5,26.01203636610411,1,2,16.420584755872138,0.4666666666666667,3821.5799684063677,-1.0
5881.009422013312,4,4,4,9,1,434.22064887748877,2,3.5235330354584264,0.41965281024534984,0.7328641970661884,0.8263182559760458,0,0,0.0,1,3,21.61631230384581,0.2,1884.5433770660125,1.0
13512.96787662933,8,4,12,14,1,520.2048733143088,1,4.024700822879781,0.40974542300003014,0.7446234985271102,0.8366713488750367,1,5,30.361749433299998,1,2,18.050050138016484,0.4666666666666667,4671.536202639591,1.0
14683.563558644713,5,3,5,12,1,594.0219890086966,1,4.438418175514073,0.645351852782894,0.471508431539418,0.34347562012945465,1,4,36.811424490016506,0,0,0.0,0.26666666666666666,4181.708049086056,1.0
2264.7219862236725,9,2,6,3,5,585.968038925468,3,3.352668545382338,0.5162866996789909,0.626462327895265,0.49323550709680575,0,0,0.0,1,4,16.882516174219177,0.26666666666666666,861.9225951540438,-1.0
30710.23302916778,5,2,6,13,1,258.46538568718904,5,4.314090832708485,0.556552138442311,0.46329463622455286,0.3657155131318478,1,1,50.670790921117856,0,0,0.0,0.06666666666666667,7845.821234992308,1.0
34431.144498289075,10,3,14,12,2,402.93246291569955,2,4.983878629249636,0.6489288006523993,0.7612907254431331,0.7726615836692562,1,5,28.329817394671394,1,2,20.297983318536804,0.4666666666666667,9285.007288088535,1.0
3820.5353084667113,11,2,1,13,2,229.91942758425023,5,4.076208275472009,0.7764737717328682,0.5804607592204364,0.10649252194695241,0,0,0.0,1,5,16.075597556868722,0.3333333333333333,1150.7589799204125,-1.0
3376.7341512155717,11,4,2,9,1,324.2540247552535,1,3.7235037134669344,0.1539905463143355,0.5886709160382371,0.36179341470961557,1,2,26.51269941549741,1,6,15.614425543049318,0.5333333333333333,873.3706372174165,1.0
24909.323423667,9,2,11,12,3,377.46774878025946,5,3.406836085337268,0.9649764996488268,0.4186172837743014,0.3935194797678422,0,0,0.0,1,1,14.765833492350836,0.06666666666666667,7050.947897116413,1.0
4171.929519375119,9,2,2,14,5,411.63893030954057,1,4.106969092429332,0.18857466159058278,0.42435490808266585,0.4691239558661291,1,2,19.838026128089638,1,6,14.645001776655219,0.5333333333333333,1199.6155227481136,1.0
4335.454922524136,7,3,14,3,5,194.3401100725692,1,3.947872406998971,0.6215692265117477,0.9030060825373306,0.4867480461121768,1,3,24.174323432436733,1,1,15.215031994933735,0.26666666666666666,1413.8315545925775,1.0
6505.546017613362,11,3,14,2,4,243.93549071934086,4,3.13406520461265,0.06264861804179367,0.6628649162235623,0.5684561387850214,1,3,32.948620528988116,1,7,20.49741719272536,0.6666666666666666,2382.5101259745334,-1.0
9238.863684970787,4,1,11,6,1,315.56266578485105,2,4.06410452076641,0.11468157865674711,0.9610697447136336,0.7834054421235324,1,1,38.40341081603796,0,0,0.0,0.06666666666666667,2882.3871084893017,1.0
2167.0324559704964,1,1,2,6,1,281.8695216755031,4,3.2370644818991767,0.914788863298208,0.43670160963306937,0.18011962135928875,1,4,39.03080339250057,1,2,20.440051955191887,0.4,1114.123747439382,-1.0
7606.76631169998,7,2,14,4,5,220.51398835420656,2,4.416779076872855,0.4926544855101318,0.7699008092632864,0.10698486058591038,1,1,18.671768874338742,1,3,10.897894293020872,0.26666666666666666,1734.3357880121434,1.0
5295.242909597539,4,4,2,14,3,370.77699648425187,1,4.227712138841349,0.5311797776332966,0.5031834465852829,0.3685421148470923,1,3,42.52776206954189,0,0,0.0,0.2,1470.4653502420463,1.0
39557.01630402516,5,2,8,17,1,164.44218668221413,2,3.7828369442207457,0.4374489194248349,0.8033803832065165,0.46285681553840397,1,5,45.374362418771064,1,5,22.432776182804304,0.6666666666666666,9256.960138948787,1.0
8698.670040868974,5,2,3,11,2,350.48595278129727,5,3.9836243879413455,0.24110298890663484,0.5674222450487774,0.6889903637370886,1,5,52.54405888617145,1,5,23.094022425815204,0.6666666666666666,4278.833723887023,-1.0
30663.03686722798,5,1,12,19,4,112.60902553175426,2,4.92338868503207,0.15521310512305142,0.5870706135239476,0.8458714878441226,1,2,44.401071186825874,1,2,32.07267035919446,0.26666666666666666,11870.832153238662,-1.0
44517.081267320325,6,3,6,18,3,81.63198943322823,4,4.631687042128013,0.06021518964591843,0.613690111404859,0.2601270805230576,1,3,42.529754441839536,1,5,25.560202531738405,0.5333333333333333,12270.216918178292,1.0
4796.915707364293,8,4,10,7,4,555.3661911676684,1,3.006787296429721,0.3080207377625931,0.9582473557677423,0.345342588035209,1,3,23.05573751839906,1,4,18.1679701532289,0.4666666666666667,1998.030685389919,-1.0
33404.25819816562,3,2,14,15,4,123.26119702756463,5,4.288340880422848,0.6025410450606086,0.653018404561637,0.5499682747663884,1,1,41.292688298080186,1,2,21.101610855635002,0.2,16483.06110672345,-1.0
9274.6882366995,2,1,6,13,5,541.8981040748238,2,4.860447468783204,0.7390731706267583,0.833838240131912,0.3463991696752817,1,5,21.835121392372315,1,1,16.056019590896422,0.4,2641.6634503899027,1.0
11425.562706804303,7,2,5,16,1,390.6556607505687,5,3.646294759540687,0.9240294598699442,0.6640460387888636,0.42811964373806677,1,3,25.918427625612093,1,1,13.75825908355799,0.26666666666666666,4337.23578249695,-1.0
44672.935082488904,7,3,11,17,2,552.3535799277173,3,4.9297320232020905,0.47023512353599384,0.6038611826729585,0.5154075411310227,1,5,26.218987353793104,1,6,15.212625739077938,0.7333333333333333,10418.458791366742,1.0
10174.852387666648,11,4,8,7,5,489.9703694146281,4,3.5150063494087296,0.06180109277958035,0.665801959089307,0.16672266797325666,0,0,0.0,1,2,17.659272611293847,0.13333333333333333,2945.3557204708172,1.0
18536.283927263823,6,2,3,16,3,529.6237500315217,5,3.507803610012429,0.15699441503275302,0.46992798032233485,0.8031833472057007,1,2,35.73283350190349,1,2,27.078643164995793,0.26666666666666666,4612.838289041998,1.0
3388.99884156778,11,2,14,1,4,242.58014978393692,4,4.900415746198496,0.09413549758813744,0.8608462181501435,0.2628064246063644,1,4,33.718655366389136,1,3,17.395098650078896,0.4666666666666667,873.4763640247769,1.0
64218.71466287923,6,3,13,15,3,558.389952421807,5,3.221932734994389,0.6014400779153146,0.6292721782208685,0.37181570876560543,1,3,32.9701970245332,1,1,19.988616895281105,0.26666666666666666,23986.41811851826,-1.0
1740.4961383449872,1,2,5,2,5,172.84237900513372,2,4.440373359195136,0.5935809906729136,0.8291485684292093,0.28408316390171084,1,4,34.93285469539676,1,2,28.057392768361566,0.4,686.294867509697,-1.0
5053.845706812493,2,4,10,9,1,390.0680229997002,1,4.528754903736197,0.4689873273214826,0.48044789113387554,0.6295425907788836,1,4,20.80063855575171,1,3,15.496654976676815,0.4666666666666667,2482.677603000326,-1.0
2889.250312169139,6,4,2,7,1,187.61039477868974,4,3.9930481491303373,0.97653346052679,0.438495136921082,0.15604519419983465,1,5,34.96613530873653,0,0,0.0,0.3333333333333333,1255.331743718875,-1.0
6521.599218594232,7,3,6,9,2,110.35562319106182,1,4.169294118230933,0.7458425407375533,0.591204485123203,0.28139228041859743,1,1,26.13897247725841,0,0,0.0,0.06666666666666667,1746.1721409523884,1.0
19770.639840697444,3,4,13,9,1,405.4858059461258,4,3.622006972604236,0.8359309928207167,0.6651071939542574,0.6234757993092755,1,3,36.47577719057292,1,3,18.135465012899157,0.4,7538.852966938477,-1.0
6849.213904149515,9,4,9,11,1,292.8811772980024,2,4.432568833900694,0.5810925031790686,0.8333162132180274,0.22332218767356082,1,3,22.663753816590198,1,6,14.79781947984091,0.6,3313.2235274548993,-1.0
28945.49290401853,10,3,10,17,5,442.82498516333783,3,3.57007485012483,0.23548129298649134,0.7870028026439715,0.5213831555646243,1,3,28.290112819832228,1,2,14.668014794420957,0.3333333333333333,11528.903418713895,-1.0
9579.703227353446,8,3,6,6,3,490.1353336970954,5,4.0805520371816755,0.991501438534984,0.990431247260956,0.3526381115852759,0,0,0.0,1,1,16.440282636826783,0.06666666666666667,3069.3697958506636,1.0
28954.548771644728,11,3,9,11,3,388.3135844953429,5,4.492066628859577,0.5647515636282824,0.8261631123364712,0.2226039698552926,1,4,24.013274311052953,1,6,14.050059865640975,0.6666666666666666,9520.37688827231,-1.0
2504.2250239900177,7,1,3,6,4,420.7959100149432,2,4.50922396124377,0.7787696375915263,0.6882735349446918,0.160606241659006,1,5,25.601181640683834,1,7,11.663354916503284,0.8,813.9148900491581,-1.0
1857.575982069903,8,2,7,2,5,107.06489565132287,5,4.952916965958804,0.9564750247711311,0.6533713626795778,0.14045065928477796,1,2,30.680926714693047,0,0,0.0,0.13333333333333333,858.2346167069214,-1.0
17978.87074495483,11,2,9,12,3,157.39785156875118,5,4.7313477647088895,0.35446848869426206,0.6696838061222026,0.4763203357156226,1,2,33.683076561877144,1,7,18.381788234512833,0.6,7417.089136947038,-1.0
64274.1676223373,11,3,12,16,4,150.97508866744317,5,3.4980982116715573,0.6618368376243767,0.795024000166666,0.12965374235487595,1,5,33.72382665878789,1,7,17.91848674693506,0.8,18472.78159425971,1.0
3611.969757411904,7,2,6,9,3,93.4182336084222,1,4.423407589090708,0.5174390714019238,0.5503710150015353,0.7050809115991008,1,1,23.637297510206626,0,0,0.0,0.06666666666666667,1293.848917815401,-1.0
7471.548100463228,3,4,6,5,5,471.66866555563644,3,4.3973430108453,0.9289582879775715,0.9967488772057153,0.10016253215552028,1,1,29.251392763770102,1,7,20.987913599060427,0.5333333333333333,1855.0134460148963,1.0
15675.660247032412,6,3,4,9,5,202.84375372750662,4,4.340777059548295,0.9773368834977175,0.6273486912379271,0.3378119364761337,0,0,0.0,1,4,26.919716356894504,0.26666666666666666,4044.8954432933942,1.0
4847.334814240403,4,4,3,6,3,561.8199995107143,3,3.5564441738307124,0.6387921898206844,0.7554953678799434,0.6944084668266954,1,2,41.01057845973388,1,5,25.928062983499053,0.4666666666666667,1423.7401176017663,1.0
4233.976230799247,5,2,1,8,4,356.379081184469,1,4.34781822291029,0.7266460273119357,0.6785055878751753,0.2839377059285526,1,5,45.244613687826636,1,5,30.728206028884447,0.6666666666666666,1158.2035926272008,1.0
19816.665749952568,2,4,10,16,4,248.05689574578446,5,3.9585569285258355,0.020327900145589828,0.6090168054329952,0.20422606291807963,1,5,20.783133663613647,1,3,13.923709191712028,0.5333333333333333,8770.841752764987,-1.0
7085.86736150232,2,1,9,6,3,423.56788079892544,3,3.405516296958382,0.6008625467067157,0.498576855394858,0.4177337378449594,1,2,26.873780384068315,1,6,12.48869864802887,0.5333333333333333,2102.743310669516,1.0
6943.841194200224,7,1,8,9,2,439.47652489237737,1,4.033926204967075,0.5725121330416838,0.7996734909472167,0.7380174328398136,1,4,18.028369593423005,1,3,15.229230698659915,0.4666666666666667,1705.8593354927825,1.0
8768.77775126214,4,3,4,7,4,321.9271310514081,3,4.040219545434262,0.6454574173167522,0.5069456488542122,0.3115477519643418,0,0,0.0,1,4,26.204312734246905,0.26666666666666666,2710.6101439795834,-1.0
15559.709014056687,4,4,5,18,5,591.3946267493885,3,4.616725638546739,0.012235022880396795,0.8666771997424343,0.25569064854039425,1,3,44.610543373116485,0,0,0.0,0.2,5688.382895727311,-1.0
10849.882098545564,4,2,2,17,4,411.75597192573844,5,3.8574629392831463,0.31184469512966106,0.9677818509453716,0.737501448661209,0,0,0.0,1,5,23.856901849269267,0.3333333333333333,3461.634067210534,1.0
4939.015251192718,8,1,3,19,2,176.72636384046206,1,4.604532384153623,0.11005100046429883,0.8303556362193066,0.7483770713381827,1,1,29.943692702875694,0,0,0.0,0.06666666666666667,1419.2195741220419,1.0
8291.454952151318,6,1,3,18,2,368.95840144780783,2,4.692215022174452,0.03174503978730592,0.5997902082647322,0.6998668910773307,1,3,41.105765807873944,1,6,25.01430720763414,0.6,3514.4817304305866,-1.0
3195.1898359490824,7,4,10,4,3,513.961262095941,1,4.827355788054927,0.7141815918326391,0.9723617492352963,0.11983066562951078,1,2,19.043536350515915,1,3,15.385806393719204,0.3333333333333333,1009.4063850431006,1.0
40935.60358438791,6,2,11,17,3,444.2429459283571,2,4.137846121690241,0.877969150704365,0.4949507355747933,0.14601575189209237,1,3,44.15117858314639,1,3,22.660087449222026,0.4,10157.09527501929,1.0
1669.1191101073027,9,1,5,2,3,359.7259862731463,5,4.285572842594015,0.2611234684675232,0.7119186572719705,0.8799843804651475,1,5,22.959374491285367,1,1,16.41209214481853,0.4,563.766782025386,1.0
13275.067113315237,2,2,9,18,3,84.23772672231311,1,3.766311617525227,0.2827871624713978,0.9590322379650208,0.25787711716490036,1,3,27.6244841975193,1,6,16.67835060798116,0.6,4948.359955097447,-1.0
17258.635651732067,5,2,8,11,1,486.8825031010214,2,3.26687954455243,0.32445415103420483,0.5425172040009609,0.1487884492937086,1,4,45.971347045561004,1,6,29.176018600092522,0.6666666666666666,6132.016673853547,-1.0
3275.286580131014,8,4,2,11,5,425.4791585028906,3,4.430672777386189,0.11690706448303945,0.9757937247767539,0.13402294741524293,1,2,21.932706522765113,1,5,16.520009314414633,0.4666666666666667,1248.6697497178184,-1.0
12314.074857004845,9,3,9,9,5,448.54490050307413,2,3.380196935880954,0.7469691686229307,0.8426715336117989,0.2959848827134236,1,4,21.542139649572274,1,4,16.5178299563958,0.5333333333333333,3949.201300727215,1.0
3158.9913780811785,11,1,3,11,1,181.33936557629443,2,3.743342668685673,0.6300737056293579,0.4619637238319808,0.4276464934798979,0,0,0.0,1,2,18.96331359425406,0.13333333333333333,1191.5206557109173,-1.0
1128.5562263527413,3,2,5,1,2,453.7323955330248,1,4.561809529249889,0.03657266762987921,0.9656336849550229,0.19005214977186455,1,2,33.53029184725695,1,3,21.025726839049412,0.3333333333333333,309.29217484647324,1.0
3640.3544480229266,8,1,8,4,5,315.76798703009706,1,4.4077104912977685,0.08042912006634251,0.9719824458375544,0.2563007115466822,1,3,23.09731659037559,1,1,15.758436258591045,0.26666666666666666,842.0163968884716,1.0
11374.854290797948,1,1,4,11,1,539.4878799061651,3,3.1682530080467965,0.15653694649817795,0.7793313809482647,0.4594021840414292,1,2,36.55435040118238,1,7,20.66700501461332,0.6,3110.0379863621765,1.0
7382.625090116847,1,1,3,19,4,57.39834111759322,2,4.342817969257179,0.7574108119625292,0.7001272063467181,0.27623413639554195,1,2,37.789715615966344,1,1,25.044909231651307,0.2,3060.2693308421726,-1.0
20163.26305910968,9,2,5,16,2,133.85425081232148,5,3.1037361790703475,0.29711975805488944,0.48850445457866465,0.7986657983388549,1,1,28.41469412043568,1,7,12.538365007575923,0.5333333333333333,4701.1457791218545,1.0
1078.034351205275,3,3,4,1,4,479.9052807524115,4,4.593410997473595,0.0006488695772243203,0.8212259512854623,0.3131991173647509,0,0,0.0,1,4,17.541382486933106,0.26666666666666666,556.8448839753951,-1.0
12607.06397541675,8,4,9,8,3,363.8019966105337,5,4.9321802500801555,0.7511533681730987,0.7594043276209934,0.21386562090481354,0,0,0.0,1,7,15.550717813540745,0.4666666666666667,3977.1374782607513,-1.0
3790.195473288298,8,4,9,4,5,278.7380697658166,1,3.7295360636359116,0.34673954080279157,0.7570865518233187,0.52447953475261,1,2,21.827107332493807,1,6,17.515163216547062,0.5333333333333333,1064.239703560091,1.0
10728.965951355412,8,4,5,17,2,315.2562731981003,2,4.695508323110099,0.7045643960865894,0.47515739761291925,0.6156495130156666,0,0,0.0,1,2,17.834930527100248,0.13333333333333333,2818.087439135325,1.0
3432.0110845446147,5,2,9,1,1,304.27604717452374,5,3.3745461767079643,0.34747095050252563,0.6854657417681084,0.336622844791495,1,2,49.29913132259575,1,7,28.34238369960471,0.6,1032.3410019545024,1.0
10008.46763646886,7,2,12,11,4,598.2072589780408,2,3.399828067586595,0.5774911209396778,0.827394936355754,0.7848141254006685,1,5,23.45181172854037,1,4,12.885229480763995,0.6,4370.653478971656,-1.0
4899.281823728203,3,2,2,9,3,384.7443083426176,1,4.927625987680335,0.7437402341365558,0.633550096945411,0.792129018701237,1,3,37.29906365948606,1,7,20.224082438234216,0.6666666666666666,1268.7676864198731,1.0
2825.3837098689532,1,1,11,3,3,376.0680654322925,1,4.987179994453037,0.3113931808175153,0.9260589444912237,0.46277956313670476,1,3,35.29903168521885,1,3,29.564691643719524,0.4,1382.564097023675,-1.0
8277.58664971606,6,4,8,6,4,380.0462615472935,3,3.0354774818171704,0.9378410517113066,0.5629017071781285,0.40425048834842314,1,2,42.123981743298906,1,7,26.33901733943385,0.6,3164.143887919038,-1.0
13807.185655332118,1,3,4,11,5,187.4397798975069,4,4.549365135735735,0.5099451089522212,0.9636747098728242,0.3236637163456302,1,3,49.72682473030827,1,3,21.398915171747912,0.4,5539.111379913459,-1.0
9494.060388613103,10,4,12,13,4,412.0309849151837,1,4.219476713746155,0.579797760724914,0.5310983644345783,0.1513033158025098,1,1,31.57975051359749,1,6,14.676342226714937,0.4666666666666667,4614.5375961373275,-1.0
469.71599330979524,2,1,3,2,1,501.74636701001646,1,4.461550722366297,0.6522696690251003,0.6733350934568156,0.40616834230101373,1,2,21.780074024031318,0,0,0.0,0.13333333333333333,239.5183346258077,-1.0
14848.680465012721,9,3,7,15,4,417.2774222272756,1,4.360729115574314,0.02405684673377395,0.8659811931306183,0.2693057872055554,1,4,28.461463598704327,1,7,16.820443535857343,0.7333333333333333,4350.002157088272,1.0
4815.716296877359,3,3,2,13,1,391.0442848521172,1,3.5963479728687817,0.2232058440034278,0.6313244973528833,0.20157840646749642,1,5,34.616687610816406,1,1,19.130930399714916,0.4,1929.6203733613559,-1.0
27264.81827218843,7,2,11,18,3,110.05146783258567,5,3.302314261827534,0.1322741377775437,0.9344545005371224,0.8182555934728487,1,5,23.352136521101297,0,0,0.0,0.3333333333333333,10196.257249125612,1.0
30938.834778988323,7,4,13,19,3,591.8878985826624,5,4.240264261601335,0.5385520439303857,0.6235491539132256,0.2692317625045851,0,0,0.0,0,0,0.0,0.0,11145.793509321333,-1.0
2001.6463241924432,10,2,2,3,1,346.53189320004213,3,3.331867856524563,0.9379289547711916,0.988140636045269,0.8388111261446678,1,5,23.915867908252885,1,6,17.7021143094225,0.7333333333333333,521.6803192674159,1.0
10222.1322992958,8,4,8,9,2,582.4206373777643,5,3.9927705611181827,0.5901453428365545,0.7188782349842632,0.32592390184338227,1,1,28.532791932354336,0,0,0.0,0.06666666666666667,3844.2685320615324,-1.0
10403.182060611727,8,4,10,18,2,358.4960567897176,1,3.9047613810652266,0.9247001582639957,0.8524203454744962,0.7116215485455551,1,1,21.0679298425202,1,5,12.914710779917314,0.4,4710.678831023864,-1.0
1950.5548995343352,7,2,6,2,5,330.2652549543227,2,4.082317276407725,0.10429408813372043,0.9598618363774282,0.20645069434784544,1,5,18.64216007422962,1,4,10.83692516763812,0.6,494.2806568475088,1.0
8423.862941963096,2,4,12,6,2,479.212510101747,2,4.295141223983597,0.9588758815252968,0.9804370216855224,0.22933008301642188,1,5,29.2118227666949,0,0,0.0,0.3333333333333333,2486.061557982978,1.0
15282.569113291305,1,4,4,19,2,568.589533734631,1,3.285933143737123,0.8189053498362282,0.46456813688482657,0.48449238340890577,1,1,42.05613725821401,1,5,26.434117257817856,0.4,3842.0967705742823,1.0
23278.189961521934,1,4,7,15,3,583.4622944066134,2,4.0833881860699455,0.19007688415660884,0.4095870232156595,0.3860764749117406,1,5,38.398469939966375,1,7,26.930381178084428,0.8,6670.041181996921,1.0
653.620810649339,7,1,1,5,4,244.77620559484086,5,4.939472164574859,0.8811868264358522,0.6781155454596652,0.854450405688738,1,1,26.57492455266324,1,1,15.599463268899845,0.13333333333333333,308.0382765866213,-1.0
34779.857111569094,5,1,13,11,1,244.4353339500201,3,4.786119824872115,0.40057375077677215,0.6239728982056951,0.12535107963305575,1,3,48.635975130973684,1,2,23.944822835908358,0.3333333333333333,9063.331441592854,1.0
14642.300289683277,11,2,4,19,3,318.24702474964084,4,4.4640613830489135,0.6550744330011887,0.8385141224887669,0.7098253476622862,1,4,25.929640914339878,1,5,20.65520410918592,0.6,5144.246324227249,1.0
4477.880951248889,2,3,2,15,2,56.154837675893646,2,4.846060479749427,0.9636515150788472,0.40559530358493445,0.8665233319635334,1,4,22.73186663284315,1,3,18.228190756086533,0.4666666666666667,1943.831553668396,-1.0
10071.852615576914,1,1,10,5,1,214.0942091148578,2,4.288017644107819,0.06455414544672877,0.6053781076028186,0.8611996942350171,0,0,0.0,0,0,0.0,0.0,2322.4246614749027,1.0
8664.815854185228,10,3,11,7,1,314.7266938409717,1,4.545406563274466,0.7089834720972563,0.7477680368618818,0.8105886973028428,1,4,23.409255620405062,1,2,16.705558649498663,0.4,3297.60910711589,1.0
965.078439011692,8,3,4,2,4,433.8825447847272,1,4.827599737034037,0.4682569474081265,0.5664012323338453,0.7740524620015229,1,3,23.123775606163353,1,5,16.376897879306824,0.5333333333333333,497.63395211710673,-1.0
12200.625688389713,4,1,8,5,2,433.966978831248,4,3.3425419005074546,0.43777867912535684,0.5508881170082665,0.30465847197328133,1,5,36.54668652519936,1,5,20.222960958373186,0.6666666666666666,2819.559690441572,1.0
13824.37863477125,2,1,11,10,3,494.1634664545234,2,3.355389377698805,0.7612452023882328,0.8572066585691686,0.8967103254912488,1,5,30.512932086764028,1,2,13.110976162552829,0.4666666666666667,3566.791628006157,1.0
3412.6045298281906,11,4,11,3,2,187.58318377729128,1,3.1428503058657284,0.14934590494457778,0.9097156460584906,0.8925407822606467,1,5,30.539988149292128,1,1,15.523071912161456,0.4,1045.8532320179481,1.0
14133.81292677437,7,3,13,12,5,323.7603894936592,2,3.162431767998984,0.7429872548076232,0.8239137778962504,0.8043660811611882,1,3,21.81258192371283,1,5,12.806384724582632,0.5333333333333333,6734.3504201199285,-1.0
11613.649682416482,3,3,11,5,5,78.54174287189329,2,4.406892775342413,0.9204064820297724,0.9572388494508116,0.5160232667607197,1,3,40.92431090086152,1,5,24.02844681843413,0.5333333333333333,3812.4382565021115,1.0
14858.422458677607,3,2,12,10,5,388.5816159278885,1,3.7845845857635867,0.1357415223424694,0.5631290769694143,0.13493810365280617,0,0,0.0,1,4,20.251390311920293,0.26666666666666666,4489.630253315998,-1.0
58863.24608180809,10,2,13,19,5,344.971219480432,5,4.082593457844343,0.12352393862188027,0.9052091012185292,0.7763583506665566,1,2,26.714915186794432,1,7,14.505539824585757,0.6,16327.775171760277,1.0
24962.01179564706,1,1,11,13,4,546.2482704435176,2,3.2241793291681553,0.7349347651914176,0.44211245891746737,0.4329935016177633,1,3,38.52681617486145,1,1,22.753293687845726,0.26666666666666666,6995.52877590626,1.0
1842.1600484930614,9,1,3,7,3,312.28378822581067,2,4.110026302936662,0.006211646561703366,0.6378469242657864,0.13268535005082366,1,5,21.375692116453646,1,4,13.17449359429298,0.6,874.9925805255878,-1.0
6917.760829960301,7,3,6,12,3,571.84438680117,1,4.294892593395907,0.09194916145136489,0.4538995234993828,0.7456958193486503,1,1,22.227567861233734,1,7,13.090670240431903,0.5333333333333333,2682.3136191404014,-1.0
8384.176499605783,3,2,9,6,1,388.557771576931,4,3.6538434596402825,0.5071505750108568,0.734162551400368,0.3518823477915063,1,3,41.89486342530021,1,1,22.00027146947525,0.26666666666666666,3877.3826882542003,-1.0
30344.84278630446,1,2,9,15,3,595.5378840654425,2,3.4441052363492046,0.9956754337623562,0.8632758130324214,0.29972917931947274,0,0,0.0,1,4,23.841355592525378,0.26666666666666666,7732.429844594902,1.0
34500.51853082311,4,2,12,10,3,423.8011013316201,5,4.154324996330633,0.9858942799020254,0.44292951123946966,0.7997027653728723,1,3,42.24799398726257,1,1,25.715578178102074,0.26666666666666666,10503.12160311846,1.0
10077.270436049814,6,1,3,11,3,470.08173698046403,4,3.5476181896113026,0.6236277495178657,0.4876384689613315,0.6762626410635996,1,3,43.26698562310599,1,4,24.01578870530738,0.4666666666666667,2657.03359527389,1.0
10970.11701688946,1,3,7,4,3,292.4963886360475,3,3.173058742795559,0.24169733579744201,0.8419327852013148,0.7703993779005941,1,4,44.43048012192698,1,2,20.249828447925747,0.4,2916.378593939474,1.0
11886.302857793786,2,3,5,11,3,463.9365958441018,2,4.540547777827757,0.9945953560405459,0.8621147782675244,0.38128062773466165,1,4,28.152618651666664,1,3,15.829573829056624,0.4666666666666667,3080.30280966397,1.0
14305.701334972538,1,1,13,10,2,314.9439755889016,3,3.7581650426676574,0.7089796397081917,0.6417958534070427,0.18885989171560338,0,0,0.0,0,0,0.0,0.0,7254.596060392242,-1.0
22417.864389855466,1,3,9,10,2,141.36331034095508,1,4.195480156515824,0.14709405139686238,0.642449559976758,0.7041085678167872,0,0,0.0,0,0,0.0,0.0,5095.5626929383225,1.0
8086.733570999117,11,2,5,10,3,515.4215338291609,4,4.513981511066875,0.9459418542034285,0.7119447781356651,0.41269496722159926,1,4,28.121321684717024,1,3,17.90643995271051,0.4666666666666667,3214.24201046086,-1.0
11063.940897106962,5,3,9,3,4,144.6765261717106,3,3.7675142870707727,0.23532521204611223,0.8437639197679584,0.2817360883418972,1,3,48.956458899987965,1,4,27.57705628263245,0.4666666666666667,2964.023119368882,1.0
1799.1910925450368,5,2,2,4,3,290.4490345060955,1,4.629184747126436,0.8778714276763837,0.9548901367706956,0.507327850814758,1,2,53.47008399722622,0,0,0.0,0.13333333333333333,528.4625357579412,1.0
24739.943913720017,1,3,9,11,2,81.34680148614669,1,4.603478665590915,0.6550250353638882,0.7671930562070628,0.3881008975953292,1,1,43.088248936310784,1,4,23.273677760164777,0.3333333333333333,5948.102563518097,1.0
11481.884908972514,1,1,3,17,4,284.64830314932146,3,4.981512299898206,0.7816198081819262,0.8850340168969044,0.3087780318122036,0,0,0.0,1,1,20.50779210554844,0.06666666666666667,2970.4651726651396,1.0
3341.5121506258884,9,4,10,2,1,542.6167399463887,4,3.9829116508931572,0.8327337857825113,0.8391667214273432,0.36454462844518154,1,1,27.891120604902532,1,1,17.296726668901112,0.13333333333333333,955.8412268231683,1.0
6427.0208688084285,6,2,4,9,3,541.537362891081,2,4.768008419975634,0.643616699773067,0.7603950725987998,0.4759638907589484,0,0,0.0,1,4,23.48205340101605,0.26666666666666666,2115.25454583962,1.0
5776.157694308442,3,1,13,6,1,100.34149564625454,1,4.254317879279543,0.8820937274171212,0.5798007559240086,0.3473427067234285,1,4,34.30435918066809,1,3,18.92227444888403,0.4666666666666667,2650.0732014468754,-1.0
10971.087593634313,2,3,11,8,3,571.011392703974,1,4.91717645307048,0.028487216357079848,0.4549903478472472,0.2946477439585703,1,3,25.19763484949119,0,0,0.0,0.2,3335.104384126804,-1.0
18300.96993420466,7,3,6,11,2,409.38637309417186,5,3.3423849163460133,0.4171118602095746,0.7452986184225989,0.4603326709870754,1,2,19.31663304574386,0,0,0.0,0.13333333333333333,4859.528866261931,1.0
33374.014666122755,10,3,10,15,4,589.350112979084,3,4.18896449765208,0.809827000315139,0.4361999530950539,0.2996871615038488,1,4,23.765540968847713,1,5,16.066543135204007,0.6,10453.700918583541,-1.0
78777.92081598447,10,3,13,17,3,157.97863126997305,5,3.1568230860073796,0.029149778506417534,0.9357516010028072,0.7867202652996591,1,2,26.927316555518768,1,5,14.804766517352654,0.4666666666666667,20498.27880338216,1.0
17843.601866123518,3,1,11,15,5,506.43262285514,3,3.3825580342116806,0.5897805314400532,0.9470571898967256,0.3804480781065295,1,2,29.387572406198352,0,0,0.0,0.13333333333333333,8006.575260213404,-1.0
42075.126556657284,7,1,14,17,2,188.5791789971761,5,4.7653729420287725,0.4017378620574258,0.9969748721731305,0.11493983444825587,1,3,23.793744686298364,0,0,0.0,0.2,9944.78360536499,1.0
39668.25157247433,4,3,8,16,5,329.7568738888014,5,3.614300491172812,0.23932510160115028,0.6862289258202833,0.33707085332337916,1,4,38.09997831519117,1,3,19.886962521093913,0.4666666666666667,16270.430490395927,-1.0
5285.951789760958,8,3,7,3,3,252.16296373083634,5,4.621944862038287,0.26206405264119204,0.9484576816571393,0.5829148795599189,1,5,29.701803549418212,1,4,17.24089565636699,0.6,1939.2075423390925,1.0
4442.952817617141,9,2,12,3,4,589.5509219996433,5,3.0770646954045207,0.3577011923304164,0.4897853923854834,0.3434282994336024,0,0,0.0,0,0,0.0,0.0,2011.0398288888325,-1.0
18106.688445873966,9,4,13,7,3,401.21725106363215,5,4.693292992953934,0.012140522462232295,0.41687408165074974,0.10828594509665708,1,2,23.549751190472513,1,2,13.930344854250633,0.26666666666666666,4563.684186353293,1.0
643.9590193317467,1,2,1,3,2,176.67285054211527,1,3.204223636959741,0.8250186725207194,0.5519959538264679,0.25066380687381185,0,0,0.0,0,0,0.0,0.0,183.5988651654151,1.0
16069.238784075358,8,2,9,14,1,161.50981196953109,3,3.0096980264191115,0.5393421485107202,0.514020399336078,0.6063252030285612,1,5,30.635951227072013,1,5,15.530442536554615,0.6666666666666666,5930.038507351858,-1.0
12845.31048646105,7,4,13,13,4,79.61634825045108,3,4.449181436421831,0.356326293475418,0.53041416367578,0.27070953017832355,0,0,0.0,0,0,0.0,0.0,5560.611859273874,-1.0
3025.7631153879915,8,2,1,11,5,186.1214288858152,3,3.890694680046802,0.23626920956402575,0.5112742948504823,0.7124222059525424,1,5,29.05926757292746,1,2,17.359835467962174,0.4666666666666667,960.4367048370631,1.0
2032.9113724890276,2,1,9,3,4,508.0008160303994,2,3.6956848638702477,0.48966798966850533,0.7690323184324659,0.7629120311888776,1,4,28.92271074256667,1,3,18.02833358984248,0.4666666666666667,962.5254280941541,-1.0
4946.486080566952,3,1,4,6,2,490.0690181312543,2,4.877301187214941,0.32884640553700717,0.6862195641891307,0.7505833889386267,1,1,30.393212186793658,1,3,24.97257592737276,0.26666666666666666,1164.217203743239,1.0
10146.087001308175,4,1,6,15,1,424.51103631513814,3,4.841299857655343,0.3876627233054065,0.48988658585956274,0.7063763669446061,1,2,36.77795099077764,1,3,21.647135055697362,0.3333333333333333,5166.170872170633,-1.0
8368.755979766527,11,4,13,4,5,65.68665846231787,5,4.536521784250808,0.8506050869143863,0.8695949483770666,0.21923764540477722,1,4,23.613772144348005,1,2,15.789998648120205,0.4,3140.2822970389557,-1.0
57509.02863004366,3,3,14,19,5,54.063363885594015,3,3.7096011395257777,0.7191020069698538,0.8291881790484975,0.13090498555683425,0,0,0.0,1,2,25.362875139789143,0.13333333333333333,21205.263151480565,-1.0
6967.332366398709,8,3,9,9,5,294.12503196787793,1,3.0528912036968645,0.6507181271207004,0.966850985740869,0.3869128097226765,1,2,22.500836945654317,0,0,0.0,0.13333333333333333,2984.7950220606836,-1.0
15829.001611087035,5,1,10,7,3,215.8248767180529,5,3.4274869904658947,0.28360621785598916,0.43295088799213755,0.3202602431045989,1,3,39.6304959533069,1,3,25.68036848788377,0.4,6036.929660888025,-1.0
19978.754879992714,5,3,5,9,3,317.4743873953455,3,3.9212072517634002,0.7430463946520506,0.5281289927469404,0.6477413946101196,1,1,52.441802668629954,1,6,28.950701857883406,0.4666666666666667,5125.129989720457,1.0
20145.344611943918,6,3,12,7,3,143.76936016061225,3,3.302587591390781,0.39253141467821473,0.5323393963351755,0.49532257887847664,1,5,46.06389999414734,1,4,27.34664573408447,0.6,7834.589661720812,-1.0
19453.054375863183,3,2,10,18,4,583.0403433452934,2,3.8706271347667,0.1666696597564481,0.7506827219719767,0.11380520443741445,0,0,0.0,0,0,0.0,0.0,8295.720689419888,-1.0
28435.82865703831,9,4,13,17,3,309.76289675569507,2,3.7515983771119963,0.5365595677695015,0.9733399451018604,0.2620938470467394,1,4,27.73082725193457,1,2,12.107220983079857,0.4,6910.6974893561655,1.0
987.1646713102891,9,1,8,1,5,481.63339611860107,3,3.5640822525250613,0.9286417633825497,0.542667422826316,0.3021888055460929,1,1,24.155783015982564,1,6,12.496589326037082,0.4666666666666667,366.20509057892264,-1.0
25220.82846243239,10,3,7,18,4,108.806025539119,1,3.4163737380052384,0.7034727721303311,0.9283572956918581,0.16001334609769602,1,2,29.713264028752207,1,7,18.17263037890976,0.6,5752.755528531111,1.0
4883.094957136645,8,1,2,12,1,247.26553789227498,4,4.348708974815288,0.8806149636866302,0.45659468599393255,0.5321160499872833,1,5,25.4026992983089,1,6,12.562476017189459,0.7333333333333333,1588.2597473892054,-1.0
4578.221515366383,10,1,7,5,5,175.61008260566058,1,3.7964633264344037,0.8117805232658257,0.5683048448353033,0.10504395705534453,1,5,23.322611070455245,1,4,15.64783234545629,0.6,1116.7476331119149,1.0
27816.482916532925,1,3,5,17,1,179.81116124487454,3,4.533462781234667,0.9061827155005169,0.9823177604410895,0.4413791396810912,1,1,41.5430259923628,0,0,0.0,0.06666666666666667,8140.228692140563,1.0
5294.490145222716,4,3,10,2,5,106.46564084604097,1,4.026317966639991,0.8213388987280552,0.7932528415785465,0.4699308496917013,1,5,35.27952396565121,1,2,22.92664257301179,0.4666666666666667,1203.2289379770561,1.0
15675.159863934701,11,4,7,14,3,342.9813477902881,5,4.7941657844079115,0.7858978729248598,0.9802413004161628,0.5327990663917945,1,2,28.16609355506491,1,2,19.576754322384044,0.26666666666666666,6020.0369323829555,-1.0
25140.48706505713,6,1,14,13,5,432.55572448985333,2,4.507036015177551,0.24038543557127967,0.8569245535776542,0.7627803520185733,1,5,45.8045500645345,1,3,23.093421624680513,0.5333333333333333,8597.347324578506,1.0
15305.406502183087,4,3,7,15,5,503.8895890700982,2,3.212428186261371,0.9940414525161517,0.7657228918827695,0.2783265995435924,1,3,38.23582870870528,1,2,27.261320103294075,0.3333333333333333,7957.656342414556,-1.0
3742.996170558973,10,2,6,2,2,211.79147792942788,5,4.729210024310507,0.4815983530804756,0.43062982719289267,0.8229568657671142,1,1,29.000526188006567,1,2,16.888103751354386,0.2,849.694732581669,1.0
2279.708180392046,9,1,2,17,1,146.884460778581,2,3.529537091009761,0.6133656805404063,0.8466652277263385,0.4216780103538662,0,0,0.0,0,0,0.0,0.0,934.5250108925183,-1.0
8264.732519204821,4,4,3,9,4,288.02915597109563,4,4.967099725046104,0.6794984109053237,0.6141759253038359,0.27003130627194516,1,4,43.771107204930836,1,4,21.45197885230721,0.5333333333333333,2405.733972284984,1.0
24314.716731126617,4,4,7,16,4,115.89463088447961,3,4.594565529529245,0.09799065768056503,0.878875730611864,0.27010348038478427,1,1,33.889903412263244,1,2,22.633604531101778,0.2,6621.568183527484,1.0
7806.769573908381,3,3,1,14,2,107.72680518207957,4,4.580475494454481,0.27341877913954704,0.8108181573570736,0.17794157598176172,1,1,39.464216633762646,1,5,20.706819361300248,0.4,1884.1670828984918,1.0
4092.5602524174865,10,4,4,5,4,267.23590277367646,3,3.4793653628300714,0.8004641212138911,0.43966185782497547,0.5510593170194872,1,3,28.965118372445637,1,5,14.34548026780144,0.5333333333333333,1094.3807950840833,1.0
23614.609184221965,5,4,12,5,1,186.05198842336577,5,3.9431353289628848,0.12524252620480214,0.943048929711752,0.4619176153769192,0,0,0.0,1,6,25.77677726858154,0.4,5611.544777535387,1.0
625.9831604517393,5,1,1,3,1,96.06247062972346,2,4.7566678559493845,0.3053396054787265,0.5550025710966957,0.7699077313979733,1,1,53.89582022371473,1,4,22.9863622234687,0.3333333333333333,290.24612319586976,-1.0
6660.507398055122,11,3,3,12,1,331.31689864865604,4,3.0857760717698803,0.5069199595657209,0.430607327505058,0.4654581411594261,1,3,31.70101143711628,0,0,0.0,0.2,3157.2549721275627,-1.0
22565.488958092297,8,3,4,19,4,577.0841724265047,4,3.161401642714191,0.7741721452899953,0.5518609146556644,0.6629336455063359,1,5,20.931577672868276,1,7,13.833547505760198,0.8,6305.603967993176,1.0
4547.944256087093,7,3,10,3,4,119.51081866876659,3,4.0557108395729085,0.28193296782092847,0.5081476783983212,0.6138269841804532,1,2,18.765557328561233,1,4,15.423531228304626,0.4,1648.099795102621,-1.0
10881.769688280507,5,3,4,6,1,526.0211313342559,5,3.920922020033559,0.036163856373495507,0.9531771923457034,0.40087058170610335,1,1,51.98964953215188,1,1,23.80440224542404,0.13333333333333333,3638.4550816869096,1.0
40735.084290459126,6,2,13,10,2,424.4151407824354,5,3.3126246663817964,0.8879909846749084,0.7514516398037241,0.4059096480170966,0,0,0.0,1,4,22.06404847520026,0.26666666666666666,11218.494324316705,1.0
19762.295295887536,2,2,9,19,4,599.4415273309453,4,3.80766213854492,0.6672868540638371,0.9020406004359479,0.3805139716995368,1,3,29.789503822602768,1,2,13.186184866274182,0.3333333333333333,8882.914916229225,-1.0
42362.6424273898,5,2,11,15,4,373.9814326349622,3,4.937408385384115,0.7531580615951905,0.5058596130206071,0.4734150222925314,1,3,52.73437996651924,0,0,0.0,0.2,12351.785296908836,1.0
3772.6180971704116,1,3,12,1,2,598.5812223105958,5,4.65920917645534,0.9291099958039241,0.837819300586546,0.7078782663498371,1,5,46.84841877601918,1,5,26.891693081422265,0.6666666666666666,1836.340366595144,-1.0
3920.1872241344017,10,2,2,8,3,345.01276603763245,5,3.7854449792798253,0.794316479276838,0.7818180092403288,0.2945085433699137,1,2,33.17978468391462,1,1,19.68638997472461,0.2,1250.1945610529835,1.0
8927.742408603708,7,1,9,9,4,412.961529740098,2,4.000050705125391,0.6741292291126944,0.4684543496639654,0.899912451705114,1,1,25.823087384309066,1,7,14.363499806349449,0.5333333333333333,2339.2985563991106,1.0
11218.309931925793,11,4,9,9,4,306.4734519573017,4,4.982598157357307,0.19138267875923765,0.9223593956410211,0.21700044930451529,1,3,30.12078502398074,1,1,16.639536575697353,0.26666666666666666,4317.968429739379,-1.0
25457.808458859363,5,4,9,13,1,563.4152420545768,4,4.562767535269074,0.9791476664980193,0.8546829560957949,0.2681828147762191,1,5,51.96270976321571,0,0,0.0,0.3333333333333333,9907.631794651072,-1.0
20158.999737195365,4,3,5,12,1,574.4579349531346,5,3.098151986232409,0.86339546774377,0.8221792217166015,0.3377524222074708,0,0,0.0,1,4,18.872011270445338,0.26666666666666666,7614.453550476176,-1.0
1122.716924405957,2,3,4,2,2,354.94066707164546,1,4.261594639732389,0.9894545137251151,0.4247058386522834,0.23498940455789497,0,0,0.0,1,6,14.971826239822535,0.4,452.0428673669938,-1.0
7870.44940027046,5,4,1,18,3,502.81494924915916,4,4.261557074525277,0.009950909049507684,0.8810622947018294,0.15348220285287903,1,3,37.82474779170561,0,0,0.0,0.2,1946.29910910749,1.0
24313.90805562638,10,3,8,19,4,503.70998232624527,1,3.7831120470518247,0.8648534941427709,0.667865611583689,0.8182081788935734,0,0,0.0,0,0,0.0,0.0,6030.407138649106,1.0
10723.877168141371,4,3,5,8,2,55.67454211693674,2,4.118528456304317,0.1044748171722304,0.8929867324794578,0.2818346806999939,1,1,32.6952269813471,1,1,20.40506258856742,0.13333333333333333,2903.3147867460566,1.0
4813.685252523403,10,3,1,9,5,355.07295170994877,4,3.4017326094782057,0.6727726814184227,0.8251717667244661,0.7086720429282048,1,5,28.270265414373153,1,3,20.112478982299233,0.5333333333333333,1247.0627366199617,1.0
14083.629636450934,7,2,9,18,4,482.820865519584,2,4.167792409612637,0.5072388208543759,0.5575314672827452,0.6241263738324382,1,1,23.55314277413339,1,2,12.73136277983955,0.2,4998.997866594684,-1.0
32948.32188631007,11,1,14,14,5,397.3210644598434,5,3.893731148477146,0.8654221241080758,0.6365258582692684,0.6231406494942124,1,2,30.563174099782966,1,1,17.731083590686893,0.2,10521.065007731866,1.0
21364.383471394347,5,1,8,16,3,253.25303690064013,2,4.389053464521313,0.08672272800729774,0.5200924501412936,0.7089328089130175,0,0,0.0,1,3,31.30182923053389,0.2,6696.917922924686,1.0
7597.172208868124,7,3,7,13,4,191.2238095171949,1,4.756556315846367,0.4681798162698607,0.540016222048364,0.3668573291533196,1,3,23.62096534837547,0,0,0.0,0.2,3027.863559094777,-1.0
4440.690264913974,6,2,13,1,5,179.80257692418337,5,3.4360252958656092,0.10179874065859762,0.7071509593946848,0.6779681206618954,1,3,40.382666363976774,0,0,0.0,0.2,1176.7317104210929,1.0
2027.834864517903,2,1,6,5,4,377.5021827940518,1,4.484288851102341,0.30192435449119925,0.47087978053851554,0.7825472576646247,1,1,29.509096137188518,1,5,16.784923890189365,0.4,867.9305356830374,-1.0
12111.60756659567,3,4,6,8,5,494.8727379457503,4,4.608907846657246,0.4986437508896262,0.5788256173744446,0.8071794389694794,0,0,0.0,1,2,20.6237916297347,0.13333333333333333,3099.64357617022,1.0
5414.078811409489,8,4,3,16,1,535.9161659326992,1,3.5453829861177195,0.37540497378491566,0.5463776917158788,0.10269064988660173,0,0,0.0,1,7,17.633488243687484,0.4666666666666667,1740.419943271147,-1.0
934.6045578511884,9,3,1,4,5,220.3029835966877,3,4.264442248684624,0.9160516313132415,0.8863154706188122,0.6101630859822925,1,1,27.088700251747,1,1,15.344725119185071,0.13333333333333333,354.0249900900952,1.0
11002.790606829516,4,4,6,9,1,551.5686397221444,3,3.6443686289761144,0.4204320597017073,0.9587325522213884,0.6656672809718749,1,5,43.76194819311675,1,1,20.951955568750083,0.4,3616.876614620046,1.0
21240.901457630585,9,3,8,15,2,276.14921471378375,2,4.986705647102306,0.7166103748522293,0.8371594189608441,0.8276292012398647,1,1,23.095152758832146,1,1,16.10054443115782,0.13333333333333333,5394.545253389514,1.0
3724.694823323796,2,1,1,17,2,171.03157394467894,5,3.2352778677885867,0.5435723049426254,0.47208593611087746,0.3768709790876106,0,0,0.0,1,1,13.024667530459302,0.06666666666666667,889.1263834895614,1.0
3842.4645577673805,7,3,14,1,3,271.5826727145312,4,3.9295406380930964,0.3664479125863098,0.5504259683448555,0.4532063447895961,1,5,22.60631658970448,0,0,0.0,0.3333333333333333,977.3997182856712,1.0
62296.598319517485,5,3,12,10,3,238.24127120261076,5,4.013055905079522,0.3060815097523324,0.6763132220782456,0.6091868297104347,1,5,40.782761737730816,1,5,23.470730051674828,0.6666666666666666,17655.525973425247,1.0
14839.63639376236,5,3,13,6,1,219.52369577171092,1,4.837292320116447,0.6622783012482931,0.7804704935493717,0.8322979590928378,1,4,49.2351073459954,1,3,22.95807760512556,0.4666666666666667,5147.425045319147,1.0
6053.469660459201,2,2,2,16,1,164.1162836885836,5,4.69951834884295,0.1931806402405355,0.8856495004161103,0.6709921185626144,1,4,29.642652014791683,0,0,0.0,0.26666666666666666,2267.317127653003,1.0
20365.026275077347,5,1,9,8,3,55.51004150083694,5,4.776039688492951,0.3933674106332681,0.4816479426198141,0.568577597926672,1,4,45.19235457086459,0,0,0.0,0.26666666666666666,6177.813574281809,1.0
13579.034113069747,7,4,8,19,4,183.81064224895434,2,3.3572558008375673,0.11911350287365108,0.4047011038677161,0.34464631135967894,1,5,25.19450815130999,1,2,10.918304130951084,0.4666666666666667,4745.417786239701,-1.0
8485.581404580225,1,4,14,4,1,333.49574393036255,2,4.117047018466135,0.06616094112496795,0.7529800690838078,0.15200189503870176,1,4,40.20302503169824,1,7,20.041747589132285,0.7333333333333333,3135.0101940064274,-1.0
35276.3468559392,10,1,14,17,4,332.2452354113109,2,3.048205013504322,0.11823072461084361,0.5867899925655112,0.5073192762044025,1,1,30.03589454507176,1,7,19.959046450037807,0.5333333333333333,8264.262368664913,1.0
13896.00268735459,3,1,10,19,4,303.9492534762429,1,4.921506333896993,0.5122226399073675,0.40444813528837603,0.4041486582960764,0,0,0.0,1,3,24.864136154117656,0.2,6129.963273021671,-1.0
3653.655130840378,10,4,2,15,5,452.3149605336988,2,4.678907431886552,0.33921334849219964,0.6593487531666546,0.8580652818538372,1,3,24.019776921365708,1,1,15.866799473123894,0.26666666666666666,1422.401999663705,-1.0
3369.826595405354,3,3,3,4,5,120.76912749535482,4,4.911662905444258,0.489297781491274,0.49156197460557316,0.5559656905736717,1,2,32.86076806395813,1,7,16.980079936670823,0.6,1386.968551543209,-1.0
19027.521693331902,10,3,3,18,3,564.8456139832788,5,4.286126084801831,0.847970446357703,0.43504524285434054,0.19558863448098274,1,3,28.577815319812576,1,4,14.406010939019403,0.4666666666666667,5648.464082432982,-1.0
1978.3697608205764,9,2,3,3,5,232.57193026150213,4,3.2651634138071497,0.7905863772293107,0.9332261715235509,0.7889942651464196,1,5,28.494875820522925,1,7,15.4010699703724,0.8,652.9270275392058,1.0
2617.112139125638,8,1,3,4,3,110.79679979535857,5,4.658012115278758,0.43983973093138884,0.8519532351720565,0.5649802111039965,1,3,24.226023614478276,1,2,17.115434482640545,0.3333333333333333,693.5098726884636,1.0
3484.7204735319406,2,4,2,9,2,149.95123060889614,4,3.846810420473699,0.07050439553695387,0.588252271445346,0.3477921840107457,0,0,0.0,1,1,17.138110780194417,0.06666666666666667,884.5944290131438,1.0
41195.40005929988,1,4,11,11,3,504.33348300296456,5,3.615343696247881,0.008601818432715347,0.5936231134211187,0.4062913087780573,1,3,45.241582839321644,1,6,21.58752631786076,0.6,10831.476831911972,1.0
12625.245102288069,6,1,5,18,5,541.7396441668784,2,3.84957947499344,0.8572126260777889,0.7380975145876706,0.13618023446215136,1,2,45.226482161775856,1,1,23.74481395292265,0.2,4335.977310814473,-1.0
17505.248432389457,10,2,13,6,4,106.45273054700345,5,4.605273197625725,0.6330300203289908,0.7433379895803582,0.655957145095865,0,0,0.0,1,6,18.424647461310762,0.4,5119.95435306643,1.0
6659.477610860571,2,1,5,12,5,461.92150353896153,2,4.623319751235167,0.30854374794625916,0.6026522605807217,0.15839647938170362,1,5,22.649107245008885,1,4,15.441153420274452,0.6,2250.467110172856,-1.0
70641.19638257682,4,4,11,19,3,302.03278040258306,5,4.466688899832219,0.26344160468691347,0.833907556655346,0.7658028885724503,1,1,33.909283705522704,1,7,23.82632866797508,0.5333333333333333,17023.12050626577,1.0
1679.1044892926448,7,3,7,1,3,133.31112251925452,5,4.592278149124543,0.8222677220940822,0.673753948207479,0.473274835499245,1,4,25.357031867828752,0,0,0.0,0.26666666666666666,591.8993749585273,-1.0
14744.762047850618,11,4,13,5,1,431.11735964617117,4,3.1646729616908207,0.4533195984111992,0.7048210547823248,0.37200945372834093,1,5,30.63401058909915,1,4,17.38076120493905,0.6,3580.060373469536,1.0
5519.375288404344,8,1,3,14,1,134.303525768248,4,3.7321388439975873,0.7129329280352923,0.9759261919157648,0.8345427022389522,1,4,29.720763760481667,1,5,14.696379473110593,0.6,2358.911936575357,1.0
9288.186455397452,8,3,12,4,3,150.11293661422428,2,3.777044000691671,0.7864622453133571,0.7161010556725943,0.5861215530353174,0,0,0.0,1,5,14.82399661446998,0.3333333333333333,2352.942428029266,1.0
30235.239407168825,6,4,11,13,2,158.25259220783335,5,3.4379260916323737,0.8890668297228299,0.4778711664188435,0.5930916518460018,1,1,42.69015067398884,1,6,23.379254757712378,0.4666666666666667,11587.352233177171,-1.0
18852.572099036537,2,4,7,14,5,167.87336006841343,5,4.90695864896519,0.6497537050967451,0.4300656634246406,0.3685817595686669,1,5,26.95945340638076,1,6,12.817404735976957,0.7333333333333333,5748.027246730507,-1.0
3163.822939136446,4,1,7,2,1,123.78867063962954,3,4.6712486238612065,0.8038039706006399,0.48443341648490756,0.634316202280879,1,5,34.639795950832095,1,3,21.955227327022452,0.5333333333333333,866.2155971686934,1.0
14394.596676628153,1,3,2,16,4,162.15489808466816,3,3.033039223199924,0.32232326098720276,0.4898155674896296,0.5387752419068049,1,3,35.66160612030841,0,0,0.0,0.2,3438.046393398687,1.0
2623.3901625986705,6,2,11,1,3,529.1752584635353,4,3.6407005559090995,0.987286867447736,0.783707949106526,0.49344214437795964,1,3,33.565236615170555,1,6,24.040402898465448,0.6,970.9424000115112,-1.0
4093.472386997707,1,1,7,5,4,185.29981749402342,1,3.701794094872367,0.729752889762109,0.8107714159115631,0.1426781795328731,1,5,41.07510014160792,1,2,21.9434408235245,0.4666666666666667,1575.0735574806172,-1.0
19248.629809792597,1,2,7,8,3,292.2635309475081,5,3.3971972315678274,0.7869155321362512,0.8795130430494112,0.8972900442272252,1,1,38.121619953242515,0,0,0.0,0.06666666666666667,5230.353281654576,1.0
42304.11408066146,5,2,11,14,3,517.3971859464389,5,4.156037681471826,0.9739763961037055,0.7762973046871415,0.6647057631265755,0,0,0.0,1,2,24.20447915987075,0.13333333333333333,15343.77108766804,1.0
10792.485960927754,8,4,7,8,2,467.96653195679835,4,4.572579244848485,0.7974519440782282,0.8380541428830681,0.4872848336716603,0,0,0.0,0,0,0.0,0.0,2570.090456946209,1.0
1710.4062985996961,1,1,2,4,3,491.22316260392915,1,4.949901174074391,0.19812835496199332,0.8711718705246045,0.6398713533728839,1,3,38.40912657117661,0,0,0.0,0.2,474.13521531411277,1.0
8080.833506924199,4,4,8,6,3,394.280126662114,3,3.8952422535509847,0.9991099813095343,0.6314049261604398,0.3782820447537756,1,3,36.32134904716453,0,0,0.0,0.2,2918.182557140389,-1.0
3958.7392399993255,11,2,2,8,1,560.7152917575427,1,3.1970405829911863,0.024714957464907483,0.4819540347394964,0.35745919752039357,1,2,27.347419997569425,1,7,17.255718634124946,0.6,920.5412522731259,1.0
4033.877473937313,2,4,1,15,5,590.0519061761004,4,3.0422430176154642,0.6511036694199573,0.5458671622549137,0.19226809328805425,1,3,21.062534463432023,1,4,12.639676532582465,0.4666666666666667,1178.9516402988293,-1.0
1112.8387556204366,1,2,2,2,2,125.96224852397015,1,3.469374827103481,0.02008243067749771,0.7857412648925512,0.22230826389145034,1,4,49.343112728471965,0,0,0.0,0.26666666666666666,304.5404938226756,1.0
52129.11057531785,1,4,14,17,1,476.9527299283002,2,4.462731869121631,0.4120609216616221,0.5241911339717693,0.24399707805269522,0,0,0.0,1,4,26.713309830909527,0.26666666666666666,12344.708820085465,1.0
6898.095328431136,10,3,2,9,2,428.95933261058593,5,4.525307696616463,0.9410234655606866,0.6510558543401794,0.12736307415230083,1,3,33.326857481103694,1,5,15.852213183711976,0.5333333333333333,2150.881517607756,-1.0
9149.721233387098,6,2,6,6,2,220.60250747818617,3,3.94805022611454,0.7711526894144021,0.8054244989179716,0.573261456615806,1,1,36.583710173602874,0,0,0.0,0.06666666666666667,2309.8262972915004,1.0
21396.855505444822,3,4,12,11,1,120.92699757140659,2,3.3397081733028484,0.7149128266295598,0.813929644836614,0.8097012900093029,1,4,37.00748816955442,1,2,23.78673887554859,0.4,6072.029964679068,1.0
20138.688218775922,1,1,11,12,1,555.5310277648565,1,4.358340158526578,0.9799721792479663,0.9964307761755807,0.1577073805620655,1,1,46.523010438107775,0,0,0.0,0.06666666666666667,4904.954190090809,1.0
1623.5495689000106,9,1,12,1,1,416.32274386506714,3,4.863031976216095,0.38186678019625386,0.49733801289744983,0.21388376522001087,1,5,20.499354367860636,0,0,0.0,0.3333333333333333,483.8974088360442,-1.0
17599.45320812896,10,3,5,18,3,65.48493416938906,1,4.00145670361861,0.022533265969479688,0.5083647782005876,0.4099421357522316,1,4,24.33268396859636,1,1,15.239248548935715,0.3333333333333333,3993.6273497615784,1.0
15505.872181712075,4,1,13,6,1,469.35085454570685,3,3.3541495434001094,0.9830409704170288,0.6960291183787286,0.18739846652485045,1,5,38.53515951686324,1,3,27.68347148217037,0.5333333333333333,4450.165295560528,1.0
8964.35333145896,11,3,7,8,4,480.33281472525124,2,4.003518346737104,0.31781437340175633,0.4860495988726073,0.3021382891370218,1,4,34.62903051523495,1,2,18.336174668172074,0.4,3362.7437874088264,-1.0
13087.000453976305,2,2,11,14,5,549.1866651163784,1,4.795070104341327,0.7438411005815054,0.9909027375445091,0.2558537120405882,1,3,26.403706642635242,1,2,17.360156202473604,0.3333333333333333,4399.914224376849,1.0
36973.62849325369,5,3,12,8,2,286.22880733952206,3,4.031623711183099,0.41822508960164373,0.9172894541524258,0.7364552729291599,1,1,43.71349492912575,0,0,0.0,0.06666666666666667,9793.48164352627,1.0
16143.787775785739,7,4,7,19,1,179.8366974976897,2,4.082272703460053,0.23741979426362547,0.7058024514404643,0.5635488134079129,0,0,0.0,1,2,10.814623639573181,0.13333333333333333,3705.2987531799954,1.0
12091.59332243009,5,2,9,4,2,490.74805299797237,4,3.599092401537949,0.5887502394957582,0.555933608644746,0.17195695712271047,1,1,36.15535566220543,0,0,0.0,0.06666666666666667,3181.780642016876,1.0
12902.244383486119,11,1,9,14,3,313.9835835668152,2,4.2454375853173945,0.5848991127746501,0.7590624300716691,0.2514428291931591,1,4,31.61100529301216,1,1,15.829176377366897,0.3333333333333333,4474.93067185375,-1.0
10412.94757866156,4,2,5,8,2,555.0542892975528,5,4.458865333895787,0.15256783126098772,0.4128007631573393,0.4118942998903379,1,5,39.923992598753124,0,0,0.0,0.3333333333333333,3827.110773782179,-1.0
10040.320700726235,4,4,2,18,3,314.33831611258944,4,4.962429790417461,0.45390537425806665,0.959745081960102,0.8818314749034852,1,3,35.634393608511886,1,4,21.052594689569784,0.4666666666666667,3272.3370713560744,1.0
4540.8439618513685,9,2,5,12,4,559.3194346546197,1,4.23843469320887,0.24773033737632033,0.8960833878963248,0.1491798616319759,1,3,19.846947014058227,0,0,0.0,0.2,1707.8738990735164,-1.0
1234.4872542716641,9,1,5,2,3,466.52055159983,4,4.888632484840883,0.43021537878304106,0.42873035239309076,0.6709107842539394,1,4,25.54484891979148,1,6,16.55002723508863,0.6666666666666666,556.6792495389254,-1.0
42345.43104353804,5,3,8,19,5,399.9693105360566,4,3.7341866689644845,0.2749264472284362,0.4238761737072504,0.3090064076880868,0,0,0.0,1,6,27.39044033446213,0.4,19175.868298858728,-1.0
10424.151895830179,4,3,3,10,2,549.5562918046573,2,4.759288017292955,0.22508288357586081,0.6383601411945004,0.3763817557696211,1,4,32.506979586847,1,3,27.33080453759375,0.4666666666666667,2732.7942718055424,1.0
19158.06604904349,2,4,14,13,3,133.12439267891085,3,3.9230594764827993,0.5035046199957088,0.5828861918165209,0.23142034041430526,1,4,25.385062028495167,0,0,0.0,0.26666666666666666,7135.5943601722975,-1.0
2742.6488847222904,11,1,6,4,5,597.5430249132492,2,4.0174914596333675,0.6102510617319219,0.9186458948080851,0.21457792087166788,0,0,0.0,1,2,16.8099051913782,0.13333333333333333,889.7144772032128,1.0
20166.68582667453,10,1,13,14,4,183.9512728566522,3,3.551049355729866,0.10864799306226003,0.9933224697878148,0.8257678804244382,1,4,31.764940712408812,1,7,15.499020982396965,0.7333333333333333,7797.8061682822245,1.0
3332.218520053085,2,4,4,11,2,434.5624352635071,1,3.7056004371030946,0.19566315891338892,0.6030630820042974,0.5266207531360595,1,4,23.560381543106836,1,4,12.822131047301083,0.5333333333333333,1503.5402730988149,-1.0
1610.2318954740526,9,2,1,4,4,334.836156070607,4,3.0935294994735356,0.12211144287978581,0.5777146383114502,0.30729048464950026,1,4,27.981678792961596,1,6,16.98354412939446,0.6666666666666666,468.8561675558244,1.0
6730.915416628493,11,1,11,11,3,396.9036028790736,1,4.450345528933953,0.9975322839487789,0.9471686684034853,0.6477281853474331,1,1,32.678353643523536,1,4,19.342898987304988,0.3333333333333333,3344.969780495206,-1.0
21682.98048307895,1,1,9,13,3,220.63750080688303,1,3.4710420484712143,0.6393087768811639,0.5636382669112705,0.2494442819626805,1,5,42.59593299916986,1,3,26.684902716755534,0.5333333333333333,5085.567910015161,1.0
8700.017309494404,1,2,12,2,3,292.931692931218,5,3.682200901461023,0.8047240106484157,0.9734828661175069,0.8868670036721603,1,2,45.520047383440115,1,3,25.230980924426408,0.3333333333333333,2336.20021827825,1.0
46437.02982036876,5,4,11,12,3,412.5317494859289,4,3.062605638720616,0.4638773167703196,0.9928651924046321,0.881764637622476,1,1,41.40261230183597,1,7,25.07657078925386,0.5333333333333333,10940.878345283158,1.0
8974.980317592112,3,4,4,10,2,299.56843882783255,3,3.70441282403856,0.46999482968377404,0.901134056862745,0.18068061404978275,1,5,30.197734796613055,1,2,22.05702194938155,0.4666666666666667,2572.2663068393927,1.0
12102.476960059836,8,1,5,16,1,73.37077760547929,2,4.096336522929086,0.34762318587393404,0.9232023479374244,0.41404208027622336,1,3,29.614001014037612,1,6,14.113511242831857,0.6,2929.6179074804263,1.0
4402.740434031402,9,2,3,17,5,345.706103790643,1,3.834118347142787,0.13624455204452457,0.5530927679972824,0.6400944604971611,1,4,21.245728888106253,1,2,16.22572448572563,0.4,1762.0601438034653,-1.0
32531.316505668783,10,3,10,10,5,484.23689126287223,4,3.3371048014268556,0.7020283943327061,0.49591490537963595,0.8603748396079717,1,5,25.588717233071844,1,4,16.68787090342535,0.6,8331.045917623582,1.0
3276.7272059716083,9,1,2,8,3,238.44984760308716,5,3.9999429723940767,0.8419827278722763,0.4354099865582451,0.5338608217905193,1,2,23.33760658065767,1,3,13.645686553700552,0.3333333333333333,915.1613697065561,1.0
14380.464719550477,5,3,4,12,4,469.9766249930562,3,4.620171063353157,0.297065247662215,0.9170991827694692,0.7646563879010798,1,3,44.38257759640734,1,3,28.996855639772438,0.4,5579.692973523715,1.0
11438.102510793573,9,2,7,8,4,149.86019393210864,5,3.9315999569959432,0.07562511334617517,0.451150451684173,0.4911082765636201,1,2,27.238291260729568,1,6,14.062133882591183,0.5333333333333333,3257.138063548485,1.0
30736.23142172803,7,3,12,16,4,93.15245029748024,3,4.799581118483665,0.6337961430561173,0.5650707243793184,0.24348857734776264,1,1,18.07289476859864,1,4,15.564770909587523,0.3333333333333333,9987.046676095966,-1.0
23017.46981156644,10,3,4,17,2,300.7144133598747,5,4.276120762827098,0.6401349235418353,0.5094727286354853,0.6639298947477303,1,3,31.879434976388612,1,1,17.4998606381999,0.26666666666666666,6676.072934398889,1.0
3328.371770624158,9,2,9,3,4,405.02534540431964,1,3.0285059248344344,0.21416672227476163,0.49264299007163764,0.18167658809243586,1,2,22.33104592637569,1,3,16.469954920043712,0.3333333333333333,806.3132511165882,1.0
13269.40575456098,9,1,11,10,3,174.50262243678839,4,3.166377915771218,0.10881043716695771,0.9965126597940805,0.8771129255645279,1,4,22.52669164261436,1,2,14.060598481495196,0.4,4457.307298625981,1.0
10576.02012603716,2,3,9,11,5,416.1807458264245,1,4.307749746168895,0.4397773472038047,0.4500943768458855,0.2705989752500207,1,5,20.74748501631576,0,0,0.0,0.3333333333333333,3794.5757880945957,-1.0
6521.181736104191,3,4,4,7,2,318.0943875441488,3,4.313107440521496,0.40722772393572004,0.7236595276742409,0.4280997697211133,1,4,29.952180830220122,1,6,23.669571269195032,0.6666666666666666,1950.1913693054398,1.0
9027.681575244294,8,1,7,10,2,116.7530937710542,2,3.5576269900263444,0.7975637866297499,0.7063301819368104,0.14734152468757503,1,4,29.32035080205669,1,2,18.248006576522286,0.4,2349.0917984731323,1.0
48731.26771687423,3,3,8,18,4,143.02337244395724,4,4.479476901277422,0.14006104071923253,0.8665523210306073,0.5187162506889699,1,1,32.91475376344948,0,0,0.0,0.06666666666666667,13790.474103730932,1.0
8239.167087017067,10,1,11,8,4,134.84922455352194,4,3.418195459271818,0.15224656459035724,0.44191102449195285,0.7650395793809469,0,0,0.0,0,0,0.0,0.0,4015.0919650226697,-1.0
10567.894019122521,1,2,3,10,1,52.66347331980402,4,3.88181010743266,0.3313611072469256,0.47576442915994976,0.8372500691631003,1,3,33.9110979397799,1,2,21.88620922989044,0.3333333333333333,2729.728298753501,1.0
7789.880765554796,6,3,3,9,3,300.52742733494244,5,4.421240607928241,0.06780234971867916,0.6236064165368266,0.5573318417457441,1,1,35.882052406996536,1,1,19.475607826787034,0.13333333333333333,3475.4529768311595,-1.0
9478.28901534708,7,1,9,13,1,508.80212681810434,2,4.6619743439898595,0.533187830341095,0.4954305571617647,0.591369483633059,1,5,18.52629597544885,1,6,12.49583965883977,0.7333333333333333,3465.1453054989734,-1.0
6739.016642296317,11,4,1,19,2,529.5353712409659,4,4.382527327524799,0.632064397745533,0.8164462512837092,0.7837185487257768,1,3,24.17421955647718,1,5,18.691223938957627,0.5333333333333333,1805.9604116579856,1.0
11655.111081686644,7,1,6,14,3,439.2416871303519,5,4.17152191646928,0.5594827592361026,0.6744005141603524,0.3398352754400864,1,3,20.87341945101637,1,7,15.82978992071067,0.6666666666666666,4067.3113449192824,-1.0
1796.09445874742,1,3,3,1,5,539.588334164863,4,3.916686034984559,0.1429430959243292,0.9527251626224336,0.8744958412219445,1,2,44.51766304448284,1,2,23.350644937176718,0.26666666666666666,542.0244478683828,1.0
37631.79254497584,6,2,14,15,1,122.7942005214945,1,3.5489387070450693,0.902806019491646,0.9045442595973991,0.7104869379128245,1,5,33.03333551623264,1,4,22.497317509211037,0.6,8944.609033430188,1.0
7481.810562305086,1,4,11,4,5,375.80492555453566,4,4.6190901678304535,0.14635619999843885,0.9296530982102832,0.517476013811283,1,5,40.606351218788184,1,7,23.192010271406456,0.8,3587.2705281403432,-1.0
4596.747448758542,2,3,3,7,3,520.6694728643131,1,3.803476007600874,0.7197532275898569,0.7467412465804183,0.5223040643056788,1,3,25.25951803080925,1,2,18.23206708473854,0.3333333333333333,1074.2908479524453,1.0
3966.4173261600813,5,4,14,1,3,442.2666538905451,4,3.251267763825867,0.5372446515706577,0.5975237552959268,0.10808464186030067,1,3,48.73971500185889,1,1,30.359233858188308,0.26666666666666666,1214.622470743238,-1.0
6242.553353772445,6,3,4,7,5,383.78734135544346,2,3.3337390049674047,0.6343483113336315,0.8914180730231516,0.6292939597831049,0,0,0.0,1,2,27.27187788973673,0.13333333333333333,2155.9636629782967,1.0
5607.658735868713,9,4,12,7,5,330.0293792764416,1,3.6689450534576853,0.413566491528512,0.7207800177175537,0.8682962965487205,1,5,20.196548797149795,1,3,13.517373729145143,0.5333333333333333,2164.895411064828,1.0
1332.4855660364065,1,4,7,1,4,462.70158002598987,1,3.764200304088738,0.6878340585997484,0.5448435199269508,0.21427097351334323,1,3,38.152315327288306,1,2,28.7970280464811,0.3333333333333333,403.400259705832,-1.0
3523.4902417401036,2,2,2,12,2,117.04920026484248,4,4.641094436526165,0.6525289224491416,0.9047147635782349,0.28459206185650593,1,1,22.534418924608147,1,5,16.676611624598156,0.4,1522.6320879618543,-1.0
2432.886084343865,9,4,5,2,1,324.9692472852008,5,3.9332739005862685,0.28527991492306415,0.8455891947970995,0.22896731993544694,1,1,27.421363202736895,1,1,16.990909648518546,0.13333333333333333,574.3846111745403,1.0
5091.636879705261,5,3,11,1,2,133.77472323808576,5,4.701263865137785,0.4167688881157936,0.7140621264545564,0.4089062905544273,1,4,36.97746844972257,1,6,32.097102139889124,0.6666666666666666,1701.2489029711924,-1.0
4623.302880616589,10,4,2,16,3,512.5619755237824,3,4.289827992330144,0.45925838581442646,0.6515818172599337,0.5518927534316631,1,3,28.739371936437347,0,0,0.0,0.2,1752.3478685873006,-1.0
5786.572153617355,8,3,2,16,1,160.08293898074228,1,3.6496839809180597,0.9923205904731394,0.9126089982240015,0.7701605077491475,1,1,30.788591695049483,1,7,17.850032981151756,0.5333333333333333,1800.081709946447,1.0
15632.714379571458,10,4,14,7,4,442.36936572121647,2,3.2922832001861,0.2782587073848818,0.7873738982381155,0.20640835421851947,0,0,0.0,1,3,18.455363152474828,0.2,3550.195655725754,1.0
9192.640202343315,6,1,7,12,1,293.33343920371897,2,4.552765649489664,0.15578870992875948,0.9282532194519421,0.5552460412324051,1,1,38.64080083328598,1,1,20.171595704564346,0.13333333333333333,3747.1629909348917,-1.0
37126.045166460564,8,1,12,17,1,145.33304853244852,4,4.067013678073491,0.42142009613708553,0.6642007396983134,0.8561658901881525,1,1,21.64949878711832,1,3,18.198912822602516,0.26666666666666666,8547.262824806943,1.0
14827.059447885085,10,1,9,14,1,582.5878776398728,2,3.1403792811551208,0.6633360993454819,0.6259753384290809,0.8887749247651417,0,0,0.0,0,0,0.0,0.0,4059.37623843046,1.0
32082.632588420736,4,1,7,14,2,596.8860806554222,5,3.6759459328425415,0.225281990641373,0.9103855288884096,0.15206176604383803,1,3,39.24399047997014,1,7,19.173762015447796,0.6666666666666666,7739.349426788698,1.0
1961.464221188185,7,1,3,7,5,351.4506364959425,3,3.817488237015003,0.23768948502493414,0.5544529266077061,0.7127532691069823,1,1,25.75008173851349,1,1,12.8743881169256,0.13333333333333333,758.3022947847229,-1.0
4316.809393067294,3,1,2,13,1,580.0295650590134,5,4.86858719370486,0.2256980330646351,0.5675131834737401,0.36519026967126367,1,4,33.264374844256125,1,2,17.874337646023104,0.4,2253.9115217116855,-1.0
4633.265653778793,2,1,8,5,3,231.25383924752586,4,4.149785061963388,0.3937255852358995,0.6901731477932096,0.6043134891217667,1,4,27.670182393801856,1,2,15.271885526955572,0.4,1821.6060868025022,-1.0
20624.802528229357,1,1,9,10,5,60.90411458093601,3,4.370628845781883,0.7108790854949284,0.8344166652953304,0.6041915102668404,1,4,35.04701463206348,0,0,0.0,0.26666666666666666,5321.80255731116,1.0
31460.717858969336,3,3,13,11,2,259.1644488194102,2,4.809919263663896,0.9091401620983379,0.7625666741075497,0.6627917893542115,1,4,33.20085047170067,0,0,0.0,0.26666666666666666,9422.526835283474,1.0
3943.1917519272097,5,4,3,7,3,66.17703150649191,2,4.826087110700682,0.15201857316164868,0.6611994643275292,0.14572909319180705,1,1,40.95624998929977,0,0,0.0,0.06666666666666667,1221.7350124207906,-1.0
8130.154652243506,11,4,2,17,2,578.6074194025717,4,4.38345985558738,0.7018221955566466,0.4966590901819153,0.8605375919697805,1,3,31.234984759802177,0,0,0.0,0.2,2155.511839573364,1.0
9856.865685254266,9,2,4,18,3,349.4339854953295,2,4.030742229560046,0.5345702083654716,0.4314969407589887,0.6692682280917408,1,2,25.703525507382988,0,0,0.0,0.13333333333333333,2521.41137635991,1.0
58588.595362613254,10,3,14,16,5,323.59469403682874,3,3.3268828676503492,0.6189261775433514,0.7357268426293806,0.824070140874389,1,3,29.360262528145316,1,7,18.339908146832947,0.6666666666666666,15359.510035374455,1.0
16100.323933565196,6,3,3,14,2,297.1785735026204,5,4.483125077817026,0.13116365250413886,0.5153906876823958,0.20113860456771865,0,0,0.0,1,3,21.561508419243008,0.2,5388.36527397255,-1.0
5844.999899484197,2,2,6,5,5,285.03780178724674,4,3.709633052790373,0.43373230746410885,0.5980938728626755,0.45337936712373617,0,0,0.0,0,0,0.0,0.0,1524.6091748868646,1.0
23188.43752261836,5,1,12,5,5,493.254576864623,5,4.847991961255688,0.8468966964462589,0.6387956725254614,0.7119604905284468,1,5,45.67043718787147,1,6,22.187585986862025,0.7333333333333333,5364.138585783584,1.0
24262.917994753814,3,2,11,7,2,382.4499909971371,5,3.5378580520156113,0.6074148003194174,0.8343416799360792,0.28111371614657915,1,3,38.13093833130366,1,6,19.580717293558575,0.6,6394.813298422954,1.0
10715.203638345585,4,4,7,16,3,124.8124979875349,1,4.073045043385553,0.053195475810706716,0.4070539119563057,0.25408338820719123,1,3,31.413512405520862,1,1,25.64003781155311,0.26666666666666666,4453.667341240563,-1.0
4200.4302914545415,9,3,8,2,2,257.3434986152927,5,4.462041037321628,0.21560920873670453,0.9916611059365236,0.6992094822112184,1,1,19.917256059459714,1,5,12.39979994210452,0.4,1349.2349784068413,1.0
14872.46913861786,1,1,3,16,1,70.2107847875818,3,3.098114898408132,0.1533955454766912,0.47965258602655625,0.1682663858393325,1,4,42.55570405780178,1,4,25.372365639380032,0.5333333333333333,3706.4269766478765,1.0
11480.19656873158,8,2,7,14,4,254.1511453639219,5,4.030593389034731,0.8549165915269425,0.8710453047263904,0.2256032491469908,1,3,22.234052553533626,1,5,13.858617140978794,0.5333333333333333,6001.536278619259,-1.0
536.873536641599,2,1,1,2,3,60.43928330384701,1,3.7720234342893977,0.26057821618344224,0.8795599047715177,0.34074655847988417,0,0,0.0,1,7,16.967850609337624,0.4666666666666667,137.08433020511754,1.0
15506.848882773755,10,1,11,14,3,410.91197663698136,1,3.555562853737098,0.1853856066096401,0.8958153531045825,0.6913474234982411,1,2,28.09579573361043,1,6,17.332773757156136,0.5333333333333333,4406.160248734745,1.0
4865.124334254667,11,3,3,13,4,318.3970025670655,2,4.105841633703519,0.9046279258001638,0.46953053843598513,0.7293013317148794,1,3,27.947638629148663,0,0,0.0,0.2,2371.3550115876374,-1.0
15141.404488984514,10,3,7,10,1,575.156851858817,3,4.2148927838653325,0.6606115907661756,0.6712329423406236,0.3020788946878715,1,5,31.478226472537752,0,0,0.0,0.3333333333333333,5034.319227121567,-1.0
14942.34122062996,5,3,7,7,2,164.14441216882534,3,3.4965660100864544,0.093984288443691,0.5808994743969391,0.48658575932077486,1,4,40.72019746073695,0,0,0.0,0.26666666666666666,5240.071168049862,-1.0
3446.545277426457,11,3,1,9,2,408.53403942018963,1,4.362038104905042,0.9055797753564362,0.5794857155899735,0.7635693878039101,1,4,27.64186586471801,1,4,18.783094540038626,0.5333333333333333,884.8979911457615,1.0
31103.279146397083,1,2,7,16,2,187.39374069445088,3,4.580900341803737,0.8063469702926728,0.9407679932010087,0.49791692554852696,1,2,43.001753517459065,1,7,29.46658729452566,0.6,8600.997578008828,1.0
1685.8635226713004,7,3,2,10,4,189.4722837601392,1,3.6601884796415876,0.5215959636826655,0.9116490626885851,0.18274488331659616,0,0,0.0,1,3,11.234318767788492,0.2,778.3263057927073,-1.0
29380.593062790165,9,4,7,19,3,104.45414755043188,5,3.470252085216038,0.16084173491807863,0.8572128774392304,0.10049031504421811,1,2,24.58684903648017,1,2,15.934914332532273,0.26666666666666666,6769.900300468905,1.0
3711.3905491144146,8,3,1,11,3,254.0768211868558,4,4.158031458017535,0.869253067986885,0.7281548745893629,0.2485017546565648,1,5,22.835153657148027,1,1,15.975137036680971,0.4,1186.124519877185,-1.0
4393.42205810805,1,2,3,5,2,240.96739404712352,4,3.5045291191132053,0.7614472231622088,0.6979192681891311,0.13407675300495614,0,0,0.0,1,6,25.068579528436945,0.4,1437.1840018114442,-1.0
1839.711792176192,7,1,9,2,5,493.8199076076059,4,3.601595017105147,0.5232749682242278,0.7671418429108121,0.10169481734348934,1,5,19.14559972136114,1,6,12.354147464183203,0.7333333333333333,800.300627539279,-1.0
31315.743426325254,1,2,10,15,4,314.07121677446105,4,3.9525668120707476,0.1019955522201379,0.5242151087583797,0.7521378429493137,1,3,47.7846269720413,1,4,22.62304454497043,0.4666666666666667,12666.081744814323,-1.0
2422.8344733426898,2,3,2,8,4,433.261299346999,2,4.663535657151613,0.7410357482166817,0.8558428032038115,0.43467702212627946,1,3,23.506610136998408,1,4,18.175350212667734,0.4666666666666667,1155.2844413511482,-1.0
10112.187489698937,5,4,5,5,5,454.6830885067114,5,3.443812561717915,0.7419527264206313,0.4314977122809288,0.2765457505311447,0,0,0.0,1,5,22.688849769473062,0.3333333333333333,2470.9156778468196,1.0
1388.3704113678145,3,4,7,2,1,323.5017042817285,1,3.4391287837495037,0.0976976709376558,0.6868347692952292,0.15968726223969051,1,4,35.346448234612915,1,4,23.942818180853642,0.5333333333333333,640.9364804438329,-1.0
3008.34070967155,2,3,9,2,1,446.1111436816836,4,3.3027561121209232,0.6618419848379026,0.9176379762935851,0.35869889924053877,0,0,0.0,0,0,0.0,0.0,1388.1217008765914,-1.0
1405.0681923749623,6,4,1,4,1,50.97236380493415,3,3.5182769744382254,0.7379874356160046,0.6973756831266757,0.10967348080862536,1,2,40.63874688446086,0,0,0.0,0.13333333333333333,332.0998559572067,1.0
21990.81302298935,11,4,10,18,1,80.13512389598527,3,3.7166193661294766,0.9583399183888942,0.8638725951405494,0.4290327629526399,0,0,0.0,1,1,19.791020802262626,0.06666666666666667,7690.492541366913,1.0
24802.434229149352,8,1,8,17,4,193.20048902620377,5,3.344066295001758,0.8708439435650761,0.9893226419973694,0.803371306215681,1,5,25.71171442651116,1,4,14.056177164334064,0.6,7064.566108484975,1.0
5664.972277241435,3,1,3,8,4,437.82271861205874,2,3.9776325049776204,0.8216838113619207,0.8359244150121197,0.35656724318734967,1,1,34.181601052846325,1,6,24.812732006115674,0.4666666666666667,1366.1444325001921,1.0
4100.3726194369765,10,3,8,3,2,136.41287400166266,2,3.2896329597818816,0.211005278561616,0.4724491205687203,0.5163461840228135,0,0,0.0,1,4,15.034601264063028,0.26666666666666666,1360.2037548051594,-1.0
30738.794854200805,5,4,14,7,4,284.92151380256894,4,4.1507941871151,0.9466458481157328,0.6397553288125111,0.5445461476065538,1,1,37.24267527562409,1,4,22.28703149285034,0.3333333333333333,7864.359776349703,1.0
85937.04790250186,3,3,12,19,4,304.78164098879824,4,4.866655745422751,0.9416966472721223,0.7560336437023398,0.493757991315555,1,5,33.26564492521149,1,6,19.394869030493037,0.7333333333333333,22881.131325031467,1.0
18131.722085890367,2,3,9,9,2,135.2230368808422,5,3.478729738177949,0.44774268143737495,0.41362937478866924,0.5402767383667884,1,1,24.949457785975692,1,2,18.421368652489672,0.2,6693.925895335915,-1.0
18956.772079567683,3,3,2,18,1,384.25662914579243,5,4.350071777653582,0.879300053959024,0.8539063606006465,0.7862539383409496,1,3,42.283315187934946,1,6,17.320030873613636,0.6,5081.572207442382,1.0
26274.65189165703,3,3,13,9,4,271.173949454015,5,4.882105673022838,0.8541599451204976,0.5444821906983225,0.8254333181891226,1,4,40.61485220624017,1,4,22.980720307813673,0.5333333333333333,13517.212534143748,-1.0
15426.114029445052,2,4,14,6,3,199.42464008153766,4,3.629112910638832,0.8788940159242865,0.8185117783528926,0.2788137253859144,0,0,0.0,1,4,12.99834891493424,0.26666666666666666,3848.2886943502954,1.0
15293.407579156337,7,1,13,11,1,224.23734379298892,2,3.619038229657577,0.5683257233262897,0.9585118734568028,0.8922916209389261,1,5,22.202127889755072,0,0,0.0,0.3333333333333333,3820.7863051659574,1.0
14522.039413888779,2,3,5,13,2,540.2248305452986,4,4.716702731663003,0.5180016659878095,0.8541606582373706,0.5147132732529001,1,5,22.009678800768636,1,2,15.716786485909237,0.4666666666666667,5055.08513246059,1.0
11287.386901878066,2,2,9,15,4,337.70692759963515,1,4.6410996569846725,0.05676958256884346,0.9194696711481705,0.6786103943102166,1,1,27.99368089097223,1,2,15.24370389498973,0.2,3723.3765100427872,1.0
10906.470933520986,10,2,3,15,1,223.5053529385058,3,4.235171355818737,0.9264635364705636,0.996182306565032,0.23071471252678155,1,4,28.447940046695386,1,3,17.75318526374203,0.4666666666666667,2706.5653421984675,1.0
7413.232657308648,11,4,4,9,5,467.6409743555614,4,3.424423936203425,0.5004202932051846,0.8321428455670723,0.12931697905530318,1,3,25.211423292206675,0,0,0.0,0.2,2036.3601075183203,1.0
9968.395301740355,2,1,6,19,2,387.94372887481063,4,4.904003163174666,0.3445079567646516,0.6927231808890024,0.3184223013826757,1,1,25.457748013611976,1,6,17.57115155055082,0.4666666666666667,5265.350654457524,-1.0
10380.232206373303,1,3,8,5,3,381.5779148366952,3,4.775193835216441,0.76290083258929,0.9204433717554561,0.14753804552794458,1,4,44.364896072649344,1,5,23.95097204175747,0.6,4202.003626025321,-1.0
560.5082473983579,8,4,1,1,4,311.9214171116158,1,3.032189423014449,0.7160880347625455,0.6397614053626813,0.11813706550546313,1,2,20.8076021717363,1,6,15.659042922189505,0.5333333333333333,129.8599005610056,1.0
20562.54836266364,3,3,9,19,2,592.7518893496956,1,3.434061424212942,0.4325137910573118,0.5649006594110684,0.23990611619520996,0,0,0.0,1,7,24.051535470350537,0.4666666666666667,9062.58644160558,-1.0
8792.048156439185,5,2,13,3,2,74.69141593830962,5,4.999594225623925,0.8131371022768445,0.7421574955319461,0.2515510467747367,0,0,0.0,1,7,24.653044485829554,0.4666666666666667,3988.4180493114573,-1.0
10867.275388458094,7,1,13,15,5,428.94589668844986,2,3.245127009810169,0.594793471672893,0.8956293086274895,0.6969464900552886,1,3,21.528467465046962,0,0,0.0,0.2,5061.817486928368,-1.0
3033.5553312404018,9,1,1,14,5,344.55791979647876,2,4.034027594331945,0.5267198745638754,0.5791033539035108,0.774202441574531,1,5,19.35767439496791,0,0,0.0,0.3333333333333333,736.9362581815933,1.0
12401.8256917666,8,4,12,11,4,417.99281606306704,3,4.706014960159043,0.16889262189216891,0.9305896052389846,0.4614347848974514,1,5,25.541780465446422,1,5,16.178294969209695,0.6666666666666666,5554.444537712157,-1.0
31268.81746795694,3,1,13,14,5,578.1023085922974,2,4.172022967319461,0.7335693162007988,0.9507253486711876,0.13550727625721004,1,2,29.889181676088583,1,6,18.827170797015075,0.5333333333333333,7677.541194237355,1.0
7534.848619501799,8,4,8,9,4,106.92787728027977,1,3.853473429964946,0.47902105655297067,0.8434571742460801,0.3816560883720469,1,3,28.28297758874854,0,0,0.0,0.2,1914.1161337153885,1.0
2478.875507618451,11,4,9,2,1,536.6697278097694,4,4.586174945467598,0.054864699256108374,0.8040368449181152,0.16335529325559053,1,5,26.50669340961388,1,7,13.937250651238728,0.8,1108.5541075160531,-1.0
9660.16375484445,11,1,7,17,5,236.27098286462328,1,3.5438677198248105,0.8605411182168008,0.4048542658293826,0.847628376419863,1,4,26.246669679103892,1,7,17.911890704966176,0.7333333333333333,3917.3529730107857,-1.0
25311.419758730575,1,4,8,11,3,391.21491105292586,5,3.3112903496119253,0.7717524411548266,0.9981468063441337,0.4789087557933709,1,3,36.145275861879654,1,5,28.289812893888293,0.5333333333333333,8044.493444353753,1.0
30332.11931193741,6,3,4,17,1,110.9148569458236,4,3.9583015665679357,0.8930701915150736,0.7335829952726883,0.2098582740312539,1,5,31.533343503991087,1,7,25.606778410525237,0.8,8437.836630437727,1.0
81947.82144231941,5,2,11,18,5,224.69574973668668,5,4.216440131162467,0.20860772712321185,0.6620363038484289,0.652015911090772,1,2,45.36188918272943,1,1,22.31733298544953,0.2,19892.329230877334,1.0
2334.2387190984145,7,2,9,2,1,158.85465018727018,3,3.6884175477453143,0.6003114654119204,0.5572618572772305,0.12185836582768542,1,2,19.196368137227978,1,3,13.637060308293902,0.3333333333333333,734.8047763040266,-1.0
13406.242161633301,5,4,13,6,4,501.0808860989433,1,4.270216315243339,0.36060191357935123,0.5660349559603676,0.7520872753205008,0,0,0.0,1,3,22.554524108942832,0.2,3427.2608082264446,1.0
1765.5705118262845,2,2,13,1,5,598.2438966413897,4,4.233075942741534,0.04977061082221068,0.4845189620545775,0.44981787875463963,1,2,21.32088355816639,1,2,14.681217400342128,0.26666666666666666,770.940042267516,-1.0
5399.180256339961,10,1,4,18,3,127.04466434532625,2,4.840196654628484,0.7481889315983149,0.90530639769596,0.7437828746572266,1,2,32.19532276085128,1,3,17.04622442493734,0.3333333333333333,2795.725998244088,-1.0
7182.618936190465,1,2,10,3,4,520.8145843209952,4,3.964556054712131,0.4001274502455071,0.9848116443063555,0.7597427478047505,1,2,38.92156356615487,1,6,21.39514152226857,0.5333333333333333,2616.4977450981005,1.0
3090.779995047328,5,3,14,1,3,234.8254012077169,1,4.257568217830085,0.5228919967181036,0.9151249454869049,0.7765374771053825,1,4,40.66196022888699,1,1,24.33093542990725,0.3333333333333333,985.8531072668562,1.0
14062.525716566824,4,2,10,11,1,478.14380107878605,3,3.179439364937642,0.04650106392536679,0.6634806565134261,0.3774895836017478,1,1,31.441992590892774,1,1,20.686558556460273,0.13333333333333333,6947.053002789244,-1.0
18028.52749721726,10,3,8,16,4,110.56573815785484,1,3.3751733925802894,0.13527598822537534,0.636651472488041,0.7611250278241859,1,4,31.031994809217192,1,6,19.61717288270106,0.6666666666666666,5930.716364591353,1.0
4744.768230662218,10,1,14,5,3,292.0586776983579,1,3.3420069736130555,0.11208391725979316,0.8083023302157455,0.5437496707163122,1,3,32.28891071148183,1,2,19.76772433285932,0.3333333333333333,1940.3170883215166,-1.0
41067.61742520699,10,3,9,17,1,356.7442318329139,3,3.1390298841035262,0.08372123364828021,0.5641646563975409,0.6218098604789253,0,0,0.0,1,3,16.313192562613075,0.2,10179.567120771206,1.0
1896.1973613398372,7,1,13,1,1,298.6402313270038,4,4.879996238110486,0.6144281287220696,0.6365282256251706,0.30158591327613216,1,2,20.7686221715702,1,2,14.420580798279378,0.26666666666666666,536.3190770946816,1.0
31752.511283264048,8,3,12,16,3,264.1575387068572,3,3.2474092884217862,0.654899138183594,0.5439485819331894,0.6048282980677373,1,3,23.39111934485223,0,0,0.0,0.2,11331.44754413244,-1.0
6901.320129484534,7,1,13,5,3,331.48778705438093,2,3.3585590193030246,0.22181934348998344,0.718790344168009,0.3313618415808598,1,2,26.796201472574314,1,6,11.718585118736323,0.5333333333333333,1805.2109739617283,1.0
24356.82588419457,7,3,9,15,1,540.831802026703,2,4.4925217355955445,0.03587729637997972,0.9745080924671837,0.2776769663434828,0,0,0.0,1,7,11.659425734636276,0.4666666666666667,5887.306543882373,1.0
19251.77833658181,3,4,7,15,5,587.9386539001158,2,3.044847168093651,0.8252481427293415,0.782872039528145,0.2066787186542337,1,5,36.76313381853372,1,3,21.25181659498543,0.5333333333333333,5368.159465761128,1.0
4521.482689666973,8,3,1,17,1,439.84479103697583,1,4.167031186944958,0.5200538328145387,0.4810116908330123,0.4774646113706006,1,3,22.553052520269922,1,4,13.257148975334124,0.4666666666666667,1219.7512611141412,1.0
24787.26917427974,1,1,8,9,3,456.06635883124596,5,3.6523271564966358,0.2626890675262227,0.44945657204554706,0.5035892581378615,1,2,43.75145552233381,1,4,25.4071108247654,0.4,5898.609420592745,1.0
13913.36145084826,7,3,4,17,4,270.52061768675475,5,3.920935432858249,0.1447489232429805,0.44512599230080097,0.48459346964425754,1,2,26.089883737112185,0,0,0.0,0.13333333333333333,5069.152284510583,-1.0
29132.197549360608,3,4,11,17,2,78.3428905288079,4,3.0553035117305103,0.15352330432735573,0.880194296292204,0.7881315497630227,1,5,33.28907160841823,1,6,18.279823224632537,0.7333333333333333,12504.567503672655,-1.0
12063.689110814768,8,3,5,11,4,394.16088550972773,2,3.284692838764358,0.09268102308636728,0.5792626987625407,0.17703680961301763,1,2,28.285754883230986,1,5,13.507764852579772,0.4666666666666667,2982.718394554782,1.0
17888.495441910225,3,2,10,7,3,367.034521023619,5,4.969974138842755,0.23038961052147644,0.5428705170375374,0.6908939997654931,1,2,36.68156071432188,1,1,24.05167140856582,0.2,5624.662195365123,1.0
1721.6844707948626,10,4,3,2,5,283.5517849529342,3,3.9283736798599653,0.8284015316940652,0.5129971265800827,0.14520749227818985,1,5,30.676270521236667,1,6,18.952043202794126,0.7333333333333333,447.0069243251748,1.0
7719.211547682917,10,1,3,14,4,169.01285365312756,3,4.50193793267999,0.569386311822036,0.9791704887731325,0.4006688090553914,0,0,0.0,1,3,17.30276254629902,0.2,1839.4215755609202,1.0
17294.227912990642,2,2,13,14,1,211.11176155647115,1,4.79043827141292,0.23458906979362826,0.823798352331498,0.432448754572731,1,4,21.347315549702436,1,2,14.632884365055183,0.4,5057.189606382161,1.0
10140.770217762898,2,2,6,17,4,168.63038131638325,3,4.916520616823622,0.8639818533042556,0.8094125359365609,0.38812009368092726,1,2,26.036276737370706,1,6,14.041621100391222,0.5333333333333333,4763.738050412551,-1.0
32585.63536248719,3,3,4,15,3,258.19416202725824,5,3.8690067640572483,0.4282928208024397,0.6452509754267097,0.8330381977252634,1,4,29.06294218032113,1,6,21.96265527593763,0.6666666666666666,7598.603293003634,1.0
2338.0566805393823,7,2,11,2,5,532.0747626266964,2,3.331273475937073,0.6016930103827183,0.9190172103577945,0.6820551424744355,1,1,18.917251793780885,1,2,15.798939111483937,0.2,776.2152822163143,1.0
12229.570001963913,3,3,10,5,3,404.92900268077346,4,4.305409721823489,0.7461616949731174,0.5942032333473802,0.7930139661402366,1,5,35.2149617617064,1,5,22.91899306310568,0.6666666666666666,5199.47252193732,-1.0
6016.788743640748,9,4,13,5,2,481.14208164935445,1,3.098772434829794,0.5168399137804304,0.5224511137799353,0.3400552405277888,1,3,28.79796799071958,1,4,11.823959050555525,0.4666666666666667,1692.643157286874,1.0
1709.5874757933555,6,3,1,8,3,443.1144638883243,1,4.2378138482523315,0.3237317430568837,0.6660313510173217,0.11666041843148589,0,0,0.0,1,4,23.271628066891324,0.26666666666666666,753.6792147392574,-1.0
3820.166479306623,7,4,3,10,1,547.0348804786645,1,4.048285640686057,0.9173907575248961,0.8140900397713569,0.51478288133287,1,4,20.730373468261377,1,7,11.211517374576673,0.7333333333333333,1110.3051194612735,1.0
9635.072870679061,11,2,8,8,5,543.3999184140373,2,4.887494673029931,0.21852831477646306,0.537299767349064,0.48481229233500656,0,0,0.0,1,3,16.61068062009652,0.2,2596.38889749615,1.0
6889.054120227759,11,3,2,10,1,194.33020013416913,3,4.692686576318164,0.939500749812513,0.8810634796456189,0.8842834318533664,1,2,32.81089242865409,1,6,18.608567788953785,0.5333333333333333,1808.987745387799,1.0
51611.422019545666,6,3,12,18,1,165.57745665224604,1,3.2035234597939124,0.0496159960050222,0.6287461789024575,0.6951403802074372,1,5,31.21518565624862,1,4,23.883974681033347,0.6,12256.65293030488,1.0
5477.171327356018,2,1,3,13,2,459.46470045967226,2,3.347767148707754,0.09439932257561257,0.4512725193573846,0.6841473061243628,1,2,22.425449693153706,1,5,16.75946379652327,0.4666666666666667,1579.4987879423736,1.0
5620.133918514466,7,3,3,17,2,541.0975542672093,1,3.063961836462217,0.443042432544864,0.9786185197081941,0.809206869188864,1,3,20.619802813643798,0,0,0.0,0.2,1940.1428971896796,1.0
14408.351941417437,4,2,7,15,4,251.30395386168166,3,3.5593717145655894,0.939067114980401,0.8551485943655639,0.37991927747361764,1,3,40.588467197482125,1,4,22.977869771501606,0.4666666666666667,7227.659188153525,-1.0
10873.488481490507,2,1,13,14,5,421.52700328587144,2,4.776528312558044,0.4813869019154886,0.5891914570712393,0.8209028864589855,1,2,23.534997290458183,1,1,17.57393935238596,0.2,5372.293609191764,-1.0
1804.276169579788,2,3,5,2,3,492.16089688655416,3,4.9365733030417625,0.45838351271470545,0.4359891076054485,0.7674802586899351,0,0,0.0,1,7,16.26023539916119,0.4666666666666667,794.0429552811178,-1.0
14780.166197095647,3,2,5,16,2,292.5916253231626,3,4.88119703793476,0.9528319968261196,0.5325821453301461,0.6828556765751937,1,3,39.423730765543695,1,7,22.915270936138445,0.6666666666666666,5620.362362622811,-1.0
7868.726006837562,4,1,9,6,3,417.8304984272997,1,3.2718271020961276,0.36288955597687156,0.5552561725773251,0.5954709048741367,1,1,45.23844694211044,1,3,27.001403756785386,0.26666666666666666,2031.350441468411,1.0
18727.0241241737,8,2,8,15,4,328.5204012787465,3,3.1280784261687344,0.0324660192337024,0.6519340991686582,0.2513066498207402,1,1,27.617414083745967,1,2,13.45493079618021,0.2,5154.654408770486,1.0
69047.51795811062,4,3,7,18,1,156.79309706331696,5,4.928484413074336,0.5385558274531159,0.5410861059391887,0.8797346459261023,1,3,41.88558574447661,1,2,22.29869402296644,0.3333333333333333,15911.451540254013,1.0
3417.536383640328,5,4,1,15,1,82.1353462869278,3,3.793742102089555,0.4617919873223596,0.5516202947777057,0.7538837603229138,0,0,0.0,1,2,24.394534854625174,0.13333333333333333,1206.1681721714672,1.0
